customer_id,document_type,age,segment,district,kyc_status,risk_level,signup_date,monthly_income_pen
C000001,DNI,46,mass_market,Lima,verified,medium,2024-09-28,2459.41
C000002,DNI,29,premium,Lima,verified,low,2023-11-08,1458.35
C000003,DNI,36,affluent,Miraflores,verified,high,2023-05-07,2713.62
C000004,PASSPORT,26,affluent,La Molina,verified,low,2024-01-12,3237.53
C000005,DNI,35,mass_market,Miraflores,verified,low,2023-12-11,2479.83
C000006,DNI,46,mass_market,Cusco,verified,low,2023-08-13,2326.79
C000007,DNI,20,mass_market,Cusco,verified,medium,2023-01-17,1227.82
C000008,DNI,40,sme,Miraflores,verified,low,2024-05-11,3588.48
C000009,DNI,47,affluent,Miraflores,pending,medium,2024-04-17,1034.37
C000010,CE,63,affluent,La Molina,verified,low,2023-11-07,3032.35
C000011,DNI,41,mass_market,San Borja,verified,medium,2023-05-17,1108.17
C000012,DNI,70,premium,Callao,pending,medium,2024-04-19,3064.92
C000013,DNI,54,sme,Trujillo,verified,medium,2023-08-05,2970.94
C000014,DNI,54,mass_market,Cusco,verified,low,2023-07-15,3721.34
C000015,DNI,21,mass_market,Callao,verified,low,2023-07-20,4789.86
C000016,DNI,74,mass_market,Miraflores,verified,low,2024-01-01,5303.77
C000017,DNI,71,mass_market,La Molina,verified,low,2024-12-19,1229.64
C000018,DNI,45,mass_market,Surco,verified,low,2024-06-11,2887.04
C000019,DNI,33,mass_market,La Molina,verified,medium,2024-02-04,9009.34
C000020,CE,30,mass_market,Arequipa,verified,low,2024-06-08,3182.76
C000021,CE,25,affluent,Arequipa,verified,medium,2024-08-12,1887.03
C000022,DNI,73,mass_market,Callao,verified,low,2023-08-02,2853.11
C000023,DNI,70,mass_market,Lima,verified,low,2023-12-07,2413.86
C000024,DNI,65,mass_market,Arequipa,verified,low,2023-11-25,1560.79
C000025,DNI,42,mass_market,Arequipa,verified,medium,2023-04-29,4807.86
C000026,DNI,19,affluent,San Borja,verified,low,2024-02-29,4110.89
C000027,DNI,47,mass_market,Surco,verified,medium,2024-11-23,1430.84
C000028,DNI,57,mass_market,San Borja,pending,low,2024-01-08,2831.89
C000029,DNI,20,affluent,Surco,verified,high,2024-10-10,2182.98
C000030,DNI,40,mass_market,Piura,verified,low,2023-06-28,1235.37
C000031,DNI,46,affluent,Trujillo,verified,low,2024-03-07,1369.02
C000032,DNI,58,mass_market,Cusco,verified,low,2024-12-20,1485.82
C000033,DNI,47,mass_market,Arequipa,verified,medium,2024-02-06,2886.68
C000034,CE,28,premium,Cusco,verified,low,2024-01-29,2317.23
C000035,DNI,38,premium,Arequipa,verified,medium,2024-07-19,1758.9
C000036,DNI,44,sme,San Borja,verified,low,2023-03-20,2402.98
C000037,DNI,41,mass_market,Trujillo,verified,low,2024-02-28,4496.9
C000038,DNI,69,mass_market,San Borja,verified,low,2023-04-28,3627.08
C000039,DNI,48,affluent,San Borja,verified,low,2024-01-03,5172.07
C000040,DNI,47,mass_market,Surco,verified,low,2023-04-16,2629.18
C000041,DNI,18,mass_market,Lima,verified,medium,2023-04-15,7196.91
C000042,DNI,18,mass_market,La Molina,verified,high,2023-10-30,3609.93
C000043,DNI,71,mass_market,Callao,verified,low,2024-09-21,2278.1
C000044,DNI,25,sme,Cusco,verified,medium,2023-05-28,3137.32
C000045,DNI,65,mass_market,Piura,verified,low,2023-05-30,1500.51
C000046,DNI,59,affluent,Arequipa,verified,low,2023-09-13,2518.95
C000047,CE,51,mass_market,San Borja,verified,low,2023-03-23,3776.25
C000048,DNI,33,mass_market,Lima,verified,low,2023-01-16,4173.12
C000049,DNI,44,mass_market,San Borja,verified,low,2023-07-12,2378.94
C000050,DNI,21,mass_market,Trujillo,verified,low,2024-12-23,13408.44
C000051,DNI,36,premium,Surco,rejected,low,2023-03-15,2711.58
C000052,DNI,46,affluent,Piura,rejected,medium,2023-10-04,1184.27
C000053,DNI,58,premium,La Molina,verified,low,2023-03-02,5809.77
C000054,DNI,20,sme,Trujillo,verified,medium,2024-06-19,4162.7
C000055,CE,28,affluent,Miraflores,verified,medium,2024-06-18,3386.08
C000056,DNI,25,premium,Piura,verified,low,2023-12-09,2308.36
C000057,DNI,56,mass_market,San Borja,verified,low,2024-01-30,3700.93
C000058,DNI,50,mass_market,Trujillo,pending,low,2023-09-15,7262.35
C000059,DNI,25,mass_market,La Molina,verified,medium,2023-07-17,3330.57
C000060,DNI,42,mass_market,Lima,verified,high,2023-02-22,1328.07
C000061,DNI,41,mass_market,Lima,verified,medium,2024-10-12,446.15
C000062,DNI,43,mass_market,Cusco,verified,low,2023-09-28,3683.09
C000063,DNI,43,sme,La Molina,verified,medium,2023-07-20,1733.24
C000064,DNI,34,mass_market,Lima,verified,low,2024-01-31,2821.88
C000065,DNI,44,mass_market,Trujillo,verified,low,2024-01-13,1910.28
C000066,PASSPORT,46,mass_market,Cusco,verified,low,2024-11-06,1836.29
C000067,DNI,60,mass_market,Lima,verified,medium,2024-08-26,1956.87
C000068,DNI,56,sme,Piura,verified,high,2024-06-18,2056.62
C000069,DNI,26,mass_market,Surco,verified,low,2023-03-29,4568.45
C000070,DNI,31,premium,Miraflores,verified,medium,2024-02-02,4086.74
C000071,DNI,22,affluent,La Molina,verified,medium,2023-07-01,1533.96
C000072,DNI,67,mass_market,Trujillo,verified,low,2023-10-10,1653.33
C000073,DNI,47,mass_market,Arequipa,verified,low,2024-06-16,3672.09
C000074,PASSPORT,73,sme,San Borja,verified,low,2024-07-14,5318.13
C000075,DNI,74,affluent,Trujillo,verified,low,2023-07-09,5273.38
C000076,DNI,72,affluent,Lima,verified,low,2023-07-24,1717.11
C000077,DNI,45,affluent,Trujillo,verified,low,2023-02-13,5136.47
C000078,DNI,62,mass_market,Arequipa,pending,medium,2023-10-27,1122.21
C000079,CE,54,mass_market,San Borja,verified,low,2024-10-01,2666.21
C000080,DNI,25,mass_market,Cusco,verified,low,2024-12-01,3896.62
C000081,DNI,32,sme,Lima,verified,low,2024-11-12,950.19
C000082,DNI,71,affluent,Callao,verified,low,2023-10-06,9424.53
C000083,DNI,45,mass_market,Lima,verified,high,2024-12-13,6183.76
C000084,DNI,53,mass_market,Miraflores,verified,low,2024-01-20,4255.01
C000085,DNI,50,mass_market,Callao,verified,low,2024-09-28,1753.26
C000086,DNI,23,mass_market,Miraflores,verified,medium,2023-11-07,2871.37
C000087,DNI,73,affluent,Arequipa,pending,low,2024-06-11,4604.23
C000088,DNI,68,affluent,La Molina,verified,medium,2023-10-01,1607.66
C000089,DNI,29,sme,San Borja,verified,low,2024-04-26,2699.28
C000090,CE,24,mass_market,Surco,verified,low,2024-03-26,4918.27
C000091,DNI,62,mass_market,Cusco,verified,medium,2024-06-15,1310.25
C000092,DNI,45,affluent,Surco,verified,low,2024-06-14,3578.98
C000093,DNI,24,affluent,Piura,verified,low,2024-06-08,1135.55
C000094,DNI,58,affluent,Piura,verified,low,2023-01-17,1773.81
C000095,DNI,18,affluent,Arequipa,verified,low,2024-12-18,2258.54
C000096,DNI,70,mass_market,La Molina,verified,medium,2023-01-30,3953.89
C000097,CE,41,mass_market,Piura,verified,medium,2024-04-14,2027.51
C000098,DNI,62,mass_market,Lima,verified,low,2023-10-31,3194.07
C000099,DNI,36,mass_market,Trujillo,verified,low,2024-07-08,2042.69
C000100,DNI,70,mass_market,Miraflores,pending,medium,2023-04-03,2226.44
C000101,DNI,49,mass_market,Piura,verified,medium,2024-07-31,5930.5
C000102,DNI,47,affluent,Arequipa,verified,low,2024-09-22,1583.47
C000103,DNI,18,mass_market,Miraflores,verified,medium,2024-08-06,4525.73
C000104,DNI,49,mass_market,Lima,verified,low,2023-06-11,2979.21
C000105,DNI,74,sme,La Molina,verified,low,2023-11-24,2172.09
C000106,DNI,37,mass_market,San Borja,pending,high,2024-12-30,1525.93
C000107,DNI,38,mass_market,Surco,verified,low,2023-09-11,1586.95
C000108,DNI,36,affluent,Lima,verified,low,2024-03-15,1985.74
C000109,DNI,47,mass_market,Cusco,verified,low,2024-07-24,2744.82
C000110,DNI,67,mass_market,Callao,verified,low,2024-06-27,4154.43
C000111,DNI,45,mass_market,Arequipa,verified,low,2023-04-30,2527.2
C000112,DNI,49,mass_market,Surco,verified,medium,2024-05-28,2621.96
C000113,DNI,47,premium,Cusco,verified,low,2024-09-21,2846.39
C000114,DNI,40,sme,San Borja,pending,low,2024-07-02,3874.72
C000115,DNI,44,affluent,Cusco,verified,low,2023-04-07,4249.86
C000116,DNI,54,sme,La Molina,verified,low,2024-01-05,1390.15
C000117,DNI,43,sme,Callao,verified,low,2024-02-21,2552.58
C000118,DNI,20,mass_market,Miraflores,verified,low,2023-09-14,5855.12
C000119,DNI,48,sme,Surco,verified,low,2023-05-08,1445.39
C000120,DNI,19,mass_market,Callao,verified,high,2023-12-25,3105.32
C000121,CE,71,sme,Trujillo,verified,low,2023-06-05,2713.61
C000122,DNI,27,sme,Lima,pending,high,2024-10-18,2182.72
C000123,DNI,55,mass_market,Trujillo,pending,low,2023-02-26,7150.45
C000124,CE,36,mass_market,Lima,pending,medium,2024-08-04,3041.97
C000125,DNI,48,mass_market,La Molina,verified,low,2024-07-09,6844.01
C000126,DNI,46,mass_market,Callao,verified,medium,2024-12-24,2990.2
C000127,DNI,42,sme,San Borja,pending,low,2024-11-17,3839.67
C000128,DNI,49,sme,Piura,rejected,high,2024-10-14,2170.1
C000129,DNI,34,mass_market,Cusco,verified,low,2023-03-17,2183.42
C000130,DNI,68,mass_market,Piura,verified,medium,2023-06-07,3733.65
C000131,DNI,62,mass_market,Callao,verified,medium,2023-03-26,3771.52
C000132,DNI,66,mass_market,Trujillo,verified,low,2023-11-18,4141.83
C000133,DNI,40,mass_market,Piura,verified,low,2023-11-05,3667.16
C000134,DNI,35,mass_market,Arequipa,pending,low,2024-06-13,1429.34
C000135,DNI,28,premium,Piura,pending,medium,2023-10-11,1913.13
C000136,DNI,69,mass_market,Lima,verified,low,2023-02-11,4757.46
C000137,DNI,37,mass_market,Arequipa,verified,low,2023-05-14,1015.2
C000138,CE,30,affluent,Surco,verified,low,2024-09-05,3501.46
C000139,DNI,41,mass_market,Piura,verified,low,2024-10-10,2803.06
C000140,DNI,60,premium,Arequipa,verified,low,2024-02-08,4756.51
C000141,DNI,37,premium,Callao,verified,low,2024-05-07,3748.61
C000142,DNI,68,mass_market,Cusco,verified,low,2023-08-10,2068.98
C000143,DNI,59,mass_market,Surco,pending,low,2023-08-17,2017.99
C000144,DNI,45,mass_market,San Borja,verified,low,2024-03-27,2236.06
C000145,DNI,52,mass_market,San Borja,verified,low,2023-11-02,4101.2
C000146,DNI,38,mass_market,La Molina,pending,low,2023-04-29,840.32
C000147,DNI,23,affluent,Piura,verified,low,2024-09-02,3250.48
C000148,DNI,24,mass_market,Cusco,verified,low,2023-11-20,1834.14
C000149,DNI,46,mass_market,Miraflores,verified,high,2023-06-08,3310.85
C000150,DNI,70,mass_market,Arequipa,verified,low,2023-08-27,3602.83
C000151,DNI,40,sme,Surco,verified,low,2024-01-31,1194.78
C000152,DNI,69,mass_market,Callao,verified,low,2023-11-16,2631.27
C000153,DNI,22,mass_market,Piura,pending,low,2023-07-08,3247.25
C000154,DNI,39,mass_market,Callao,verified,low,2023-11-05,3128.7
C000155,CE,26,premium,Miraflores,verified,medium,2023-09-06,2787.19
C000156,DNI,49,mass_market,La Molina,verified,low,2024-06-21,1523.11
C000157,DNI,71,affluent,Miraflores,verified,low,2024-12-01,1656.16
C000158,DNI,27,affluent,Lima,verified,low,2024-05-20,1396.99
C000159,DNI,63,mass_market,Trujillo,verified,medium,2024-01-29,4042.93
C000160,DNI,60,affluent,Surco,verified,low,2024-10-13,2797.37
C000161,CE,66,mass_market,Trujillo,verified,low,2024-02-10,2897.3
C000162,DNI,45,affluent,Miraflores,verified,low,2023-06-30,1166.75
C000163,DNI,28,affluent,La Molina,verified,low,2023-01-21,2926.37
C000164,DNI,24,mass_market,La Molina,verified,medium,2024-11-05,4223.84
C000165,DNI,47,mass_market,San Borja,pending,low,2024-08-05,1082.46
C000166,DNI,60,sme,Piura,verified,low,2024-08-16,2220.59
C000167,DNI,62,mass_market,San Borja,verified,low,2023-06-04,1256.78
C000168,CE,68,mass_market,Surco,verified,low,2024-07-12,2365.74
C000169,DNI,55,mass_market,Surco,verified,low,2023-07-13,1816.11
C000170,CE,51,affluent,Surco,verified,medium,2023-08-12,3675.7
C000171,DNI,63,affluent,Callao,verified,low,2024-02-03,3271.75
C000172,PASSPORT,45,mass_market,San Borja,verified,low,2023-10-07,6065.23
C000173,DNI,49,mass_market,Callao,verified,low,2023-01-10,2893.6
C000174,DNI,33,mass_market,Trujillo,verified,medium,2024-01-11,3590.94
C000175,DNI,56,affluent,Piura,verified,low,2024-04-16,2193.52
C000176,DNI,18,mass_market,Miraflores,verified,high,2023-06-01,1625.08
C000177,DNI,51,affluent,Arequipa,verified,low,2024-09-07,4717.9
C000178,DNI,58,mass_market,San Borja,verified,low,2023-05-04,5906.39
C000179,DNI,74,premium,Arequipa,verified,low,2024-11-27,4394.51
C000180,DNI,40,mass_market,La Molina,pending,low,2024-07-06,3204.06
C000181,DNI,67,mass_market,San Borja,verified,low,2024-02-28,1744.54
C000182,DNI,70,mass_market,Trujillo,verified,low,2024-06-06,5585.31
C000183,DNI,37,premium,San Borja,verified,low,2024-12-30,4099.95
C000184,DNI,35,sme,Callao,verified,low,2024-05-27,9078.67
C000185,DNI,35,mass_market,Piura,verified,low,2023-06-20,1579.82
C000186,DNI,59,affluent,Miraflores,verified,low,2024-07-18,4790.6
C000187,CE,57,sme,Cusco,verified,medium,2023-05-05,4031.96
C000188,DNI,38,affluent,Miraflores,rejected,low,2023-06-24,2469.78
C000189,DNI,25,mass_market,Miraflores,verified,medium,2024-05-18,6311.38
C000190,DNI,51,mass_market,La Molina,verified,low,2024-01-20,3719.3
C000191,DNI,67,mass_market,Trujillo,verified,low,2024-12-11,1780.61
C000192,DNI,28,sme,Arequipa,verified,high,2024-11-14,2793.12
C000193,DNI,60,sme,Trujillo,verified,low,2024-07-24,1768.93
C000194,DNI,68,affluent,Cusco,verified,low,2023-04-16,2303.8
C000195,DNI,60,mass_market,La Molina,verified,low,2024-09-28,4390.09
C000196,DNI,27,mass_market,Piura,verified,low,2024-06-11,5136.36
C000197,DNI,25,affluent,Miraflores,verified,medium,2023-02-07,3366.63
C000198,DNI,64,sme,Callao,verified,medium,2024-01-30,1973.29
C000199,DNI,25,sme,La Molina,verified,low,2024-04-21,3677.12
C000200,DNI,36,affluent,Surco,verified,low,2024-04-11,4437.6
C000201,DNI,18,affluent,San Borja,verified,medium,2024-12-22,1007.61
C000202,CE,72,mass_market,Trujillo,verified,low,2024-05-19,3178.18
C000203,DNI,69,mass_market,La Molina,verified,low,2023-11-11,2684.89
C000204,CE,20,sme,Surco,verified,low,2023-10-12,5036.88
C000205,CE,70,affluent,Arequipa,verified,low,2024-04-08,3685.38
C000206,DNI,61,mass_market,Cusco,verified,medium,2024-11-10,3890.89
C000207,DNI,49,mass_market,Cusco,verified,low,2023-09-21,2286.89
C000208,DNI,65,affluent,Miraflores,verified,low,2024-09-01,2983.67
C000209,DNI,71,mass_market,Miraflores,verified,low,2024-10-07,5009.18
C000210,DNI,33,mass_market,La Molina,verified,medium,2024-03-04,2876.46
C000211,DNI,47,mass_market,La Molina,verified,low,2023-12-31,3281.54
C000212,DNI,66,affluent,Piura,verified,medium,2023-06-30,1280.78
C000213,DNI,45,affluent,San Borja,verified,medium,2024-10-22,2870.68
C000214,DNI,45,mass_market,Lima,verified,low,2023-09-01,985.75
C000215,DNI,33,affluent,Arequipa,verified,low,2023-11-09,2244.24
C000216,DNI,58,mass_market,Miraflores,verified,low,2023-03-17,3086.93
C000217,DNI,71,mass_market,Lima,verified,low,2023-09-19,4545.38
C000218,DNI,68,affluent,Lima,verified,medium,2023-08-19,1720.66
C000219,DNI,50,affluent,San Borja,pending,low,2024-12-03,3661.13
C000220,DNI,42,sme,Callao,verified,low,2024-01-15,6685.33
C000221,DNI,35,affluent,Callao,verified,low,2024-10-07,2095.59
C000222,CE,43,affluent,Miraflores,verified,medium,2023-11-05,1272.99
C000223,DNI,23,mass_market,Surco,pending,low,2024-01-23,3496.13
C000224,DNI,55,mass_market,San Borja,verified,low,2023-11-21,1547.51
C000225,DNI,61,mass_market,San Borja,verified,low,2024-03-31,1899.89
C000226,DNI,20,mass_market,Trujillo,verified,low,2024-05-26,4953.43
C000227,DNI,60,premium,Lima,verified,low,2023-12-09,8369.04
C000228,DNI,23,mass_market,Trujillo,verified,low,2024-05-30,1719.21
C000229,DNI,31,sme,Lima,verified,low,2024-03-17,1987.08
C000230,DNI,35,affluent,Callao,verified,low,2024-07-02,2340.39
C000231,CE,33,affluent,Miraflores,verified,medium,2024-08-05,2205.49
C000232,DNI,41,mass_market,Arequipa,verified,low,2023-09-19,8632.69
C000233,DNI,30,affluent,Callao,verified,low,2024-04-07,2226.5
C000234,DNI,18,mass_market,San Borja,verified,low,2024-11-20,2408.44
C000235,PASSPORT,55,mass_market,Arequipa,verified,low,2024-08-30,7251.02
C000236,DNI,31,affluent,La Molina,verified,low,2023-08-15,4093.57
C000237,DNI,34,mass_market,Arequipa,verified,high,2024-06-06,5126.84
C000238,DNI,74,mass_market,Arequipa,verified,low,2023-07-08,1811.01
C000239,DNI,30,affluent,Callao,verified,low,2023-07-28,2226.98
C000240,DNI,30,mass_market,San Borja,verified,low,2023-01-13,1682.7
C000241,DNI,26,premium,Arequipa,verified,low,2023-06-11,4631.77
C000242,DNI,23,premium,Callao,verified,low,2024-07-25,5848.17
C000243,DNI,23,sme,Callao,verified,medium,2024-05-07,2143.35
C000244,DNI,74,mass_market,Arequipa,verified,low,2024-03-10,2439.79
C000245,DNI,47,mass_market,Lima,verified,low,2023-01-05,2499.21
C000246,DNI,54,premium,San Borja,verified,high,2023-07-21,1272.87
C000247,DNI,74,mass_market,Cusco,verified,low,2024-02-20,2057.81
C000248,DNI,70,premium,Arequipa,verified,low,2023-01-12,4561.0
C000249,DNI,63,premium,Trujillo,verified,low,2024-02-01,1841.84
C000250,DNI,31,sme,Trujillo,verified,low,2023-12-07,3137.37
C000251,DNI,21,mass_market,La Molina,pending,low,2024-01-08,1451.84
C000252,DNI,51,mass_market,San Borja,pending,medium,2024-01-13,2753.97
C000253,DNI,19,sme,Callao,verified,medium,2023-08-13,2186.75
C000254,DNI,34,mass_market,Piura,verified,medium,2023-07-01,1522.46
C000255,DNI,59,mass_market,Miraflores,verified,low,2023-10-24,4604.15
C000256,DNI,31,affluent,Surco,verified,medium,2023-11-03,4748.79
C000257,DNI,68,premium,Piura,verified,low,2024-03-06,1748.92
C000258,DNI,34,affluent,San Borja,verified,low,2024-11-20,2646.78
C000259,DNI,71,affluent,San Borja,verified,low,2023-04-28,3054.51
C000260,DNI,47,mass_market,Arequipa,verified,low,2023-12-18,1098.7
C000261,PASSPORT,60,affluent,Arequipa,verified,high,2024-08-10,1382.43
C000262,DNI,46,premium,Piura,verified,low,2023-02-15,6047.84
C000263,DNI,24,mass_market,Callao,verified,medium,2023-08-15,1659.35
C000264,DNI,26,mass_market,La Molina,verified,low,2023-12-22,5955.08
C000265,DNI,63,sme,Arequipa,verified,low,2023-10-21,1422.29
C000266,DNI,40,affluent,Surco,verified,low,2023-08-28,4282.77
C000267,DNI,53,affluent,Surco,verified,low,2023-12-14,2511.87
C000268,DNI,31,affluent,La Molina,verified,medium,2023-05-21,2713.73
C000269,DNI,37,mass_market,Lima,verified,low,2023-07-23,8273.1
C000270,DNI,73,mass_market,Lima,verified,high,2024-10-23,1495.47
C000271,DNI,69,sme,San Borja,verified,low,2024-10-03,4134.57
C000272,DNI,34,sme,Arequipa,verified,low,2023-09-26,4041.69
C000273,DNI,49,sme,Trujillo,verified,low,2023-11-09,18864.09
C000274,DNI,42,sme,Piura,verified,medium,2024-02-22,1648.43
C000275,DNI,68,mass_market,Cusco,pending,low,2023-05-17,2112.67
C000276,DNI,47,mass_market,La Molina,verified,low,2024-09-19,4669.27
C000277,DNI,66,affluent,San Borja,verified,low,2023-12-17,2670.06
C000278,DNI,74,affluent,Trujillo,verified,low,2023-06-10,2310.74
C000279,DNI,44,affluent,Arequipa,rejected,low,2024-10-28,5047.41
C000280,DNI,44,affluent,Trujillo,verified,low,2023-06-22,2574.44
C000281,CE,63,sme,Trujillo,verified,low,2023-05-10,1825.26
C000282,DNI,48,mass_market,La Molina,verified,low,2023-03-20,4444.47
C000283,CE,62,mass_market,San Borja,pending,low,2024-07-22,3664.36
C000284,DNI,43,mass_market,Callao,verified,low,2023-02-26,2509.74
C000285,DNI,31,affluent,Surco,verified,low,2024-02-04,2445.08
C000286,CE,65,mass_market,Piura,verified,low,2023-12-29,1802.27
C000287,DNI,38,mass_market,San Borja,verified,low,2023-12-01,4441.75
C000288,DNI,45,mass_market,Cusco,verified,low,2023-05-14,2445.34
C000289,DNI,32,mass_market,Trujillo,verified,low,2023-01-14,1951.95
C000290,DNI,47,affluent,Callao,verified,low,2023-10-10,1469.89
C000291,DNI,42,mass_market,La Molina,verified,low,2024-10-20,3698.51
C000292,DNI,68,mass_market,Miraflores,pending,low,2024-02-25,2253.59
C000293,DNI,71,sme,Piura,verified,low,2023-05-07,985.38
C000294,DNI,28,mass_market,Piura,verified,medium,2023-08-06,1537.94
C000295,DNI,61,mass_market,Surco,verified,low,2024-11-10,2621.55
C000296,DNI,28,mass_market,Miraflores,verified,low,2024-10-16,2662.32
C000297,PASSPORT,45,affluent,Arequipa,pending,low,2024-05-03,2607.25
C000298,DNI,72,mass_market,Miraflores,pending,low,2023-09-17,2415.07
C000299,DNI,22,affluent,Trujillo,verified,low,2023-08-06,1323.82
C000300,DNI,45,mass_market,Trujillo,pending,medium,2024-10-19,1842.72
C000301,DNI,25,mass_market,Trujillo,verified,low,2024-05-03,5716.3
C000302,DNI,43,mass_market,Trujillo,verified,high,2024-03-18,5270.74
C000303,CE,23,mass_market,San Borja,verified,low,2023-04-09,4096.44
C000304,DNI,49,affluent,Piura,verified,medium,2023-07-01,3901.93
C000305,DNI,65,affluent,Miraflores,verified,low,2023-06-18,4903.06
C000306,CE,49,premium,Piura,verified,low,2023-08-21,1609.31
C000307,CE,29,mass_market,Cusco,pending,low,2023-04-03,3035.44
C000308,DNI,23,mass_market,Miraflores,verified,low,2024-09-20,1609.78
C000309,DNI,30,affluent,San Borja,verified,medium,2024-04-16,1625.22
C000310,DNI,56,mass_market,Cusco,verified,low,2024-05-30,3649.83
C000311,DNI,57,mass_market,Piura,verified,low,2023-03-26,5017.63
C000312,DNI,61,mass_market,Cusco,pending,low,2024-11-09,2679.49
C000313,DNI,51,mass_market,Surco,pending,low,2024-06-02,7383.11
C000314,DNI,40,premium,Cusco,verified,medium,2024-01-16,3349.22
C000315,DNI,58,sme,Miraflores,verified,low,2024-02-11,1944.52
C000316,DNI,62,affluent,Trujillo,verified,low,2023-08-20,1639.75
C000317,CE,34,mass_market,Trujillo,verified,low,2023-09-08,5218.54
C000318,DNI,62,mass_market,Arequipa,verified,low,2023-03-26,3199.19
C000319,DNI,65,mass_market,Piura,verified,medium,2023-11-15,4323.52
C000320,DNI,18,mass_market,Surco,verified,medium,2023-07-12,690.99
C000321,DNI,24,mass_market,Miraflores,verified,low,2024-09-26,3410.35
C000322,CE,30,affluent,Miraflores,verified,low,2024-08-23,2249.64
C000323,DNI,31,affluent,La Molina,verified,medium,2024-08-29,1384.97
C000324,DNI,70,mass_market,Lima,verified,low,2023-10-27,2879.94
C000325,CE,34,premium,Piura,verified,low,2023-12-24,5434.36
C000326,CE,47,affluent,Miraflores,verified,low,2024-07-10,10367.44
C000327,DNI,65,affluent,Callao,verified,low,2024-03-28,3405.63
C000328,DNI,64,affluent,Miraflores,verified,low,2024-07-16,2018.22
C000329,DNI,66,mass_market,La Molina,verified,high,2024-05-20,1952.32
C000330,DNI,51,mass_market,Cusco,verified,low,2023-03-06,5063.04
C000331,PASSPORT,44,mass_market,San Borja,verified,low,2024-07-19,1722.82
C000332,DNI,42,affluent,San Borja,verified,low,2023-08-10,4197.88
C000333,DNI,61,mass_market,Callao,verified,low,2024-04-10,3503.52
C000334,DNI,52,mass_market,Callao,verified,low,2023-03-13,3296.79
C000335,DNI,26,mass_market,Arequipa,verified,low,2024-04-18,1258.32
C000336,DNI,23,mass_market,San Borja,verified,low,2024-11-10,2449.58
C000337,DNI,43,sme,Cusco,verified,medium,2024-11-28,1336.77
C000338,DNI,55,affluent,San Borja,pending,low,2024-10-16,2156.98
C000339,CE,56,mass_market,Lima,verified,low,2023-01-19,4936.57
C000340,DNI,44,mass_market,Piura,verified,low,2024-06-05,5866.9
C000341,DNI,57,mass_market,San Borja,pending,low,2024-11-13,3353.2
C000342,DNI,48,mass_market,Trujillo,verified,high,2024-02-19,2178.33
C000343,DNI,20,mass_market,Arequipa,verified,low,2023-12-30,7139.9
C000344,DNI,41,mass_market,La Molina,verified,low,2024-06-11,2162.51
C000345,DNI,32,mass_market,Callao,verified,low,2023-03-21,1596.19
C000346,DNI,71,affluent,Lima,verified,low,2023-07-09,4372.39
C000347,DNI,23,affluent,Callao,verified,low,2023-05-28,3834.34
C000348,DNI,28,mass_market,Arequipa,verified,medium,2024-11-05,2211.85
C000349,DNI,47,mass_market,Miraflores,verified,low,2024-03-18,3149.89
C000350,DNI,52,affluent,Lima,verified,low,2023-09-22,3801.64
C000351,DNI,65,mass_market,Surco,verified,high,2024-10-11,3334.32
C000352,DNI,55,sme,Lima,verified,low,2024-05-23,3836.89
C000353,DNI,60,affluent,Arequipa,verified,low,2023-10-28,2257.15
C000354,DNI,57,mass_market,La Molina,verified,low,2024-04-10,3981.58
C000355,DNI,46,mass_market,Lima,verified,medium,2023-12-31,3009.88
C000356,DNI,40,affluent,Arequipa,verified,low,2024-02-03,2299.63
C000357,DNI,59,mass_market,Cusco,verified,low,2024-05-07,2603.89
C000358,DNI,59,affluent,Piura,verified,low,2024-06-25,2824.69
C000359,DNI,72,premium,San Borja,verified,low,2024-04-24,1346.2
C000360,DNI,20,affluent,Cusco,verified,low,2023-06-17,2100.3
C000361,DNI,43,mass_market,Arequipa,verified,low,2024-08-25,3089.29
C000362,DNI,31,affluent,Trujillo,verified,low,2023-04-01,1417.93
C000363,DNI,36,mass_market,Miraflores,verified,low,2024-12-23,2119.73
C000364,DNI,38,mass_market,San Borja,verified,medium,2023-10-27,11065.14
C000365,DNI,38,premium,Trujillo,verified,low,2023-06-23,1601.84
C000366,CE,26,mass_market,La Molina,verified,low,2024-10-07,2413.67
C000367,DNI,30,premium,Callao,pending,low,2024-01-08,1884.57
C000368,DNI,58,sme,Surco,verified,low,2023-01-24,2795.37
C000369,DNI,70,mass_market,San Borja,verified,low,2023-07-20,1904.16
C000370,DNI,61,mass_market,Cusco,verified,low,2023-01-07,2607.68
C000371,DNI,63,mass_market,Miraflores,verified,low,2023-01-06,2007.81
C000372,DNI,54,mass_market,Trujillo,verified,low,2024-09-21,5325.81
C000373,DNI,55,mass_market,Arequipa,verified,low,2023-06-10,3117.85
C000374,DNI,62,affluent,San Borja,verified,low,2024-08-19,1717.05
C000375,DNI,62,mass_market,Callao,verified,low,2023-09-05,4733.58
C000376,CE,41,mass_market,Arequipa,verified,low,2023-06-15,1759.8
C000377,DNI,55,sme,Trujillo,verified,low,2024-03-03,1261.12
C000378,PASSPORT,63,mass_market,Miraflores,verified,medium,2023-05-25,2975.97
C000379,DNI,28,sme,Lima,verified,medium,2024-05-25,8509.98
C000380,DNI,46,mass_market,Callao,verified,low,2024-06-26,1090.93
C000381,CE,62,mass_market,Arequipa,verified,low,2024-05-23,1433.62
C000382,DNI,61,affluent,Callao,verified,low,2023-08-08,4509.26
C000383,DNI,65,affluent,La Molina,rejected,low,2024-10-06,2093.77
C000384,DNI,55,sme,Arequipa,verified,high,2024-07-29,4173.76
C000385,DNI,58,affluent,San Borja,verified,low,2023-03-17,1880.67
C000386,CE,34,sme,Lima,verified,low,2024-10-04,3223.04
C000387,DNI,69,mass_market,Lima,verified,medium,2023-11-15,7781.16
C000388,DNI,65,mass_market,Surco,pending,low,2023-02-07,1545.3
C000389,DNI,43,affluent,Callao,rejected,low,2024-07-19,5234.72
C000390,DNI,43,sme,Cusco,verified,low,2024-10-03,4332.23
C000391,DNI,29,premium,Lima,verified,low,2024-12-30,1314.11
C000392,DNI,35,mass_market,Lima,verified,low,2024-05-28,4053.74
C000393,DNI,26,mass_market,La Molina,verified,medium,2023-09-03,3102.75
C000394,DNI,20,affluent,Piura,verified,low,2023-05-20,3134.11
C000395,DNI,27,mass_market,La Molina,verified,low,2023-09-15,3587.05
C000396,DNI,60,premium,La Molina,verified,medium,2024-09-08,2458.48
C000397,DNI,19,sme,Piura,verified,low,2024-01-16,3098.13
C000398,DNI,25,mass_market,Callao,pending,low,2024-04-22,3404.31
C000399,DNI,69,affluent,Arequipa,verified,low,2023-07-04,4493.25
C000400,DNI,60,affluent,Miraflores,verified,low,2023-10-30,1286.99
C000401,DNI,35,mass_market,Cusco,verified,low,2024-05-08,6063.17
C000402,DNI,69,sme,Lima,verified,medium,2023-06-13,1579.07
C000403,DNI,56,mass_market,Surco,verified,low,2024-10-05,4531.9
C000404,DNI,48,sme,Cusco,verified,low,2023-07-22,3114.1
C000405,DNI,31,mass_market,Arequipa,verified,low,2024-02-12,1473.45
C000406,DNI,56,sme,Piura,verified,high,2023-07-29,3985.75
C000407,DNI,50,mass_market,Cusco,verified,low,2023-04-11,1772.29
C000408,PASSPORT,46,mass_market,Lima,verified,medium,2024-03-21,5366.0
C000409,DNI,61,sme,Cusco,verified,low,2024-07-14,2016.34
C000410,DNI,50,mass_market,Miraflores,verified,medium,2024-01-03,1309.97
C000411,DNI,52,mass_market,Piura,verified,medium,2023-08-27,6930.0
C000412,DNI,19,premium,Cusco,verified,low,2024-12-27,3293.57
C000413,DNI,52,premium,Lima,verified,low,2023-10-18,4802.8
C000414,DNI,49,affluent,Lima,verified,low,2024-01-07,1866.26
C000415,DNI,53,affluent,Cusco,verified,low,2024-03-06,1053.11
C000416,DNI,63,mass_market,Callao,verified,low,2023-10-07,7490.28
C000417,DNI,72,mass_market,Surco,verified,medium,2024-04-11,2970.44
C000418,DNI,67,mass_market,Trujillo,verified,low,2023-11-12,3905.9
C000419,DNI,40,affluent,La Molina,verified,low,2023-03-18,4277.52
C000420,DNI,22,affluent,Piura,verified,low,2023-05-31,2478.81
C000421,DNI,64,affluent,Trujillo,verified,low,2024-01-31,3375.93
C000422,DNI,33,affluent,Arequipa,verified,low,2024-05-10,7162.93
C000423,DNI,57,mass_market,Arequipa,verified,low,2023-10-24,2928.24
C000424,DNI,41,mass_market,Lima,verified,medium,2024-10-30,5004.81
C000425,CE,70,mass_market,Arequipa,verified,low,2024-12-10,997.06
C000426,DNI,57,mass_market,Callao,pending,low,2024-02-11,5530.69
C000427,DNI,45,mass_market,Surco,verified,low,2023-10-14,1290.65
C000428,DNI,42,sme,Arequipa,verified,medium,2024-05-07,5193.56
C000429,DNI,24,mass_market,Miraflores,verified,low,2024-06-19,3695.41
C000430,DNI,55,mass_market,Surco,pending,low,2024-03-31,2827.77
C000431,DNI,24,mass_market,Callao,rejected,low,2024-05-06,2822.07
C000432,DNI,72,affluent,Trujillo,verified,low,2023-01-09,2594.11
C000433,DNI,68,affluent,Surco,verified,low,2023-05-12,1898.14
C000434,DNI,39,mass_market,Surco,pending,medium,2023-03-18,2661.68
C000435,PASSPORT,39,mass_market,Trujillo,verified,low,2023-05-11,10041.01
C000436,DNI,44,affluent,Callao,verified,low,2024-02-16,6101.37
C000437,DNI,74,mass_market,Arequipa,verified,low,2023-03-31,1846.32
C000438,DNI,50,sme,Lima,verified,low,2024-05-12,3453.79
C000439,DNI,62,affluent,Piura,verified,low,2024-09-20,3142.55
C000440,DNI,49,mass_market,Trujillo,verified,medium,2024-09-13,2756.56
C000441,DNI,56,mass_market,Trujillo,verified,low,2023-12-20,1717.24
C000442,DNI,49,premium,Trujillo,verified,low,2023-09-28,3809.46
C000443,DNI,18,mass_market,Trujillo,verified,low,2024-01-27,4747.34
C000444,DNI,27,mass_market,Piura,verified,medium,2024-03-07,1884.38
C000445,DNI,62,sme,Piura,verified,low,2024-04-16,8738.97
C000446,DNI,21,premium,Arequipa,verified,low,2023-11-04,6885.01
C000447,DNI,46,premium,Cusco,verified,low,2024-05-22,4029.88
C000448,CE,24,affluent,Cusco,verified,high,2023-02-24,1514.07
C000449,DNI,55,mass_market,San Borja,verified,low,2023-02-06,3717.38
C000450,DNI,23,mass_market,Trujillo,verified,low,2023-02-24,3481.05
C000451,CE,70,affluent,Trujillo,verified,medium,2024-06-07,3953.02
C000452,DNI,28,affluent,Surco,verified,low,2024-04-07,7149.2
C000453,CE,72,mass_market,Cusco,verified,low,2024-11-27,2705.97
C000454,DNI,26,sme,Arequipa,verified,low,2024-04-22,9193.98
C000455,DNI,47,mass_market,Lima,verified,low,2024-12-16,3727.81
C000456,DNI,39,mass_market,San Borja,verified,low,2023-07-30,2540.83
C000457,DNI,56,mass_market,San Borja,verified,high,2023-08-14,11155.16
C000458,DNI,26,mass_market,Arequipa,verified,low,2023-01-07,4705.28
C000459,DNI,72,mass_market,Lima,verified,medium,2024-06-23,2321.33
C000460,DNI,55,mass_market,Surco,verified,low,2023-07-31,3122.28
C000461,DNI,68,mass_market,Piura,verified,low,2023-07-08,4227.55
C000462,DNI,63,affluent,La Molina,verified,low,2023-03-16,2743.6
C000463,DNI,50,affluent,Cusco,verified,low,2023-04-24,3208.79
C000464,DNI,43,affluent,Trujillo,verified,low,2024-11-09,1901.77
C000465,CE,33,premium,Arequipa,verified,low,2024-09-09,1179.85
C000466,DNI,26,mass_market,Cusco,verified,low,2023-05-31,3160.64
C000467,DNI,40,mass_market,Trujillo,verified,low,2024-03-11,3219.61
C000468,DNI,32,sme,La Molina,verified,high,2023-03-25,3983.5
C000469,DNI,36,mass_market,La Molina,verified,low,2023-07-31,2171.33
C000470,DNI,59,premium,Piura,pending,low,2024-04-05,1426.09
C000471,DNI,33,mass_market,Callao,verified,low,2023-06-26,1752.98
C000472,DNI,42,premium,La Molina,verified,low,2023-11-08,5327.29
C000473,DNI,52,mass_market,Cusco,verified,low,2024-11-24,2065.99
C000474,DNI,68,sme,Miraflores,verified,low,2023-06-08,2337.54
C000475,DNI,30,mass_market,Miraflores,verified,low,2024-12-01,2510.34
C000476,DNI,63,premium,Trujillo,verified,low,2023-07-05,2120.48
C000477,DNI,24,mass_market,Trujillo,verified,medium,2024-04-15,2035.98
C000478,DNI,51,affluent,Callao,verified,low,2023-11-05,1846.19
C000479,DNI,31,premium,Miraflores,verified,low,2023-09-03,6440.5
C000480,DNI,40,mass_market,Trujillo,verified,low,2024-01-19,4333.17
C000481,DNI,40,affluent,La Molina,verified,low,2023-02-11,5921.24
C000482,DNI,34,affluent,Trujillo,verified,medium,2023-10-12,6615.28
C000483,DNI,30,mass_market,San Borja,verified,low,2023-10-27,818.58
C000484,DNI,44,affluent,Callao,verified,low,2024-03-11,3600.76
C000485,DNI,19,affluent,Arequipa,verified,low,2024-01-04,2159.43
C000486,DNI,54,sme,Lima,pending,medium,2024-04-30,5509.59
C000487,DNI,47,mass_market,Surco,rejected,low,2024-03-11,1982.65
C000488,DNI,21,mass_market,Lima,verified,medium,2024-03-03,1669.4
C000489,DNI,47,premium,Lima,verified,low,2023-06-30,1354.62
C000490,DNI,20,sme,Piura,verified,low,2024-11-24,2523.82
C000491,DNI,31,mass_market,Arequipa,verified,medium,2023-12-06,4930.62
C000492,DNI,28,affluent,Trujillo,verified,low,2024-05-05,3431.98
C000493,DNI,57,mass_market,Piura,verified,low,2024-05-09,1538.47
C000494,DNI,40,mass_market,Lima,verified,low,2024-12-30,9739.67
C000495,DNI,58,mass_market,San Borja,verified,low,2023-06-12,4260.95
C000496,DNI,65,mass_market,Surco,verified,low,2024-07-11,4571.4
C000497,DNI,49,affluent,Lima,verified,low,2024-03-31,6043.66
C000498,DNI,20,mass_market,Miraflores,verified,low,2023-04-02,1209.4
C000499,DNI,59,premium,Arequipa,verified,low,2023-04-15,1805.71
C000500,DNI,18,premium,Arequipa,verified,low,2024-12-19,4687.51
C000501,DNI,26,affluent,Arequipa,verified,low,2024-03-14,1908.54
C000502,CE,65,mass_market,Callao,verified,low,2024-05-12,2562.51
C000503,DNI,26,mass_market,Callao,verified,medium,2023-11-24,2856.19
C000504,DNI,29,sme,La Molina,verified,medium,2024-10-12,1476.5
C000505,DNI,18,affluent,Cusco,verified,high,2024-06-24,2444.39
C000506,DNI,33,mass_market,Surco,verified,low,2024-05-23,4929.42
C000507,DNI,47,sme,Piura,verified,low,2023-09-08,4452.4
C000508,DNI,25,sme,Trujillo,verified,low,2023-07-10,5498.1
C000509,DNI,63,premium,Lima,verified,low,2023-02-16,5194.9
C000510,DNI,63,affluent,Cusco,verified,low,2023-09-08,3726.52
C000511,DNI,27,affluent,Trujillo,verified,low,2023-03-05,3567.69
C000512,DNI,50,mass_market,Piura,pending,low,2023-11-16,3426.63
C000513,DNI,55,premium,Cusco,verified,low,2024-06-07,2111.44
C000514,DNI,58,sme,Trujillo,verified,low,2023-10-19,1691.77
C000515,DNI,68,mass_market,San Borja,verified,medium,2023-01-29,2040.03
C000516,DNI,39,mass_market,Callao,verified,low,2024-10-12,2491.61
C000517,DNI,33,mass_market,Piura,verified,low,2024-03-12,2078.28
C000518,DNI,36,sme,Surco,verified,low,2024-08-19,3742.87
C000519,DNI,28,premium,Miraflores,pending,medium,2024-08-08,3331.05
C000520,DNI,70,mass_market,San Borja,verified,low,2023-02-16,3533.8
C000521,DNI,28,affluent,Callao,verified,low,2024-02-21,3616.55
C000522,DNI,31,mass_market,Arequipa,verified,low,2024-08-15,5753.8
C000523,DNI,56,premium,Callao,verified,low,2024-03-26,2966.94
C000524,DNI,43,sme,Cusco,verified,low,2024-09-24,5190.59
C000525,CE,61,sme,La Molina,verified,low,2024-07-08,3960.49
C000526,DNI,37,mass_market,San Borja,verified,low,2024-10-19,5548.59
C000527,DNI,37,mass_market,Arequipa,verified,low,2023-03-15,7244.85
C000528,DNI,72,mass_market,Cusco,verified,low,2023-02-22,4093.51
C000529,DNI,22,mass_market,Piura,verified,low,2023-08-21,3156.04
C000530,DNI,18,sme,Surco,verified,low,2023-07-19,3144.84
C000531,DNI,28,sme,Callao,pending,low,2024-11-04,2301.71
C000532,DNI,64,premium,Piura,verified,low,2024-07-02,2259.56
C000533,DNI,27,premium,Arequipa,verified,low,2023-04-07,4895.95
C000534,DNI,64,affluent,Cusco,verified,low,2023-02-18,1754.57
C000535,DNI,45,affluent,La Molina,verified,medium,2024-06-05,7245.42
C000536,DNI,62,premium,Callao,verified,medium,2023-02-09,2742.3
C000537,DNI,64,sme,Surco,pending,low,2023-06-02,14387.9
C000538,DNI,51,mass_market,La Molina,verified,low,2023-04-16,2036.09
C000539,DNI,71,mass_market,Trujillo,verified,low,2024-07-06,3420.71
C000540,PASSPORT,30,mass_market,Cusco,verified,medium,2024-11-06,2456.48
C000541,DNI,61,premium,Piura,verified,low,2023-07-30,1927.16
C000542,DNI,42,affluent,Callao,verified,low,2023-07-21,5351.28
C000543,DNI,40,mass_market,Callao,verified,low,2024-03-08,1622.86
C000544,DNI,53,affluent,Arequipa,pending,low,2024-12-07,2055.26
C000545,DNI,29,affluent,Surco,verified,low,2024-07-18,4115.34
C000546,DNI,64,mass_market,Miraflores,verified,low,2023-05-27,4490.54
C000547,PASSPORT,62,mass_market,Trujillo,verified,low,2024-05-13,1386.4
C000548,DNI,19,affluent,La Molina,verified,medium,2023-10-09,4104.84
C000549,DNI,37,mass_market,San Borja,verified,low,2023-11-06,3199.96
C000550,DNI,33,affluent,San Borja,verified,low,2023-02-20,1799.48
C000551,DNI,31,mass_market,Callao,verified,medium,2024-05-09,1931.62
C000552,DNI,70,sme,Arequipa,verified,low,2024-02-13,974.19
C000553,CE,19,affluent,Lima,verified,medium,2024-09-17,7666.34
C000554,DNI,66,affluent,Callao,verified,low,2023-09-30,5210.76
C000555,DNI,33,sme,San Borja,verified,low,2024-04-02,1466.99
C000556,DNI,21,mass_market,San Borja,verified,low,2023-04-30,4625.78
C000557,DNI,60,mass_market,Trujillo,verified,low,2024-12-01,2173.92
C000558,DNI,30,mass_market,Piura,verified,low,2023-02-15,4930.25
C000559,DNI,55,affluent,Lima,verified,low,2023-08-31,2269.15
C000560,DNI,66,affluent,Callao,verified,low,2023-11-07,2440.98
C000561,DNI,18,affluent,Trujillo,verified,low,2024-07-15,2543.79
C000562,DNI,26,mass_market,Arequipa,verified,low,2023-11-27,2076.53
C000563,DNI,38,mass_market,Trujillo,verified,low,2023-01-11,6435.59
C000564,DNI,35,mass_market,Callao,verified,medium,2024-02-28,4886.3
C000565,DNI,60,mass_market,Cusco,verified,low,2023-02-17,3166.78
C000566,DNI,49,affluent,Miraflores,verified,medium,2024-01-12,5237.04
C000567,DNI,63,mass_market,Callao,verified,low,2024-07-21,1218.18
C000568,DNI,51,mass_market,Surco,rejected,medium,2023-01-08,1516.78
C000569,DNI,37,sme,San Borja,verified,low,2024-06-09,3869.98
C000570,DNI,60,mass_market,Lima,verified,low,2024-12-27,4467.33
C000571,DNI,19,mass_market,Lima,verified,low,2024-01-05,3476.13
C000572,DNI,21,affluent,Piura,rejected,low,2024-03-15,1058.4
C000573,DNI,62,mass_market,Miraflores,verified,low,2024-07-19,1661.9
C000574,DNI,55,affluent,Surco,verified,low,2024-04-28,3748.55
C000575,DNI,24,sme,San Borja,verified,low,2023-09-30,11322.64
C000576,DNI,39,premium,Lima,verified,low,2023-05-11,5824.64
C000577,DNI,37,mass_market,Surco,verified,low,2024-06-04,7097.64
C000578,DNI,52,premium,Trujillo,verified,low,2024-12-24,3593.38
C000579,DNI,21,mass_market,Piura,verified,low,2024-09-25,3579.11
C000580,DNI,70,mass_market,Callao,pending,high,2023-04-24,1688.48
C000581,DNI,37,mass_market,Callao,verified,low,2024-06-15,5031.64
C000582,DNI,52,premium,Cusco,verified,low,2024-05-13,2863.36
C000583,DNI,50,mass_market,San Borja,verified,low,2023-12-05,4363.38
C000584,DNI,68,mass_market,Surco,verified,low,2023-01-21,3031.7
C000585,DNI,38,affluent,La Molina,verified,low,2024-12-20,3475.57
C000586,DNI,62,mass_market,Lima,verified,low,2023-02-02,2840.54
C000587,DNI,31,mass_market,Arequipa,verified,medium,2023-05-13,3372.95
C000588,DNI,48,mass_market,Arequipa,verified,low,2024-12-03,5166.97
C000589,DNI,39,mass_market,Callao,verified,low,2023-01-26,1485.6
C000590,DNI,65,mass_market,La Molina,verified,low,2023-12-30,1311.46
C000591,DNI,47,mass_market,Arequipa,verified,low,2024-08-23,3767.72
C000592,DNI,46,affluent,Miraflores,verified,low,2023-04-02,6583.46
C000593,DNI,53,mass_market,Miraflores,verified,low,2024-06-28,7562.9
C000594,DNI,66,mass_market,San Borja,verified,low,2023-08-26,1520.17
C000595,DNI,59,sme,La Molina,verified,low,2023-01-18,2388.5
C000596,DNI,46,mass_market,Miraflores,verified,low,2023-10-01,1321.38
C000597,DNI,24,affluent,Miraflores,verified,high,2023-10-16,2202.09
C000598,DNI,49,mass_market,Callao,verified,low,2023-01-27,5527.92
C000599,DNI,30,mass_market,Arequipa,verified,low,2024-03-09,2959.9
C000600,DNI,74,mass_market,San Borja,verified,low,2023-04-18,2426.9
C000601,DNI,30,mass_market,Surco,verified,low,2023-11-20,4023.06
C000602,CE,71,mass_market,Trujillo,verified,medium,2024-06-14,1925.08
C000603,DNI,31,mass_market,Lima,verified,medium,2023-04-14,7159.09
C000604,DNI,23,mass_market,Lima,verified,low,2023-11-28,2992.93
C000605,DNI,33,mass_market,Piura,verified,low,2023-12-28,2389.92
C000606,DNI,58,mass_market,Trujillo,verified,low,2023-10-16,4116.54
C000607,DNI,69,mass_market,Trujillo,verified,low,2024-03-19,4997.07
C000608,DNI,65,mass_market,Lima,verified,low,2023-02-06,7170.9
C000609,DNI,38,mass_market,Lima,verified,medium,2023-12-14,2655.84
C000610,DNI,70,affluent,Surco,verified,low,2023-02-12,5417.18
C000611,DNI,61,mass_market,La Molina,verified,low,2023-05-06,3151.6
C000612,CE,33,affluent,La Molina,verified,medium,2023-01-09,2129.71
C000613,DNI,22,affluent,Surco,pending,high,2024-06-09,1944.49
C000614,DNI,41,mass_market,Arequipa,verified,low,2023-05-11,1630.53
C000615,CE,60,sme,Trujillo,verified,medium,2023-11-21,1982.41
C000616,DNI,18,premium,Cusco,verified,medium,2023-07-03,5506.25
C000617,DNI,27,mass_market,Trujillo,verified,medium,2023-10-09,4397.06
C000618,DNI,60,mass_market,Piura,pending,high,2023-02-22,1506.18
C000619,DNI,64,sme,Lima,verified,low,2024-07-06,1140.8
C000620,CE,52,affluent,Trujillo,verified,low,2024-06-16,1616.86
C000621,DNI,48,mass_market,Lima,verified,medium,2024-01-12,1944.57
C000622,DNI,73,mass_market,Trujillo,pending,low,2023-10-22,2523.0
C000623,DNI,32,mass_market,Piura,verified,low,2023-07-27,5682.09
C000624,DNI,28,mass_market,Arequipa,verified,low,2024-10-24,2205.6
C000625,DNI,26,affluent,Cusco,verified,medium,2024-04-21,7512.13
C000626,DNI,19,mass_market,Miraflores,verified,low,2023-03-10,1183.1
C000627,DNI,61,mass_market,Surco,verified,low,2024-03-12,2460.83
C000628,DNI,69,affluent,Surco,verified,low,2023-10-28,4591.91
C000629,DNI,47,mass_market,Cusco,verified,low,2023-01-27,4750.3
C000630,DNI,33,mass_market,Trujillo,verified,low,2024-09-19,2478.37
C000631,DNI,73,affluent,Miraflores,verified,low,2024-10-15,5171.74
C000632,DNI,65,sme,Piura,verified,low,2024-07-06,4659.71
C000633,DNI,70,mass_market,La Molina,verified,medium,2023-04-16,2048.45
C000634,DNI,18,mass_market,Trujillo,verified,low,2024-08-08,3544.71
C000635,DNI,65,mass_market,Arequipa,verified,medium,2024-07-25,4389.57
C000636,DNI,23,mass_market,Lima,verified,low,2024-09-25,2130.7
C000637,DNI,63,mass_market,San Borja,verified,high,2024-12-15,7569.48
C000638,DNI,74,mass_market,Trujillo,verified,low,2023-01-11,1882.87
C000639,DNI,74,mass_market,San Borja,verified,low,2024-10-20,3226.82
C000640,DNI,28,mass_market,Trujillo,verified,low,2023-08-04,1499.1
C000641,DNI,50,mass_market,Cusco,verified,low,2023-11-17,3155.33
C000642,DNI,69,mass_market,San Borja,verified,low,2024-04-04,1657.57
C000643,DNI,34,mass_market,Trujillo,verified,low,2024-06-09,2535.71
C000644,CE,72,mass_market,Surco,pending,low,2024-08-01,1245.6
C000645,DNI,68,mass_market,San Borja,verified,low,2024-11-22,4628.08
C000646,DNI,51,sme,Trujillo,verified,high,2023-06-09,3626.25
C000647,DNI,63,affluent,La Molina,verified,low,2024-04-08,5421.22
C000648,DNI,57,affluent,Lima,verified,high,2024-06-05,2461.95
C000649,DNI,42,affluent,La Molina,verified,low,2024-09-27,5561.46
C000650,DNI,72,mass_market,Miraflores,verified,low,2023-09-30,3046.06
C000651,DNI,39,mass_market,Trujillo,verified,low,2023-08-29,3172.4
C000652,CE,43,mass_market,Callao,verified,medium,2024-10-16,9535.05
C000653,DNI,44,affluent,Arequipa,verified,low,2023-06-16,2283.42
C000654,DNI,55,affluent,La Molina,verified,low,2024-07-22,5855.3
C000655,DNI,26,mass_market,San Borja,verified,low,2024-10-11,3880.92
C000656,DNI,54,mass_market,Cusco,rejected,low,2023-11-23,2176.45
C000657,DNI,22,mass_market,Arequipa,verified,low,2024-06-12,1445.73
C000658,DNI,35,mass_market,Callao,verified,low,2023-09-30,1688.85
C000659,DNI,39,affluent,Piura,verified,medium,2024-01-11,5551.76
C000660,DNI,63,affluent,Trujillo,verified,low,2024-01-10,7738.16
C000661,DNI,29,mass_market,Cusco,verified,medium,2023-11-30,3134.71
C000662,DNI,61,premium,Trujillo,verified,low,2023-01-03,3226.44
C000663,CE,39,affluent,Miraflores,verified,low,2023-08-31,4569.0
C000664,DNI,23,mass_market,Callao,verified,high,2024-09-11,3103.59
C000665,DNI,53,mass_market,Trujillo,verified,low,2023-02-20,5457.99
C000666,DNI,44,mass_market,San Borja,verified,low,2023-12-16,3499.56
C000667,DNI,64,mass_market,Miraflores,verified,medium,2023-06-23,3211.67
C000668,DNI,72,mass_market,Surco,pending,low,2023-04-26,2029.27
C000669,DNI,32,mass_market,Piura,verified,low,2024-11-25,1772.42
C000670,DNI,74,mass_market,Callao,verified,low,2023-12-27,524.53
C000671,DNI,34,mass_market,Lima,pending,low,2023-12-21,5876.78
C000672,DNI,20,sme,Cusco,verified,low,2024-10-27,2750.03
C000673,CE,27,mass_market,La Molina,verified,low,2023-03-17,2391.75
C000674,DNI,42,mass_market,Trujillo,verified,low,2023-03-22,1018.98
C000675,DNI,38,mass_market,Cusco,pending,medium,2023-08-17,2096.32
C000676,PASSPORT,71,premium,Cusco,verified,low,2023-03-13,1949.98
C000677,DNI,57,mass_market,Lima,verified,low,2024-02-07,1925.37
C000678,DNI,26,mass_market,Lima,verified,low,2023-08-06,3579.79
C000679,DNI,41,premium,Miraflores,verified,medium,2024-03-27,3188.28
C000680,DNI,49,sme,Callao,rejected,medium,2024-01-02,1409.92
C000681,DNI,20,sme,San Borja,verified,medium,2024-08-12,1459.99
C000682,CE,50,mass_market,Piura,verified,medium,2024-10-31,1458.52
C000683,DNI,60,mass_market,Lima,verified,low,2024-07-13,8069.04
C000684,DNI,62,affluent,Lima,verified,low,2023-11-08,6775.02
C000685,CE,29,premium,La Molina,verified,low,2023-10-25,1865.41
C000686,PASSPORT,46,affluent,Surco,pending,low,2023-01-24,1005.13
C000687,DNI,38,affluent,Lima,verified,low,2023-04-20,3198.46
C000688,DNI,56,mass_market,Surco,verified,low,2023-02-21,3058.92
C000689,DNI,51,affluent,Miraflores,verified,low,2023-10-17,3548.59
C000690,DNI,50,mass_market,San Borja,verified,medium,2024-03-19,4481.69
C000691,DNI,49,mass_market,Cusco,pending,low,2024-04-11,3821.65
C000692,DNI,37,mass_market,Lima,verified,low,2023-09-16,1613.17
C000693,DNI,20,mass_market,Trujillo,verified,low,2023-11-20,3504.22
C000694,DNI,21,mass_market,Surco,verified,low,2024-10-12,4767.62
C000695,DNI,34,mass_market,La Molina,verified,low,2023-12-04,2001.79
C000696,DNI,67,affluent,Piura,verified,low,2024-07-09,3515.64
C000697,DNI,34,mass_market,La Molina,verified,low,2024-02-26,2199.47
C000698,CE,36,affluent,Lima,pending,low,2023-09-16,8936.45
C000699,DNI,21,mass_market,Callao,verified,low,2024-09-16,1436.9
C000700,DNI,46,mass_market,Cusco,verified,low,2023-03-06,5629.48
C000701,CE,34,mass_market,San Borja,verified,low,2023-06-12,1189.22
C000702,DNI,39,mass_market,Trujillo,verified,low,2023-06-13,7991.86
C000703,DNI,19,mass_market,Callao,verified,low,2024-11-08,1591.05
C000704,DNI,59,mass_market,La Molina,verified,medium,2023-02-08,3308.73
C000705,DNI,29,mass_market,Surco,verified,low,2024-10-26,1216.76
C000706,DNI,62,premium,Surco,verified,medium,2023-11-16,1418.72
C000707,CE,28,mass_market,Callao,verified,high,2023-12-26,4884.2
C000708,DNI,70,sme,Surco,pending,medium,2023-09-26,5247.41
C000709,DNI,57,mass_market,La Molina,verified,medium,2023-11-20,3400.4
C000710,DNI,46,affluent,Callao,verified,low,2023-11-22,4480.97
C000711,DNI,37,affluent,La Molina,verified,low,2024-08-09,5295.87
C000712,DNI,22,affluent,Trujillo,verified,low,2023-09-14,2046.12
C000713,DNI,42,mass_market,Cusco,verified,low,2023-07-19,1381.01
C000714,DNI,51,mass_market,Piura,verified,low,2024-03-13,2958.58
C000715,DNI,29,mass_market,Trujillo,verified,low,2024-09-01,2170.12
C000716,DNI,45,premium,Trujillo,verified,low,2023-04-14,3691.33
C000717,CE,51,sme,Surco,verified,high,2024-01-07,4029.57
C000718,DNI,23,premium,Lima,verified,low,2023-06-13,2048.97
C000719,DNI,71,mass_market,Arequipa,verified,low,2023-04-23,4390.77
C000720,DNI,36,affluent,Surco,verified,low,2024-09-06,4271.74
C000721,DNI,29,premium,Lima,verified,low,2024-07-02,4437.4
C000722,DNI,42,mass_market,La Molina,verified,low,2023-04-16,2382.04
C000723,DNI,30,mass_market,Arequipa,verified,low,2024-11-29,4577.72
C000724,DNI,34,affluent,Surco,verified,low,2023-12-30,3967.94
C000725,DNI,29,affluent,Arequipa,verified,low,2023-01-21,4239.08
C000726,CE,20,sme,Arequipa,verified,low,2024-10-21,7500.94
C000727,PASSPORT,41,mass_market,Miraflores,verified,low,2023-05-09,3569.84
C000728,DNI,25,affluent,Cusco,verified,low,2024-04-27,2134.89
C000729,DNI,65,mass_market,Miraflores,verified,low,2024-11-29,1618.49
C000730,DNI,53,mass_market,Lima,verified,low,2023-07-18,5543.41
C000731,DNI,73,mass_market,San Borja,verified,low,2024-09-11,3628.3
C000732,DNI,43,sme,Callao,verified,low,2024-06-04,7468.97
C000733,DNI,62,affluent,Piura,verified,low,2024-02-24,976.28
C000734,DNI,25,mass_market,San Borja,verified,low,2023-08-14,4919.03
C000735,DNI,49,mass_market,Callao,verified,medium,2023-07-28,2582.14
C000736,DNI,49,sme,Lima,verified,low,2023-09-02,2454.22
C000737,DNI,18,mass_market,Lima,verified,medium,2023-10-15,1957.37
C000738,DNI,20,sme,La Molina,verified,low,2023-03-07,4889.1
C000739,DNI,18,mass_market,Piura,verified,low,2023-06-02,4177.4
C000740,DNI,32,mass_market,Cusco,verified,low,2024-05-05,1590.32
C000741,CE,67,mass_market,Arequipa,verified,medium,2024-03-10,3263.99
C000742,DNI,37,mass_market,Miraflores,verified,high,2024-12-03,4395.62
C000743,PASSPORT,20,affluent,Miraflores,verified,low,2023-08-06,3287.58
C000744,DNI,32,mass_market,Lima,verified,low,2024-03-04,5482.48
C000745,DNI,71,mass_market,Miraflores,verified,medium,2024-05-16,2541.42
C000746,DNI,54,sme,Lima,verified,low,2024-10-27,862.73
C000747,DNI,38,mass_market,Arequipa,verified,medium,2024-08-16,3303.36
C000748,DNI,59,mass_market,Lima,verified,low,2023-08-09,3292.31
C000749,DNI,56,sme,La Molina,verified,medium,2024-03-10,3537.42
C000750,DNI,40,affluent,Cusco,verified,medium,2023-10-07,5479.88
C000751,DNI,74,mass_market,Trujillo,verified,low,2024-09-14,1018.56
C000752,CE,57,premium,Surco,verified,low,2023-04-02,2614.52
C000753,DNI,52,affluent,Cusco,verified,low,2024-06-07,1794.6
C000754,PASSPORT,35,mass_market,Cusco,pending,low,2023-05-19,1533.92
C000755,DNI,34,mass_market,San Borja,verified,low,2024-10-28,2864.75
C000756,DNI,48,affluent,Piura,pending,low,2023-01-23,4385.25
C000757,DNI,65,affluent,Piura,verified,medium,2024-02-21,3517.55
C000758,DNI,43,mass_market,Callao,verified,high,2023-12-14,2042.36
C000759,DNI,39,sme,Surco,verified,low,2023-08-25,2751.75
C000760,DNI,62,affluent,Arequipa,verified,low,2023-07-02,4971.33
C000761,DNI,53,mass_market,Trujillo,verified,medium,2024-05-22,4340.4
C000762,DNI,52,mass_market,Trujillo,verified,medium,2023-07-17,2199.48
C000763,DNI,28,mass_market,Piura,verified,medium,2024-11-12,2122.56
C000764,DNI,44,affluent,Cusco,verified,low,2023-05-03,1159.72
C000765,DNI,51,mass_market,La Molina,verified,medium,2024-06-29,2353.89
C000766,DNI,35,affluent,Callao,verified,low,2024-01-16,1147.47
C000767,CE,44,affluent,Lima,verified,medium,2024-05-29,9291.81
C000768,PASSPORT,21,sme,Callao,verified,high,2023-01-06,1862.52
C000769,DNI,34,mass_market,San Borja,verified,medium,2023-10-31,5485.92
C000770,DNI,23,sme,Callao,pending,low,2024-09-05,8102.75
C000771,DNI,59,mass_market,Cusco,verified,medium,2023-07-11,3357.36
C000772,DNI,28,sme,Arequipa,verified,low,2024-01-11,2821.41
C000773,DNI,22,mass_market,Cusco,verified,low,2024-06-08,1440.43
C000774,DNI,74,mass_market,Piura,verified,medium,2023-02-05,2258.53
C000775,DNI,35,affluent,Arequipa,verified,low,2023-03-11,7202.48
C000776,DNI,74,mass_market,Miraflores,verified,low,2023-10-16,3616.24
C000777,DNI,42,mass_market,Arequipa,verified,medium,2023-04-15,3027.8
C000778,DNI,27,affluent,Callao,verified,medium,2024-12-16,6134.4
C000779,DNI,58,affluent,Callao,pending,medium,2023-11-09,4371.93
C000780,DNI,33,affluent,Callao,verified,low,2023-02-24,2748.11
C000781,DNI,27,affluent,Miraflores,verified,low,2023-04-17,3357.46
C000782,DNI,27,mass_market,Piura,verified,low,2024-10-14,1953.86
C000783,DNI,53,mass_market,Lima,verified,medium,2023-11-03,2189.5
C000784,DNI,38,mass_market,Surco,verified,low,2023-02-05,2661.21
C000785,DNI,73,mass_market,Piura,verified,medium,2023-05-13,4050.55
C000786,DNI,31,sme,Callao,pending,low,2023-01-25,1501.1
C000787,DNI,25,affluent,Piura,verified,high,2023-02-06,3108.61
C000788,DNI,18,mass_market,San Borja,verified,low,2023-01-19,2405.65
C000789,DNI,33,mass_market,Trujillo,verified,low,2023-02-04,1816.18
C000790,DNI,43,premium,Trujillo,verified,low,2023-12-29,2412.77
C000791,DNI,66,mass_market,Surco,verified,medium,2024-02-22,831.5
C000792,PASSPORT,59,affluent,Surco,verified,low,2024-03-05,1965.15
C000793,DNI,23,mass_market,Lima,verified,low,2024-06-01,1628.28
C000794,DNI,56,affluent,San Borja,verified,low,2024-04-11,2555.61
C000795,DNI,67,mass_market,Cusco,pending,medium,2023-07-18,850.75
C000796,DNI,19,sme,Piura,verified,low,2024-06-29,3310.95
C000797,DNI,70,premium,Arequipa,verified,low,2024-07-21,4915.67
C000798,DNI,26,affluent,Arequipa,verified,low,2023-07-30,2794.72
C000799,DNI,22,affluent,Cusco,verified,medium,2024-08-31,3921.92
C000800,DNI,57,premium,Trujillo,verified,low,2024-05-15,2248.45
C000801,DNI,73,affluent,Cusco,verified,medium,2023-08-29,1267.7
C000802,DNI,22,mass_market,Piura,verified,medium,2023-06-19,2983.73
C000803,DNI,73,affluent,San Borja,verified,low,2023-10-21,4333.83
C000804,DNI,64,affluent,Callao,verified,low,2023-11-11,1438.83
C000805,DNI,25,mass_market,Miraflores,verified,low,2023-05-07,2307.97
C000806,DNI,22,affluent,Callao,verified,high,2024-04-12,2602.13
C000807,DNI,22,premium,Miraflores,verified,low,2024-01-02,14303.71
C000808,CE,69,premium,Arequipa,verified,low,2023-01-21,3370.63
C000809,DNI,34,mass_market,Surco,verified,low,2023-11-12,1045.17
C000810,DNI,26,mass_market,Piura,verified,low,2023-03-31,912.27
C000811,DNI,51,premium,Callao,verified,low,2024-02-08,4454.96
C000812,DNI,50,sme,Cusco,verified,low,2024-06-01,11693.26
C000813,DNI,39,mass_market,San Borja,verified,low,2024-03-26,2554.12
C000814,DNI,38,premium,San Borja,verified,low,2024-08-31,2471.42
C000815,DNI,60,sme,Trujillo,verified,low,2023-05-30,3777.91
C000816,DNI,32,mass_market,San Borja,verified,low,2024-03-21,1921.65
C000817,DNI,18,affluent,San Borja,verified,low,2023-03-21,735.62
C000818,DNI,24,mass_market,Surco,verified,medium,2023-01-17,5273.74
C000819,DNI,40,mass_market,Cusco,verified,low,2023-05-18,2127.6
C000820,DNI,68,mass_market,Arequipa,verified,low,2024-10-13,5311.16
C000821,DNI,73,sme,San Borja,verified,low,2024-05-22,1961.49
C000822,DNI,64,mass_market,Arequipa,verified,low,2024-07-05,3187.46
C000823,PASSPORT,23,mass_market,Surco,verified,low,2024-11-10,4770.27
C000824,CE,37,mass_market,San Borja,verified,low,2023-03-15,5370.59
C000825,DNI,43,mass_market,Piura,verified,low,2023-03-15,3388.5
C000826,DNI,59,sme,Trujillo,verified,medium,2023-02-19,3297.04
C000827,DNI,29,mass_market,Callao,verified,low,2023-01-10,4191.6
C000828,DNI,30,mass_market,Piura,verified,low,2023-04-13,3847.94
C000829,DNI,64,affluent,La Molina,verified,medium,2024-01-23,1465.35
C000830,DNI,68,mass_market,Lima,verified,low,2024-01-20,1480.83
C000831,DNI,66,mass_market,San Borja,verified,medium,2023-10-26,934.51
C000832,DNI,30,mass_market,Arequipa,pending,low,2023-12-05,4544.07
C000833,DNI,19,mass_market,Lima,verified,low,2024-01-24,2397.9
C000834,DNI,49,mass_market,Miraflores,verified,low,2024-04-18,4680.26
C000835,DNI,67,mass_market,San Borja,verified,high,2024-09-07,3722.09
C000836,DNI,48,mass_market,La Molina,verified,low,2023-05-22,1717.57
C000837,DNI,28,sme,Surco,verified,low,2023-06-19,2790.23
C000838,DNI,54,mass_market,Trujillo,verified,low,2023-01-13,2321.22
C000839,DNI,21,affluent,La Molina,verified,low,2024-10-30,2132.24
C000840,DNI,51,affluent,Arequipa,verified,medium,2024-03-24,4931.55
C000841,DNI,33,mass_market,Surco,verified,low,2023-06-23,11859.79
C000842,DNI,48,affluent,Callao,pending,medium,2024-11-04,5507.75
C000843,DNI,42,mass_market,Surco,verified,low,2023-05-12,2937.09
C000844,DNI,56,premium,San Borja,verified,medium,2024-06-23,5959.42
C000845,DNI,25,mass_market,Lima,verified,low,2024-08-17,7647.21
C000846,DNI,25,mass_market,Lima,verified,medium,2023-09-26,1386.03
C000847,DNI,51,mass_market,Arequipa,pending,low,2023-09-08,5846.92
C000848,DNI,32,premium,Surco,verified,medium,2024-01-05,4552.01
C000849,CE,22,mass_market,La Molina,verified,low,2024-09-09,5729.97
C000850,DNI,36,affluent,Arequipa,verified,low,2024-06-09,4662.5
C000851,DNI,27,mass_market,Trujillo,verified,medium,2024-08-14,2630.03
C000852,DNI,26,affluent,Arequipa,rejected,low,2024-05-20,9118.67
C000853,DNI,74,mass_market,Arequipa,verified,medium,2024-11-02,3593.13
C000854,CE,71,sme,Callao,verified,low,2023-06-27,2347.53
C000855,DNI,46,mass_market,Piura,verified,low,2024-10-28,3937.45
C000856,DNI,69,mass_market,San Borja,verified,medium,2024-06-30,5088.9
C000857,DNI,57,mass_market,Callao,verified,low,2023-09-16,3140.44
C000858,DNI,54,mass_market,Lima,verified,low,2023-09-17,3700.51
C000859,DNI,36,affluent,Lima,verified,high,2023-05-15,3129.42
C000860,DNI,30,mass_market,Miraflores,verified,low,2024-04-05,2073.43
C000861,DNI,63,affluent,Miraflores,verified,low,2024-05-03,1896.94
C000862,DNI,57,mass_market,La Molina,verified,low,2024-10-04,1378.09
C000863,DNI,33,mass_market,Lima,verified,medium,2023-03-22,6869.94
C000864,PASSPORT,47,mass_market,Piura,verified,high,2024-01-02,2636.27
C000865,DNI,71,mass_market,Callao,verified,high,2023-02-28,452.52
C000866,DNI,22,affluent,Trujillo,verified,low,2023-03-15,3707.43
C000867,DNI,50,mass_market,Piura,verified,low,2023-08-27,3665.44
C000868,DNI,36,mass_market,Miraflores,verified,low,2023-05-09,1067.83
C000869,DNI,72,sme,Surco,verified,low,2024-02-16,1885.94
C000870,DNI,36,premium,Piura,verified,low,2023-11-11,1840.96
C000871,DNI,34,mass_market,Piura,verified,low,2024-01-09,1981.78
C000872,DNI,41,mass_market,Piura,verified,medium,2024-03-12,5808.2
C000873,DNI,72,affluent,Piura,verified,medium,2023-05-18,2746.6
C000874,DNI,70,mass_market,Piura,verified,low,2024-03-30,2356.71
C000875,DNI,45,mass_market,Miraflores,verified,high,2024-09-06,5526.52
C000876,DNI,59,mass_market,Lima,verified,high,2023-01-09,3914.49
C000877,DNI,54,affluent,Arequipa,verified,low,2023-08-20,1144.2
C000878,DNI,39,affluent,Piura,pending,low,2024-09-02,2123.58
C000879,DNI,56,mass_market,Piura,verified,low,2024-12-30,3558.45
C000880,DNI,33,mass_market,San Borja,verified,low,2024-02-01,1783.55
C000881,DNI,52,mass_market,Lima,rejected,low,2024-11-10,9102.05
C000882,DNI,44,affluent,Arequipa,verified,low,2024-07-27,3171.89
C000883,DNI,29,mass_market,Trujillo,verified,high,2023-11-14,1969.71
C000884,DNI,63,mass_market,Trujillo,verified,low,2024-05-21,1607.41
C000885,DNI,45,affluent,Surco,verified,low,2024-06-05,4964.86
C000886,CE,69,mass_market,Cusco,verified,low,2023-03-28,2087.4
C000887,DNI,18,affluent,Callao,verified,low,2024-12-16,3673.71
C000888,DNI,56,mass_market,San Borja,verified,low,2023-11-14,1582.35
C000889,DNI,35,mass_market,Lima,verified,low,2023-11-29,3098.3
C000890,DNI,40,mass_market,Lima,verified,high,2023-12-26,2101.2
C000891,DNI,39,affluent,Cusco,verified,low,2023-08-29,2506.23
C000892,DNI,21,sme,Surco,verified,medium,2023-02-25,1923.78
C000893,DNI,65,sme,La Molina,verified,low,2023-04-20,5240.09
C000894,DNI,28,mass_market,Miraflores,verified,low,2023-02-18,2275.48
C000895,DNI,35,affluent,Surco,verified,low,2023-01-16,2754.8
C000896,PASSPORT,72,mass_market,Arequipa,verified,medium,2023-03-14,2828.98
C000897,DNI,65,mass_market,Surco,verified,medium,2023-07-21,7235.46
C000898,DNI,24,sme,Cusco,verified,low,2023-04-03,4864.26
C000899,DNI,38,mass_market,Cusco,verified,low,2024-10-10,4604.89
C000900,PASSPORT,74,mass_market,Callao,verified,low,2023-02-02,1251.58
C000901,DNI,52,mass_market,San Borja,verified,medium,2024-08-22,2077.63
C000902,DNI,74,mass_market,Piura,verified,low,2024-02-23,5731.54
C000903,DNI,54,mass_market,Trujillo,verified,low,2023-07-22,1565.54
C000904,DNI,67,affluent,Cusco,pending,low,2024-07-04,3121.93
C000905,DNI,74,mass_market,Callao,verified,low,2024-09-17,1659.23
C000906,DNI,47,sme,Miraflores,verified,medium,2024-12-20,1753.38
C000907,DNI,34,sme,Trujillo,verified,low,2023-11-08,7513.32
C000908,DNI,50,mass_market,La Molina,verified,low,2024-04-13,4427.54
C000909,DNI,33,mass_market,Lima,verified,low,2024-01-29,5119.07
C000910,DNI,32,mass_market,Miraflores,verified,low,2023-07-30,4587.35
C000911,DNI,30,affluent,La Molina,verified,low,2024-07-24,2761.12
C000912,DNI,56,mass_market,Trujillo,verified,medium,2023-06-05,2037.79
C000913,CE,20,affluent,Miraflores,pending,low,2024-09-25,2389.53
C000914,DNI,41,mass_market,Callao,verified,low,2024-09-23,2682.48
C000915,DNI,40,affluent,La Molina,verified,low,2023-11-18,7918.5
C000916,DNI,62,mass_market,Lima,verified,low,2024-03-10,1429.39
C000917,DNI,65,mass_market,Piura,verified,low,2024-07-27,2198.4
C000918,DNI,72,premium,Callao,pending,medium,2024-10-31,1804.2
C000919,DNI,18,affluent,Arequipa,verified,low,2023-02-09,5330.19
C000920,DNI,49,mass_market,Lima,verified,medium,2023-02-09,8263.34
C000921,DNI,50,sme,San Borja,verified,low,2024-03-28,3532.75
C000922,DNI,65,mass_market,Surco,verified,low,2023-07-09,3696.19
C000923,DNI,47,sme,San Borja,rejected,low,2023-01-15,3134.5
C000924,DNI,19,affluent,Cusco,verified,medium,2023-05-04,3791.87
C000925,DNI,35,mass_market,Piura,verified,high,2023-10-07,4560.72
C000926,DNI,70,mass_market,Arequipa,verified,medium,2023-02-17,3767.26
C000927,DNI,74,mass_market,Arequipa,verified,medium,2023-07-08,3922.01
C000928,DNI,72,mass_market,Surco,verified,low,2023-10-31,4566.39
C000929,DNI,47,affluent,La Molina,verified,low,2024-07-12,1120.97
C000930,DNI,35,mass_market,Surco,verified,high,2024-11-26,2984.25
C000931,DNI,22,mass_market,Cusco,verified,medium,2023-04-15,3525.81
C000932,DNI,22,sme,San Borja,verified,low,2024-01-04,3747.64
C000933,DNI,25,premium,Arequipa,verified,low,2024-05-15,2713.55
C000934,DNI,26,mass_market,San Borja,pending,low,2024-04-04,3256.52
C000935,CE,49,mass_market,Lima,verified,low,2023-09-04,2006.31
C000936,DNI,73,mass_market,Piura,verified,low,2023-09-21,1123.09
C000937,DNI,31,mass_market,Miraflores,verified,low,2023-07-25,5119.06
C000938,DNI,30,sme,Cusco,pending,low,2024-05-21,1597.34
C000939,DNI,35,mass_market,Miraflores,verified,medium,2024-06-13,2729.16
C000940,DNI,21,affluent,Cusco,verified,medium,2023-12-30,1974.32
C000941,DNI,67,mass_market,Trujillo,verified,medium,2023-12-06,7135.62
C000942,DNI,39,affluent,Piura,verified,medium,2024-02-11,2853.2
C000943,DNI,37,affluent,Lima,verified,low,2024-03-28,2513.04
C000944,DNI,32,sme,Piura,verified,medium,2024-07-31,4497.72
C000945,DNI,24,mass_market,La Molina,verified,low,2023-05-30,9760.13
C000946,DNI,30,mass_market,Cusco,verified,high,2023-07-12,3726.14
C000947,DNI,51,mass_market,Miraflores,verified,low,2023-05-27,2422.17
C000948,DNI,58,sme,Cusco,pending,medium,2024-02-10,4372.66
C000949,DNI,47,sme,La Molina,verified,low,2023-07-02,1255.17
C000950,DNI,22,affluent,Cusco,verified,low,2023-04-16,3058.06
C000951,DNI,18,affluent,Piura,pending,low,2023-08-24,8925.58
C000952,DNI,48,affluent,Callao,verified,low,2024-09-29,3251.14
C000953,DNI,68,mass_market,Cusco,verified,low,2023-06-28,3163.0
C000954,DNI,37,sme,Trujillo,verified,low,2024-03-07,3014.98
C000955,DNI,36,mass_market,Trujillo,verified,medium,2024-02-05,2398.23
C000956,DNI,71,mass_market,Arequipa,verified,low,2024-06-08,3543.85
C000957,DNI,46,mass_market,Trujillo,verified,low,2024-06-23,4566.03
C000958,DNI,62,mass_market,Cusco,verified,low,2023-11-19,2483.69
C000959,CE,55,mass_market,Cusco,verified,low,2023-09-18,757.55
C000960,DNI,27,affluent,Callao,verified,low,2024-09-03,3851.01
C000961,DNI,46,mass_market,Trujillo,pending,low,2024-11-30,9635.6
C000962,DNI,48,affluent,San Borja,verified,high,2024-02-03,2423.71
C000963,DNI,28,mass_market,Cusco,verified,low,2023-12-03,1327.24
C000964,DNI,40,mass_market,Lima,verified,medium,2023-10-27,4326.77
C000965,DNI,47,mass_market,Lima,verified,medium,2023-04-29,7778.41
C000966,DNI,42,mass_market,Miraflores,verified,medium,2024-07-11,3988.44
C000967,DNI,33,affluent,Callao,verified,low,2024-02-17,7696.99
C000968,DNI,74,mass_market,La Molina,verified,low,2024-08-02,4612.46
C000969,DNI,40,affluent,San Borja,verified,low,2024-01-19,4397.4
C000970,DNI,50,mass_market,Cusco,verified,medium,2024-04-24,2241.95
C000971,DNI,68,affluent,Piura,verified,low,2023-11-01,3487.62
C000972,CE,54,premium,Surco,verified,high,2024-11-13,2933.03
C000973,DNI,45,affluent,Surco,verified,low,2023-07-15,2878.27
C000974,DNI,44,mass_market,La Molina,verified,low,2023-11-29,2592.49
C000975,DNI,23,mass_market,Arequipa,verified,low,2023-01-20,3374.79
C000976,DNI,55,mass_market,Piura,verified,low,2024-09-14,1461.2
C000977,DNI,54,affluent,Surco,verified,medium,2024-10-19,4658.48
C000978,DNI,23,mass_market,La Molina,rejected,low,2024-12-04,1839.48
C000979,DNI,42,mass_market,Surco,verified,low,2024-03-08,2597.62
C000980,DNI,30,affluent,Callao,verified,low,2024-03-01,3575.31
C000981,CE,50,mass_market,Miraflores,verified,low,2023-08-17,1790.05
C000982,DNI,50,affluent,Arequipa,verified,low,2024-06-07,1010.75
C000983,DNI,42,mass_market,Callao,verified,low,2023-08-05,2414.69
C000984,DNI,31,mass_market,Piura,verified,low,2024-08-13,1356.82
C000985,DNI,57,affluent,La Molina,verified,low,2024-01-10,4410.62
C000986,CE,58,mass_market,San Borja,verified,low,2023-02-05,1580.62
C000987,PASSPORT,72,affluent,Piura,verified,low,2023-01-28,6746.88
C000988,DNI,59,mass_market,Piura,verified,low,2024-01-07,2971.48
C000989,DNI,55,mass_market,Trujillo,pending,medium,2023-03-27,3079.57
C000990,DNI,26,sme,San Borja,verified,medium,2023-07-07,1002.9
C000991,DNI,35,affluent,Lima,verified,medium,2023-11-01,3228.18
C000992,DNI,32,affluent,Trujillo,verified,high,2024-02-26,2852.36
C000993,DNI,21,mass_market,La Molina,verified,low,2023-03-21,1458.99
C000994,DNI,51,affluent,Lima,verified,low,2023-07-05,3127.53
C000995,DNI,55,mass_market,Surco,verified,low,2023-01-05,2395.01
C000996,DNI,34,mass_market,Surco,verified,low,2024-07-11,2645.9
C000997,DNI,24,sme,Piura,verified,low,2024-05-11,3023.7
C000998,DNI,49,mass_market,Trujillo,verified,medium,2024-05-23,2300.08
C000999,DNI,72,premium,Cusco,verified,low,2024-09-05,3413.7
C001000,DNI,40,mass_market,San Borja,verified,low,2023-01-02,2842.37
C001001,DNI,37,mass_market,Lima,verified,low,2023-08-05,3866.18
C001002,DNI,64,mass_market,San Borja,pending,low,2024-06-20,2228.82
C001003,DNI,73,sme,Trujillo,verified,low,2023-09-14,1659.54
C001004,DNI,70,affluent,Piura,verified,medium,2024-03-28,2018.52
C001005,DNI,19,sme,Callao,verified,low,2024-02-28,6591.01
C001006,PASSPORT,38,affluent,Surco,verified,medium,2023-11-20,5043.13
C001007,PASSPORT,29,affluent,Lima,verified,high,2024-05-13,5810.13
C001008,DNI,59,sme,Lima,verified,low,2024-08-03,6035.97
C001009,DNI,74,mass_market,La Molina,verified,low,2023-07-16,2306.59
C001010,CE,66,mass_market,Lima,verified,medium,2024-05-18,3507.63
C001011,DNI,44,mass_market,Trujillo,verified,low,2023-09-29,3107.93
C001012,DNI,67,premium,Lima,rejected,low,2024-11-24,4284.44
C001013,DNI,65,premium,Lima,verified,medium,2023-01-18,2542.64
C001014,CE,27,mass_market,San Borja,verified,low,2023-04-17,3137.36
C001015,DNI,25,affluent,Piura,verified,low,2024-06-12,3101.84
C001016,DNI,38,premium,Miraflores,verified,low,2023-05-05,3994.78
C001017,DNI,74,mass_market,Lima,verified,low,2024-04-27,4275.45
C001018,DNI,39,affluent,Cusco,verified,low,2024-08-16,3138.56
C001019,DNI,30,sme,Piura,verified,low,2023-01-04,3191.34
C001020,PASSPORT,65,mass_market,Arequipa,verified,low,2024-09-18,3375.31
C001021,DNI,57,affluent,La Molina,verified,low,2023-12-17,7373.17
C001022,DNI,29,mass_market,San Borja,verified,high,2023-12-17,1151.13
C001023,CE,34,premium,La Molina,verified,medium,2024-10-10,1748.78
C001024,DNI,65,premium,Callao,verified,low,2023-08-16,4317.9
C001025,DNI,26,premium,Lima,verified,low,2023-01-16,3457.78
C001026,DNI,74,mass_market,Surco,verified,low,2024-02-29,3444.42
C001027,DNI,68,sme,Cusco,pending,low,2024-04-08,4303.24
C001028,DNI,66,sme,San Borja,pending,medium,2024-12-24,3353.29
C001029,PASSPORT,73,mass_market,La Molina,pending,low,2023-09-03,2191.62
C001030,DNI,57,sme,Lima,verified,low,2023-06-26,4212.64
C001031,DNI,29,mass_market,Surco,verified,low,2024-06-26,3015.4
C001032,DNI,26,affluent,Surco,pending,medium,2024-05-23,2330.49
C001033,DNI,47,mass_market,Callao,pending,medium,2024-07-15,4357.69
C001034,DNI,23,mass_market,Piura,verified,low,2024-10-16,4264.45
C001035,DNI,42,mass_market,Cusco,verified,low,2024-07-17,3354.71
C001036,DNI,45,affluent,Miraflores,verified,low,2023-08-21,7664.97
C001037,DNI,27,mass_market,Cusco,verified,low,2024-11-08,6184.21
C001038,DNI,58,affluent,Callao,verified,low,2023-02-07,5172.03
C001039,DNI,45,mass_market,Trujillo,verified,high,2024-05-05,12228.21
C001040,DNI,46,mass_market,Piura,verified,low,2024-03-19,2750.24
C001041,DNI,53,mass_market,San Borja,verified,medium,2023-01-20,2308.52
C001042,DNI,28,affluent,Piura,verified,high,2024-09-02,4784.8
C001043,DNI,38,mass_market,Callao,verified,low,2024-12-27,2594.25
C001044,DNI,71,affluent,Callao,rejected,low,2024-07-09,3000.58
C001045,DNI,55,sme,San Borja,verified,medium,2023-04-21,1733.23
C001046,DNI,43,affluent,San Borja,verified,low,2024-05-01,4161.63
C001047,DNI,35,mass_market,San Borja,verified,low,2023-03-30,1327.36
C001048,DNI,21,mass_market,Piura,verified,low,2023-11-15,2826.97
C001049,CE,61,sme,Lima,verified,low,2023-04-28,2955.89
C001050,DNI,58,mass_market,La Molina,verified,low,2024-03-09,2345.32
C001051,DNI,32,sme,Arequipa,verified,low,2023-08-27,1134.03
C001052,DNI,40,mass_market,San Borja,verified,low,2023-03-13,1129.41
C001053,DNI,58,premium,La Molina,verified,low,2024-02-03,1977.53
C001054,DNI,23,affluent,Arequipa,verified,low,2024-02-08,4009.72
C001055,DNI,60,premium,Piura,verified,low,2024-11-05,3494.37
C001056,DNI,24,mass_market,La Molina,verified,low,2023-09-08,2954.13
C001057,DNI,74,affluent,San Borja,verified,low,2023-07-14,1832.57
C001058,DNI,63,mass_market,Miraflores,verified,low,2024-07-25,3596.16
C001059,DNI,65,mass_market,Callao,verified,medium,2024-09-01,1108.25
C001060,DNI,32,affluent,La Molina,verified,medium,2024-08-07,797.83
C001061,DNI,69,sme,Surco,verified,medium,2023-08-10,2607.93
C001062,DNI,26,premium,Surco,verified,medium,2024-09-22,2207.62
C001063,DNI,68,affluent,La Molina,verified,low,2023-07-01,5204.32
C001064,DNI,47,mass_market,San Borja,verified,low,2024-12-30,3251.56
C001065,DNI,61,mass_market,Cusco,pending,low,2023-09-13,7390.16
C001066,DNI,60,affluent,San Borja,pending,medium,2023-03-29,2205.0
C001067,DNI,45,mass_market,Piura,verified,medium,2024-05-06,3896.07
C001068,DNI,47,mass_market,San Borja,verified,low,2023-12-02,2594.76
C001069,DNI,25,mass_market,Piura,verified,low,2024-06-21,6373.77
C001070,DNI,52,mass_market,Cusco,verified,low,2024-02-11,2664.5
C001071,DNI,68,mass_market,Miraflores,verified,low,2024-09-24,4769.15
C001072,CE,52,mass_market,Piura,verified,low,2023-10-16,1647.99
C001073,DNI,74,mass_market,Trujillo,verified,high,2023-12-28,2372.34
C001074,DNI,43,mass_market,Surco,verified,low,2024-03-16,2846.3
C001075,DNI,47,premium,Callao,verified,medium,2023-01-30,5972.25
C001076,DNI,52,mass_market,Surco,verified,low,2024-12-14,890.29
C001077,DNI,55,mass_market,Piura,verified,low,2024-07-01,2482.56
C001078,DNI,28,affluent,Trujillo,verified,medium,2024-09-28,2436.79
C001079,DNI,37,mass_market,Lima,verified,low,2023-08-11,951.14
C001080,DNI,63,premium,Miraflores,verified,low,2023-05-04,2309.49
C001081,DNI,48,affluent,Miraflores,verified,low,2024-11-13,1277.47
C001082,DNI,51,mass_market,Lima,verified,medium,2024-11-23,827.27
C001083,DNI,29,mass_market,Callao,verified,low,2023-08-03,2580.47
C001084,DNI,65,sme,Cusco,pending,low,2023-04-28,2532.9
C001085,DNI,45,premium,Arequipa,rejected,low,2023-08-15,2605.23
C001086,DNI,20,mass_market,Trujillo,verified,medium,2024-03-19,3425.74
C001087,CE,70,affluent,Piura,verified,high,2024-07-02,1837.81
C001088,DNI,65,mass_market,Arequipa,verified,low,2024-08-30,7982.21
C001089,DNI,59,premium,Callao,verified,low,2024-09-23,2926.87
C001090,DNI,69,mass_market,Cusco,verified,medium,2024-03-12,6048.33
C001091,DNI,22,premium,Miraflores,verified,low,2023-01-12,1183.29
C001092,DNI,30,affluent,Piura,verified,low,2023-05-02,1883.73
C001093,DNI,29,affluent,Piura,verified,low,2024-06-30,4348.01
C001094,DNI,18,mass_market,Cusco,verified,low,2024-05-03,2631.71
C001095,DNI,69,mass_market,Surco,verified,low,2023-09-08,1652.02
C001096,DNI,60,mass_market,Trujillo,verified,low,2024-08-01,1084.37
C001097,DNI,36,mass_market,Cusco,verified,low,2024-04-26,4461.6
C001098,DNI,46,mass_market,San Borja,verified,medium,2024-07-03,4265.78
C001099,DNI,64,affluent,San Borja,verified,low,2023-10-07,3407.81
C001100,CE,67,mass_market,Cusco,verified,low,2023-12-03,2269.36
C001101,DNI,65,mass_market,Miraflores,verified,medium,2023-06-17,1616.15
C001102,CE,56,premium,Cusco,verified,medium,2023-11-24,2895.35
C001103,DNI,59,sme,La Molina,verified,low,2023-09-03,1446.03
C001104,DNI,42,premium,Callao,verified,low,2024-08-13,1971.66
C001105,DNI,33,premium,San Borja,verified,low,2024-09-17,5965.14
C001106,DNI,34,mass_market,Arequipa,verified,low,2023-10-28,1077.11
C001107,DNI,45,mass_market,Cusco,verified,low,2024-12-29,4327.05
C001108,DNI,56,affluent,San Borja,verified,low,2023-07-19,6780.51
C001109,PASSPORT,60,affluent,Callao,verified,low,2024-05-14,4670.13
C001110,DNI,66,mass_market,Callao,verified,medium,2023-01-13,3710.85
C001111,DNI,22,sme,Arequipa,verified,low,2024-01-01,2310.07
C001112,DNI,18,mass_market,Piura,verified,low,2024-12-19,2089.67
C001113,DNI,20,mass_market,La Molina,verified,low,2023-04-07,865.69
C001114,DNI,65,mass_market,Cusco,verified,low,2023-03-12,3042.25
C001115,DNI,41,affluent,Lima,verified,low,2023-12-23,2389.33
C001116,DNI,46,affluent,Cusco,verified,medium,2024-06-27,2030.59
C001117,DNI,32,mass_market,Piura,verified,low,2023-09-07,2948.22
C001118,DNI,21,sme,Trujillo,verified,medium,2023-09-11,3084.99
C001119,DNI,61,mass_market,Surco,pending,low,2023-07-01,2101.58
C001120,DNI,18,mass_market,Miraflores,verified,low,2023-06-15,7238.68
C001121,DNI,66,sme,Piura,verified,low,2023-01-04,4455.22
C001122,CE,73,premium,Callao,verified,low,2024-04-07,4880.26
C001123,DNI,32,sme,Lima,verified,medium,2023-05-25,2816.31
C001124,DNI,41,sme,Miraflores,verified,medium,2023-06-14,3948.85
C001125,CE,69,affluent,San Borja,verified,low,2023-12-10,1821.4
C001126,DNI,48,affluent,Cusco,verified,medium,2023-04-15,4300.31
C001127,DNI,37,mass_market,Miraflores,verified,high,2024-07-01,2663.99
C001128,DNI,27,mass_market,San Borja,verified,low,2023-11-10,1699.19
C001129,DNI,28,mass_market,Surco,verified,high,2023-06-18,2943.86
C001130,DNI,35,mass_market,San Borja,verified,low,2024-06-03,2538.61
C001131,DNI,51,affluent,Lima,verified,medium,2024-08-20,10696.67
C001132,DNI,45,mass_market,Callao,verified,low,2024-03-11,3787.52
C001133,DNI,55,mass_market,Piura,verified,low,2024-08-31,7107.06
C001134,DNI,33,mass_market,Arequipa,verified,low,2024-05-26,5553.63
C001135,DNI,41,affluent,Piura,verified,low,2024-02-13,3043.55
C001136,DNI,56,mass_market,Piura,verified,medium,2024-03-11,2335.44
C001137,DNI,72,sme,San Borja,verified,low,2023-11-11,1144.67
C001138,DNI,68,mass_market,Cusco,verified,low,2024-06-25,1846.38
C001139,DNI,29,mass_market,Miraflores,verified,low,2024-09-04,4292.03
C001140,DNI,67,affluent,Arequipa,verified,low,2024-08-01,2524.58
C001141,DNI,59,sme,Arequipa,verified,low,2023-03-04,3665.43
C001142,DNI,24,mass_market,Miraflores,verified,low,2023-02-01,975.89
C001143,DNI,53,affluent,Miraflores,verified,low,2024-08-21,3825.46
C001144,DNI,34,affluent,Callao,verified,low,2023-07-30,5448.33
C001145,DNI,66,mass_market,Lima,verified,low,2024-04-07,1122.52
C001146,DNI,21,sme,Surco,verified,low,2024-07-16,3656.86
C001147,DNI,70,affluent,Lima,verified,high,2024-07-28,6241.3
C001148,DNI,54,affluent,Miraflores,verified,low,2023-03-21,7510.43
C001149,DNI,50,sme,Cusco,verified,low,2023-12-09,2259.9
C001150,DNI,36,sme,La Molina,verified,low,2023-08-20,4577.74
C001151,DNI,71,affluent,La Molina,verified,low,2024-09-04,6544.53
C001152,DNI,43,sme,Surco,verified,low,2023-05-09,3717.33
C001153,DNI,72,affluent,Miraflores,verified,low,2023-01-19,6043.83
C001154,CE,28,affluent,La Molina,verified,low,2023-12-23,2922.74
C001155,DNI,48,affluent,Surco,verified,low,2024-02-23,3702.9
C001156,DNI,18,affluent,Arequipa,verified,low,2024-08-28,2117.76
C001157,DNI,57,mass_market,Surco,verified,medium,2023-03-22,2722.95
C001158,DNI,53,sme,Arequipa,verified,low,2024-09-06,3784.03
C001159,DNI,46,sme,Callao,verified,low,2024-10-27,2032.17
C001160,DNI,42,mass_market,La Molina,verified,low,2023-04-28,2636.03
C001161,DNI,71,sme,Surco,verified,low,2024-05-08,4530.01
C001162,DNI,64,mass_market,Surco,verified,low,2024-05-06,9217.94
C001163,DNI,66,mass_market,Surco,verified,low,2023-08-13,965.66
C001164,PASSPORT,35,affluent,Cusco,verified,low,2024-02-23,8840.66
C001165,DNI,20,mass_market,Surco,pending,low,2023-05-17,2583.94
C001166,DNI,35,sme,Cusco,verified,low,2023-08-14,5067.97
C001167,DNI,24,sme,Piura,verified,low,2023-11-30,5645.43
C001168,DNI,45,mass_market,Callao,verified,low,2023-08-17,7047.82
C001169,DNI,34,mass_market,Piura,verified,low,2023-11-19,1997.44
C001170,DNI,42,mass_market,Trujillo,verified,low,2023-04-18,2633.58
C001171,DNI,35,affluent,Piura,verified,low,2024-03-20,2894.37
C001172,DNI,69,premium,Miraflores,verified,low,2023-01-07,2448.94
C001173,DNI,57,affluent,Arequipa,verified,medium,2023-05-08,6156.84
C001174,DNI,60,mass_market,Miraflores,verified,low,2023-12-19,2857.62
C001175,DNI,20,affluent,Lima,pending,medium,2023-09-24,1223.9
C001176,DNI,42,mass_market,Piura,rejected,low,2024-11-15,2104.52
C001177,DNI,24,affluent,La Molina,verified,low,2023-08-02,1251.23
C001178,DNI,64,mass_market,San Borja,verified,low,2023-09-04,2629.14
C001179,DNI,27,affluent,Piura,verified,low,2024-09-09,4315.21
C001180,DNI,61,mass_market,Callao,verified,low,2024-08-17,2079.82
C001181,DNI,61,premium,Piura,verified,low,2024-01-09,2388.29
C001182,DNI,68,mass_market,Cusco,verified,low,2024-02-25,2562.86
C001183,DNI,36,affluent,Lima,verified,medium,2024-12-15,3220.88
C001184,DNI,32,premium,Surco,verified,low,2023-02-10,3959.39
C001185,CE,38,mass_market,Lima,verified,high,2024-12-17,4647.06
C001186,DNI,38,premium,Lima,pending,low,2023-12-14,10306.54
C001187,DNI,54,affluent,Arequipa,verified,low,2024-07-14,3190.47
C001188,DNI,45,mass_market,San Borja,verified,low,2023-05-23,4467.96
C001189,CE,62,mass_market,Lima,verified,low,2023-05-21,1244.94
C001190,DNI,49,affluent,Arequipa,pending,low,2024-07-18,2419.82
C001191,DNI,74,mass_market,Surco,verified,low,2023-04-17,2569.0
C001192,DNI,58,affluent,Miraflores,verified,low,2023-02-02,1703.56
C001193,CE,71,mass_market,Surco,verified,low,2023-07-19,2219.87
C001194,DNI,44,affluent,La Molina,verified,low,2023-04-29,2809.84
C001195,CE,40,mass_market,Lima,verified,low,2023-08-17,2258.45
C001196,DNI,27,sme,Lima,verified,high,2024-09-21,12469.1
C001197,CE,57,premium,Miraflores,pending,low,2024-11-18,3951.11
C001198,DNI,58,premium,Callao,pending,medium,2023-07-04,8960.33
C001199,DNI,23,affluent,Lima,verified,low,2023-08-03,6774.75
C001200,DNI,41,mass_market,San Borja,verified,low,2023-05-10,2097.32
C001201,DNI,35,affluent,Trujillo,verified,low,2023-09-29,3043.18
C001202,DNI,27,mass_market,Lima,verified,low,2024-09-26,2346.89
C001203,DNI,73,mass_market,Trujillo,verified,high,2023-01-08,2727.11
C001204,DNI,32,mass_market,Surco,verified,low,2024-02-07,1742.3
C001205,CE,62,mass_market,Piura,verified,medium,2024-08-01,2338.24
C001206,DNI,60,affluent,Callao,verified,medium,2024-09-18,3632.71
C001207,DNI,51,affluent,Arequipa,verified,low,2024-01-04,3580.35
C001208,DNI,25,mass_market,Cusco,verified,low,2024-09-08,3426.77
C001209,DNI,67,mass_market,Callao,verified,low,2024-06-20,2884.71
C001210,DNI,52,premium,Cusco,pending,low,2023-02-22,4785.8
C001211,DNI,72,mass_market,Surco,verified,low,2023-09-04,2587.96
C001212,DNI,44,mass_market,Callao,pending,low,2023-12-03,6408.33
C001213,DNI,42,mass_market,Arequipa,verified,low,2023-10-08,1079.03
C001214,CE,20,affluent,Cusco,verified,low,2023-02-02,4278.02
C001215,DNI,38,affluent,Miraflores,verified,low,2024-07-01,3899.5
C001216,DNI,74,mass_market,San Borja,verified,medium,2023-12-09,2056.97
C001217,DNI,56,mass_market,Callao,verified,low,2023-08-27,2451.91
C001218,DNI,49,affluent,Surco,verified,low,2024-05-06,3849.26
C001219,DNI,67,affluent,Lima,verified,low,2024-12-29,4933.3
C001220,DNI,70,mass_market,Arequipa,verified,medium,2023-06-26,1138.87
C001221,DNI,38,premium,Cusco,verified,low,2023-02-13,4211.34
C001222,DNI,26,mass_market,Cusco,verified,high,2023-10-31,2317.61
C001223,DNI,67,mass_market,San Borja,verified,high,2024-10-31,5535.35
C001224,DNI,18,premium,Cusco,verified,medium,2023-09-26,1083.98
C001225,DNI,21,mass_market,Trujillo,verified,low,2024-11-13,11440.49
C001226,CE,21,affluent,La Molina,rejected,low,2024-02-04,1831.01
C001227,DNI,66,mass_market,Trujillo,verified,high,2024-08-25,6545.14
C001228,DNI,43,mass_market,Cusco,verified,medium,2024-03-06,2869.66
C001229,DNI,72,premium,Arequipa,verified,medium,2024-02-25,1900.24
C001230,DNI,51,mass_market,Callao,verified,low,2023-05-11,3448.91
C001231,DNI,44,sme,Surco,verified,low,2024-02-14,5250.19
C001232,DNI,32,mass_market,Lima,verified,low,2023-08-13,1269.04
C001233,DNI,62,mass_market,Callao,verified,medium,2023-05-23,4384.69
C001234,DNI,49,mass_market,Miraflores,verified,medium,2024-07-31,2961.06
C001235,DNI,58,affluent,Callao,verified,low,2024-06-23,4094.4
C001236,DNI,24,mass_market,Callao,verified,low,2023-05-05,2999.01
C001237,DNI,61,sme,Surco,verified,low,2023-07-31,2176.5
C001238,DNI,61,mass_market,San Borja,verified,low,2024-03-03,1616.12
C001239,DNI,31,premium,Cusco,verified,low,2024-03-12,4315.44
C001240,DNI,40,mass_market,San Borja,verified,low,2024-08-14,4302.71
C001241,DNI,64,sme,Miraflores,verified,low,2023-08-26,4290.89
C001242,PASSPORT,18,affluent,Piura,verified,low,2024-10-05,3771.31
C001243,DNI,49,affluent,Lima,verified,medium,2023-11-24,5011.97
C001244,DNI,58,sme,Trujillo,verified,low,2023-04-29,6459.7
C001245,CE,43,affluent,Lima,verified,medium,2023-02-15,1062.06
C001246,DNI,65,affluent,Cusco,verified,medium,2023-03-25,822.22
C001247,DNI,26,mass_market,Lima,verified,low,2023-12-18,7668.46
C001248,DNI,33,mass_market,La Molina,verified,medium,2023-01-13,1425.71
C001249,DNI,48,premium,Trujillo,pending,high,2024-09-28,1640.19
C001250,DNI,19,affluent,Miraflores,verified,low,2023-06-21,2544.81
C001251,DNI,49,affluent,Cusco,verified,low,2023-08-22,1200.29
C001252,DNI,27,mass_market,Arequipa,verified,low,2023-06-30,2416.63
C001253,DNI,42,mass_market,Miraflores,verified,medium,2023-02-20,1769.66
C001254,DNI,35,mass_market,La Molina,pending,low,2024-11-11,2621.92
C001255,CE,62,affluent,Trujillo,verified,low,2024-01-30,3476.96
C001256,PASSPORT,51,mass_market,Surco,verified,medium,2024-03-04,2467.73
C001257,DNI,46,mass_market,La Molina,verified,high,2023-10-01,2400.12
C001258,DNI,62,mass_market,Miraflores,verified,low,2023-07-26,3435.43
C001259,DNI,41,mass_market,Cusco,verified,low,2023-05-28,5294.16
C001260,DNI,20,affluent,Piura,verified,low,2023-10-27,7198.52
C001261,DNI,32,mass_market,Cusco,verified,low,2024-03-28,2643.35
C001262,DNI,20,affluent,Trujillo,verified,medium,2024-07-02,8133.03
C001263,DNI,72,mass_market,Piura,verified,low,2024-11-03,4828.01
C001264,CE,48,mass_market,San Borja,verified,low,2024-01-18,1513.83
C001265,DNI,27,mass_market,Trujillo,verified,medium,2024-09-09,1489.71
C001266,DNI,55,mass_market,Trujillo,verified,low,2024-06-17,2170.02
C001267,DNI,72,mass_market,La Molina,verified,medium,2023-08-21,6598.07
C001268,DNI,39,mass_market,Cusco,verified,low,2024-09-25,2262.55
C001269,DNI,31,affluent,Miraflores,verified,medium,2023-05-09,1052.79
C001270,DNI,26,mass_market,Surco,verified,high,2024-12-29,2628.36
C001271,DNI,35,affluent,Lima,verified,low,2024-10-21,1002.93
C001272,DNI,25,sme,Callao,verified,medium,2024-07-23,1668.63
C001273,DNI,55,affluent,Surco,verified,high,2023-08-25,2158.43
C001274,DNI,32,mass_market,Lima,verified,high,2024-08-04,3236.73
C001275,DNI,63,mass_market,San Borja,verified,low,2024-12-01,5235.88
C001276,DNI,32,mass_market,Miraflores,verified,low,2024-07-28,4366.75
C001277,DNI,69,mass_market,Cusco,verified,low,2024-04-29,1558.33
C001278,DNI,23,premium,Arequipa,verified,low,2023-08-29,2429.79
C001279,DNI,71,mass_market,Trujillo,verified,low,2024-11-27,3108.85
C001280,DNI,29,mass_market,Surco,verified,low,2023-08-11,2580.62
C001281,DNI,59,affluent,Lima,verified,low,2023-04-09,2570.58
C001282,DNI,36,affluent,Arequipa,verified,low,2024-07-10,1155.73
C001283,DNI,57,affluent,Surco,verified,medium,2023-09-30,1581.29
C001284,DNI,22,mass_market,Miraflores,verified,medium,2024-02-03,2388.41
C001285,DNI,44,mass_market,Cusco,verified,low,2024-05-31,543.88
C001286,DNI,27,mass_market,Piura,verified,low,2024-03-05,4240.15
C001287,DNI,60,mass_market,Surco,verified,medium,2024-06-06,1401.12
C001288,CE,69,mass_market,Surco,pending,low,2023-12-14,4349.26
C001289,DNI,63,mass_market,Cusco,pending,low,2024-07-04,4143.95
C001290,PASSPORT,31,mass_market,San Borja,verified,medium,2024-03-26,2210.49
C001291,DNI,51,mass_market,La Molina,pending,low,2023-02-11,5168.31
C001292,DNI,66,mass_market,Surco,verified,medium,2024-12-15,4486.19
C001293,DNI,32,affluent,Cusco,verified,medium,2023-04-04,2515.11
C001294,DNI,46,affluent,La Molina,verified,low,2024-04-30,2363.82
C001295,CE,72,sme,Cusco,verified,medium,2024-05-31,5450.58
C001296,CE,43,mass_market,Cusco,verified,low,2024-07-17,3386.69
C001297,DNI,44,mass_market,San Borja,verified,medium,2023-05-30,5295.35
C001298,CE,20,mass_market,Cusco,verified,medium,2024-12-17,801.16
C001299,DNI,20,affluent,Miraflores,verified,low,2024-05-13,3146.88
C001300,DNI,52,affluent,Surco,verified,low,2024-01-06,1251.91
C001301,DNI,52,mass_market,Lima,verified,low,2024-11-29,2938.98
C001302,DNI,67,premium,Lima,verified,low,2024-04-29,4414.28
C001303,DNI,23,mass_market,Lima,verified,high,2024-10-26,7758.37
C001304,DNI,31,mass_market,Cusco,verified,low,2024-01-18,1779.36
C001305,DNI,43,affluent,Arequipa,verified,low,2024-09-19,2232.47
C001306,DNI,20,sme,La Molina,verified,low,2024-10-22,2828.37
C001307,DNI,50,affluent,La Molina,verified,low,2023-07-11,1744.12
C001308,DNI,59,sme,Cusco,verified,medium,2023-08-09,5106.19
C001309,DNI,30,mass_market,Miraflores,verified,low,2023-02-16,2868.22
C001310,DNI,46,sme,Miraflores,verified,medium,2023-05-07,3187.77
C001311,DNI,26,mass_market,Trujillo,verified,medium,2024-12-27,4192.68
C001312,DNI,49,sme,Cusco,verified,low,2023-01-07,2865.67
C001313,DNI,39,mass_market,Callao,verified,low,2024-11-26,1901.41
C001314,DNI,39,sme,San Borja,verified,low,2023-04-26,2879.4
C001315,DNI,74,mass_market,Lima,verified,low,2024-07-17,1861.43
C001316,DNI,51,affluent,San Borja,verified,low,2024-01-01,3163.36
C001317,DNI,27,mass_market,Lima,verified,high,2023-02-15,5158.06
C001318,DNI,42,affluent,Piura,verified,high,2024-01-28,1562.06
C001319,DNI,29,mass_market,Piura,verified,low,2023-01-23,1283.31
C001320,DNI,68,mass_market,Cusco,verified,low,2023-05-11,3062.81
C001321,DNI,20,mass_market,Piura,verified,low,2023-05-07,1954.15
C001322,DNI,36,mass_market,Arequipa,verified,medium,2024-03-20,3033.46
C001323,DNI,50,sme,Trujillo,verified,low,2023-11-05,3555.4
C001324,DNI,64,mass_market,Miraflores,verified,low,2024-12-08,916.88
C001325,DNI,72,premium,Arequipa,verified,low,2024-03-08,4356.47
C001326,PASSPORT,43,mass_market,San Borja,pending,low,2024-04-17,1566.63
C001327,DNI,30,mass_market,San Borja,verified,low,2023-02-17,2944.54
C001328,DNI,24,affluent,Piura,verified,low,2023-03-23,2074.22
C001329,DNI,51,affluent,Miraflores,verified,low,2023-04-19,2200.46
C001330,DNI,39,mass_market,Trujillo,verified,low,2023-09-20,7567.95
C001331,DNI,37,affluent,Lima,pending,medium,2023-01-31,3553.18
C001332,DNI,60,affluent,Arequipa,verified,low,2023-12-24,4902.88
C001333,DNI,40,mass_market,Trujillo,verified,low,2024-07-21,3238.99
C001334,DNI,65,premium,Surco,verified,medium,2024-04-24,4192.31
C001335,DNI,31,premium,La Molina,verified,low,2023-07-08,3750.18
C001336,DNI,47,affluent,Piura,verified,low,2023-01-05,3428.75
C001337,DNI,40,mass_market,Lima,verified,medium,2023-10-13,5480.41
C001338,DNI,64,affluent,Surco,verified,low,2024-10-18,3248.92
C001339,DNI,69,mass_market,Lima,verified,low,2024-01-29,10475.89
C001340,DNI,36,mass_market,Lima,verified,medium,2024-03-30,5055.8
C001341,DNI,56,mass_market,Piura,pending,medium,2024-12-08,1592.81
C001342,DNI,58,mass_market,Lima,verified,low,2024-03-01,2705.11
C001343,DNI,53,sme,Trujillo,verified,low,2023-01-27,3708.54
C001344,DNI,23,affluent,Trujillo,verified,low,2023-05-07,3054.81
C001345,DNI,40,affluent,Surco,verified,high,2023-05-15,4349.34
C001346,DNI,27,mass_market,San Borja,verified,high,2024-06-18,4620.97
C001347,DNI,52,mass_market,Miraflores,verified,low,2023-11-27,1411.24
C001348,DNI,38,mass_market,Arequipa,verified,low,2024-09-20,6030.54
C001349,PASSPORT,49,premium,Arequipa,verified,low,2024-01-27,2268.22
C001350,DNI,47,mass_market,Callao,verified,low,2023-01-08,2147.91
C001351,DNI,50,sme,Piura,verified,low,2024-09-04,2144.12
C001352,DNI,23,affluent,Cusco,verified,low,2023-09-18,4650.44
C001353,DNI,22,mass_market,Cusco,verified,low,2023-07-18,2573.73
C001354,CE,72,affluent,Surco,verified,low,2024-08-20,2069.47
C001355,DNI,32,mass_market,Lima,verified,medium,2024-01-21,2360.96
C001356,DNI,74,sme,Lima,verified,medium,2024-04-16,1110.89
C001357,CE,60,sme,Piura,verified,medium,2023-06-28,1875.84
C001358,DNI,69,mass_market,La Molina,verified,low,2024-03-25,1507.53
C001359,DNI,42,mass_market,San Borja,verified,medium,2023-08-28,2570.76
C001360,DNI,30,affluent,Callao,verified,medium,2024-06-07,4295.43
C001361,DNI,23,sme,Trujillo,verified,low,2023-07-02,4042.55
C001362,DNI,54,mass_market,Lima,verified,low,2023-12-24,5950.39
C001363,DNI,19,affluent,Callao,verified,high,2024-01-11,5264.21
C001364,CE,34,affluent,Arequipa,verified,low,2024-12-02,2228.92
C001365,DNI,41,affluent,La Molina,pending,low,2024-12-27,3012.39
C001366,DNI,29,mass_market,Trujillo,verified,low,2024-06-21,2928.06
C001367,DNI,61,affluent,Piura,verified,low,2023-03-23,913.17
C001368,DNI,71,sme,Callao,verified,low,2023-12-24,1526.16
C001369,DNI,31,mass_market,Surco,pending,low,2023-07-04,2718.93
C001370,CE,24,mass_market,Trujillo,verified,low,2023-10-15,2710.55
C001371,DNI,71,premium,Piura,verified,low,2023-03-03,3951.22
C001372,DNI,43,mass_market,Cusco,verified,medium,2024-05-21,3846.82
C001373,DNI,49,sme,Piura,pending,high,2024-04-06,1125.65
C001374,DNI,46,mass_market,Piura,verified,low,2023-01-30,3964.87
C001375,DNI,63,mass_market,Trujillo,pending,low,2023-01-31,3288.62
C001376,DNI,56,sme,La Molina,verified,low,2023-10-20,4200.06
C001377,DNI,26,mass_market,Trujillo,verified,low,2023-06-22,5360.3
C001378,DNI,31,mass_market,Miraflores,pending,high,2024-09-05,2755.67
C001379,DNI,70,mass_market,San Borja,pending,low,2023-05-08,5913.98
C001380,DNI,34,affluent,La Molina,verified,low,2023-03-27,1827.73
C001381,CE,66,mass_market,Surco,verified,low,2023-11-11,1771.96
C001382,CE,42,mass_market,La Molina,verified,low,2023-01-28,3773.75
C001383,DNI,70,premium,Arequipa,pending,low,2023-05-02,2433.72
C001384,CE,47,mass_market,Surco,verified,low,2023-09-08,3442.31
C001385,DNI,62,affluent,Cusco,verified,medium,2024-07-26,8920.79
C001386,DNI,46,mass_market,Trujillo,pending,low,2024-02-07,3701.24
C001387,DNI,46,affluent,Piura,verified,low,2024-11-13,3349.93
C001388,DNI,35,mass_market,Trujillo,verified,low,2024-03-18,1848.13
C001389,DNI,48,premium,Arequipa,verified,low,2023-09-29,1170.29
C001390,DNI,36,mass_market,Callao,verified,low,2023-04-23,2864.36
C001391,DNI,34,mass_market,Arequipa,verified,low,2024-12-06,5360.32
C001392,DNI,23,mass_market,Miraflores,verified,medium,2024-01-29,2495.85
C001393,DNI,29,mass_market,Piura,verified,low,2023-01-19,3717.49
C001394,DNI,55,mass_market,Piura,verified,low,2024-08-27,6532.69
C001395,CE,20,mass_market,Lima,verified,low,2024-12-29,6443.54
C001396,DNI,64,sme,Callao,verified,low,2024-04-09,3773.84
C001397,DNI,52,mass_market,Lima,verified,low,2024-11-21,3273.32
C001398,DNI,72,mass_market,Cusco,verified,low,2023-07-10,1293.04
C001399,DNI,64,affluent,San Borja,verified,low,2024-05-07,2107.79
C001400,DNI,50,affluent,San Borja,verified,low,2023-06-12,2554.43
C001401,DNI,70,mass_market,Trujillo,verified,low,2024-09-03,1865.38
C001402,DNI,46,mass_market,San Borja,verified,low,2024-11-29,3417.45
C001403,DNI,20,mass_market,Piura,verified,low,2023-10-22,8530.53
C001404,DNI,22,affluent,Arequipa,verified,low,2024-08-01,6868.97
C001405,DNI,31,affluent,Callao,verified,low,2023-03-14,3408.86
C001406,CE,53,mass_market,Trujillo,verified,low,2024-12-01,4576.5
C001407,DNI,71,sme,Trujillo,verified,low,2024-07-15,1996.73
C001408,DNI,45,sme,Callao,verified,low,2023-11-05,6669.16
C001409,PASSPORT,58,affluent,Piura,verified,low,2023-10-29,1262.59
C001410,DNI,49,sme,Cusco,verified,medium,2023-11-04,4924.88
C001411,DNI,35,mass_market,Cusco,verified,high,2023-05-04,3915.01
C001412,DNI,59,mass_market,Trujillo,verified,low,2024-10-30,1967.02
C001413,DNI,57,mass_market,Cusco,verified,low,2023-09-18,2657.57
C001414,DNI,30,mass_market,Piura,verified,low,2023-07-14,1597.45
C001415,DNI,19,mass_market,Miraflores,verified,low,2023-12-17,1635.33
C001416,DNI,69,premium,Miraflores,verified,low,2024-05-03,1242.55
C001417,DNI,42,mass_market,Lima,verified,medium,2023-07-19,4546.59
C001418,DNI,37,mass_market,La Molina,verified,low,2024-05-22,5784.51
C001419,DNI,24,mass_market,Surco,verified,high,2024-08-02,907.78
C001420,DNI,28,premium,San Borja,pending,low,2024-03-21,8193.27
C001421,DNI,22,mass_market,Cusco,verified,low,2023-03-21,2961.34
C001422,DNI,46,mass_market,Miraflores,verified,medium,2024-11-28,3496.16
C001423,DNI,35,mass_market,Arequipa,verified,medium,2024-09-08,1326.33
C001424,DNI,25,mass_market,Callao,verified,medium,2024-04-13,6163.83
C001425,DNI,44,premium,La Molina,verified,medium,2024-03-17,3328.04
C001426,DNI,59,premium,Lima,verified,low,2024-10-15,5576.71
C001427,DNI,19,mass_market,Surco,verified,low,2023-09-29,5834.08
C001428,DNI,52,premium,Miraflores,verified,low,2023-12-09,6211.64
C001429,DNI,43,affluent,Lima,verified,low,2023-05-04,2086.92
C001430,DNI,40,sme,La Molina,verified,high,2023-08-11,2658.78
C001431,DNI,22,mass_market,Callao,verified,medium,2024-05-04,2129.33
C001432,DNI,33,mass_market,San Borja,verified,medium,2024-11-16,4877.09
C001433,DNI,59,mass_market,Miraflores,verified,low,2024-12-03,3579.9
C001434,DNI,28,affluent,Callao,verified,low,2024-10-13,5367.03
C001435,DNI,36,mass_market,Surco,verified,medium,2023-10-24,5497.27
C001436,DNI,33,mass_market,Cusco,verified,low,2023-04-29,1152.87
C001437,DNI,49,mass_market,La Molina,pending,low,2023-03-17,6266.19
C001438,CE,29,affluent,Surco,verified,low,2024-09-12,5028.99
C001439,DNI,19,mass_market,San Borja,rejected,low,2024-09-22,2433.11
C001440,DNI,60,affluent,Callao,verified,high,2023-09-15,3613.33
C001441,DNI,39,premium,Piura,verified,low,2024-06-15,2784.94
C001442,DNI,43,mass_market,San Borja,verified,low,2024-09-22,4183.2
C001443,DNI,50,affluent,Trujillo,verified,low,2023-12-17,2430.21
C001444,DNI,41,mass_market,Miraflores,verified,low,2024-10-10,3879.3
C001445,DNI,22,sme,Cusco,verified,low,2023-10-04,3093.37
C001446,DNI,38,mass_market,La Molina,verified,low,2023-09-12,2350.29
C001447,DNI,63,affluent,Arequipa,verified,high,2023-09-21,3309.57
C001448,DNI,35,sme,Callao,verified,medium,2024-11-09,13207.74
C001449,DNI,56,premium,Piura,verified,low,2024-11-07,2044.59
C001450,DNI,22,affluent,Arequipa,verified,low,2023-01-29,2598.09
C001451,DNI,25,mass_market,Miraflores,verified,low,2024-04-11,2064.28
C001452,DNI,38,affluent,Miraflores,pending,medium,2023-02-04,2186.88
C001453,DNI,64,sme,La Molina,verified,low,2023-10-21,4668.89
C001454,DNI,74,affluent,Piura,verified,low,2024-08-24,4419.29
C001455,DNI,22,mass_market,Miraflores,verified,low,2023-07-22,2971.36
C001456,DNI,30,premium,Arequipa,verified,low,2023-03-09,5242.02
C001457,DNI,36,affluent,Piura,verified,low,2023-05-11,4611.89
C001458,DNI,46,affluent,Arequipa,pending,medium,2023-04-21,2726.34
C001459,DNI,19,mass_market,San Borja,verified,high,2024-06-07,1282.25
C001460,DNI,54,affluent,Surco,verified,low,2023-10-15,4705.0
C001461,DNI,43,mass_market,Piura,verified,low,2024-11-17,3272.52
C001462,DNI,46,affluent,Lima,verified,low,2024-10-27,3017.62
C001463,DNI,22,mass_market,Surco,rejected,low,2023-02-12,2306.93
C001464,DNI,49,affluent,Surco,verified,low,2024-12-17,4489.77
C001465,DNI,55,premium,Piura,verified,low,2024-11-14,3610.76
C001466,DNI,65,mass_market,Cusco,verified,medium,2023-10-21,2616.9
C001467,DNI,19,premium,Miraflores,verified,low,2023-10-12,1519.29
C001468,DNI,22,mass_market,San Borja,verified,low,2024-07-17,5363.44
C001469,DNI,64,sme,Cusco,verified,low,2024-09-18,4157.62
C001470,DNI,50,affluent,Cusco,verified,low,2023-01-19,3430.54
C001471,DNI,68,affluent,Lima,verified,low,2024-05-21,691.44
C001472,CE,52,affluent,Callao,verified,low,2024-06-30,2919.47
C001473,DNI,36,sme,Piura,verified,low,2023-02-17,2610.61
C001474,DNI,32,mass_market,Arequipa,rejected,medium,2023-08-07,2121.39
C001475,CE,52,mass_market,Miraflores,verified,low,2024-09-13,4513.51
C001476,DNI,25,affluent,Cusco,verified,low,2023-07-07,4416.81
C001477,DNI,64,sme,San Borja,verified,low,2023-01-31,3790.5
C001478,CE,18,affluent,Callao,pending,low,2023-09-16,5275.56
C001479,DNI,55,affluent,Lima,verified,low,2024-11-05,1698.9
C001480,CE,39,mass_market,Trujillo,verified,medium,2023-12-10,2322.71
C001481,DNI,34,sme,Miraflores,verified,low,2023-11-04,3106.14
C001482,DNI,33,mass_market,Trujillo,verified,low,2023-03-12,2117.3
C001483,DNI,62,mass_market,Surco,verified,low,2023-11-03,4446.81
C001484,DNI,18,mass_market,Cusco,rejected,low,2024-07-21,2236.77
C001485,DNI,20,mass_market,La Molina,verified,low,2023-04-09,6088.17
C001486,DNI,73,mass_market,Miraflores,verified,medium,2023-01-21,1786.23
C001487,DNI,23,mass_market,Arequipa,verified,low,2024-09-11,9629.54
C001488,DNI,69,affluent,Callao,verified,medium,2024-07-18,9100.76
C001489,DNI,70,mass_market,San Borja,verified,low,2023-01-06,2829.59
C001490,DNI,20,mass_market,Miraflores,verified,low,2023-08-19,5599.28
C001491,DNI,64,mass_market,Arequipa,verified,low,2023-03-23,2391.71
C001492,DNI,47,mass_market,Piura,verified,low,2023-08-05,5204.65
C001493,DNI,64,mass_market,Trujillo,verified,low,2023-12-01,2705.96
C001494,DNI,28,mass_market,Piura,verified,medium,2024-07-12,1469.99
C001495,DNI,44,affluent,Callao,verified,low,2024-11-20,427.07
C001496,CE,39,affluent,Lima,verified,low,2024-08-16,2571.4
C001497,DNI,23,affluent,Cusco,verified,medium,2024-12-04,3475.47
C001498,DNI,55,mass_market,Miraflores,pending,low,2024-10-16,6196.09
C001499,DNI,58,mass_market,La Molina,verified,medium,2024-07-06,3041.61
C001500,DNI,63,sme,Trujillo,pending,low,2024-04-03,5175.03
C001501,DNI,48,mass_market,Trujillo,verified,low,2023-03-28,2322.34
C001502,DNI,60,mass_market,Miraflores,verified,low,2024-05-29,2476.24
C001503,DNI,73,mass_market,Surco,verified,low,2024-12-23,5322.61
C001504,CE,23,mass_market,Piura,verified,medium,2024-05-27,768.49
C001505,DNI,67,mass_market,Trujillo,verified,medium,2024-08-09,3002.32
C001506,DNI,37,mass_market,Arequipa,verified,low,2024-04-22,2392.33
C001507,DNI,64,affluent,San Borja,verified,low,2024-05-12,6300.2
C001508,DNI,71,mass_market,Cusco,verified,low,2024-03-24,2229.35
C001509,DNI,58,affluent,Trujillo,verified,low,2024-08-10,3960.48
C001510,DNI,28,affluent,Arequipa,verified,low,2023-09-17,4948.47
C001511,DNI,19,sme,Callao,verified,low,2024-06-20,1311.69
C001512,DNI,48,affluent,Callao,verified,medium,2023-07-19,2760.99
C001513,DNI,55,premium,Cusco,verified,low,2024-04-07,2351.01
C001514,CE,43,mass_market,Surco,verified,high,2023-04-04,5016.37
C001515,CE,44,mass_market,La Molina,verified,low,2023-12-18,4321.23
C001516,DNI,72,mass_market,Cusco,verified,high,2023-04-18,2622.12
C001517,DNI,63,affluent,Lima,verified,low,2023-12-21,1675.6
C001518,DNI,63,sme,Surco,verified,low,2024-04-13,5276.3
C001519,DNI,48,mass_market,Trujillo,pending,medium,2023-04-05,2872.08
C001520,DNI,41,premium,Cusco,verified,low,2023-04-01,1224.02
C001521,DNI,30,mass_market,Piura,verified,medium,2023-02-13,1283.3
C001522,DNI,42,premium,Callao,pending,low,2024-03-31,3792.19
C001523,DNI,54,mass_market,Arequipa,verified,medium,2024-01-19,1477.8
C001524,CE,58,mass_market,Cusco,verified,low,2023-01-23,8290.01
C001525,DNI,42,mass_market,Piura,verified,low,2024-12-02,1780.43
C001526,DNI,46,mass_market,Surco,verified,low,2023-01-23,2980.37
C001527,CE,48,mass_market,Lima,verified,medium,2023-08-22,3253.58
C001528,DNI,60,mass_market,Arequipa,verified,low,2024-11-28,1995.88
C001529,DNI,56,sme,San Borja,pending,low,2023-11-07,869.65
C001530,DNI,19,mass_market,Lima,pending,low,2024-02-21,3310.96
C001531,DNI,73,mass_market,Trujillo,verified,low,2023-11-29,1969.86
C001532,DNI,29,affluent,Piura,verified,low,2024-07-28,3178.28
C001533,DNI,22,affluent,Cusco,pending,low,2023-04-13,2786.99
C001534,DNI,44,mass_market,Cusco,verified,low,2024-05-14,3445.45
C001535,DNI,73,mass_market,Miraflores,verified,low,2024-04-27,7037.64
C001536,DNI,51,mass_market,Callao,verified,high,2023-07-08,2207.46
C001537,DNI,31,mass_market,Trujillo,verified,low,2024-04-04,2303.39
C001538,DNI,24,affluent,Piura,verified,low,2023-07-08,1192.51
C001539,DNI,54,mass_market,Cusco,verified,low,2023-12-17,2677.53
C001540,CE,53,mass_market,San Borja,verified,low,2024-08-03,3734.72
C001541,DNI,27,affluent,Arequipa,verified,low,2023-04-24,2284.9
C001542,DNI,46,mass_market,Trujillo,verified,medium,2023-04-14,3748.22
C001543,DNI,33,affluent,Surco,verified,low,2024-09-11,2703.68
C001544,DNI,55,mass_market,San Borja,verified,low,2024-05-22,1456.44
C001545,DNI,38,premium,Arequipa,verified,low,2023-12-11,3538.97
C001546,DNI,55,mass_market,La Molina,verified,medium,2023-01-21,2661.89
C001547,DNI,58,sme,Callao,verified,low,2024-01-22,3189.17
C001548,CE,50,affluent,Trujillo,verified,low,2023-07-28,2182.39
C001549,DNI,46,mass_market,Piura,pending,low,2024-11-12,2078.76
C001550,DNI,65,affluent,Lima,verified,low,2024-04-27,3250.54
C001551,DNI,34,premium,Arequipa,pending,low,2024-04-17,2625.88
C001552,DNI,30,affluent,Surco,verified,low,2024-12-06,7695.21
C001553,DNI,23,sme,Cusco,verified,low,2024-01-28,4625.32
C001554,DNI,19,sme,Lima,pending,low,2024-09-26,4022.88
C001555,CE,25,mass_market,San Borja,verified,medium,2024-11-19,2703.72
C001556,DNI,72,mass_market,Callao,verified,low,2024-05-30,978.17
C001557,DNI,71,affluent,Piura,verified,medium,2023-07-07,1911.84
C001558,DNI,49,mass_market,Lima,verified,low,2023-12-12,2088.06
C001559,DNI,53,sme,Surco,verified,low,2023-12-18,2562.55
C001560,DNI,26,sme,Arequipa,verified,low,2024-06-24,2926.76
C001561,DNI,40,mass_market,Piura,verified,low,2024-08-20,4276.29
C001562,PASSPORT,24,mass_market,La Molina,verified,low,2023-02-16,3464.18
C001563,DNI,48,affluent,Cusco,verified,low,2023-03-18,5639.56
C001564,DNI,38,mass_market,Callao,verified,low,2023-12-09,2511.04
C001565,DNI,18,sme,Lima,verified,low,2023-07-10,3433.86
C001566,DNI,63,mass_market,Callao,verified,medium,2024-06-26,3601.53
C001567,DNI,19,affluent,Callao,verified,low,2024-11-11,3412.33
C001568,DNI,57,mass_market,Callao,verified,low,2023-02-05,6033.24
C001569,DNI,28,affluent,Arequipa,verified,low,2024-02-28,4638.17
C001570,DNI,54,mass_market,Callao,pending,medium,2023-12-17,1442.78
C001571,DNI,35,affluent,La Molina,verified,low,2023-07-07,2799.28
C001572,DNI,61,mass_market,San Borja,verified,low,2024-06-10,2958.14
C001573,DNI,70,affluent,Surco,verified,low,2023-11-30,9733.68
C001574,DNI,41,sme,Piura,verified,low,2024-04-27,2486.46
C001575,DNI,69,mass_market,La Molina,verified,low,2023-08-04,1736.51
C001576,DNI,36,mass_market,Piura,verified,low,2023-06-07,3793.63
C001577,DNI,22,mass_market,Surco,verified,low,2024-10-28,3918.02
C001578,DNI,46,affluent,San Borja,verified,low,2023-08-29,2862.43
C001579,DNI,56,affluent,Trujillo,verified,low,2023-10-23,2640.85
C001580,DNI,19,mass_market,Piura,verified,low,2024-04-06,5023.58
C001581,DNI,34,mass_market,Piura,verified,low,2023-02-14,1864.08
C001582,DNI,62,mass_market,San Borja,verified,low,2024-05-09,2471.24
C001583,DNI,28,affluent,Lima,verified,medium,2023-06-24,2236.84
C001584,DNI,54,mass_market,La Molina,verified,low,2023-12-12,5440.59
C001585,DNI,30,premium,Lima,verified,low,2023-02-25,3487.78
C001586,DNI,46,mass_market,Lima,verified,low,2024-07-19,1659.47
C001587,DNI,72,affluent,Lima,verified,low,2023-12-07,1753.77
C001588,DNI,49,mass_market,Callao,verified,low,2023-04-18,8353.02
C001589,DNI,62,mass_market,Cusco,verified,medium,2024-12-10,5408.73
C001590,DNI,57,affluent,Piura,verified,low,2023-08-02,4735.55
C001591,DNI,60,affluent,Lima,verified,low,2024-05-13,3001.1
C001592,DNI,25,premium,La Molina,verified,medium,2024-02-01,6833.96
C001593,DNI,27,mass_market,Cusco,verified,low,2024-07-03,1624.78
C001594,DNI,42,mass_market,Cusco,verified,medium,2024-05-11,4510.36
C001595,DNI,28,affluent,Lima,verified,low,2023-06-22,2336.01
C001596,DNI,45,affluent,Arequipa,verified,low,2023-04-15,2599.59
C001597,DNI,50,mass_market,Lima,verified,low,2024-07-05,4443.44
C001598,DNI,56,mass_market,Arequipa,verified,low,2024-04-23,2754.64
C001599,DNI,43,mass_market,Lima,verified,medium,2024-02-03,2347.05
C001600,DNI,25,sme,La Molina,verified,low,2024-03-09,2270.29
C001601,DNI,55,mass_market,Arequipa,pending,low,2024-10-03,999.75
C001602,DNI,43,mass_market,Callao,verified,medium,2024-11-23,4535.82
C001603,PASSPORT,49,mass_market,Cusco,verified,low,2023-07-13,1713.6
C001604,DNI,63,mass_market,Lima,verified,medium,2024-04-10,8284.36
C001605,DNI,45,mass_market,Cusco,verified,medium,2023-12-07,2544.81
C001606,DNI,69,mass_market,Lima,verified,low,2023-02-28,6125.35
C001607,PASSPORT,24,mass_market,Piura,verified,low,2024-06-21,1102.17
C001608,DNI,52,sme,Piura,verified,medium,2024-04-22,4457.38
C001609,DNI,19,mass_market,Miraflores,verified,low,2023-04-13,5134.34
C001610,DNI,39,mass_market,Lima,verified,medium,2024-06-16,6105.59
C001611,DNI,67,sme,Miraflores,verified,low,2024-08-14,1286.37
C001612,DNI,39,affluent,San Borja,verified,low,2024-12-11,2025.36
C001613,DNI,20,mass_market,San Borja,verified,low,2023-11-18,4093.19
C001614,DNI,63,mass_market,Cusco,verified,low,2024-07-02,3234.54
C001615,DNI,67,mass_market,Arequipa,verified,low,2023-01-14,3502.9
C001616,DNI,62,affluent,Lima,verified,low,2024-03-31,2445.1
C001617,DNI,25,premium,Surco,pending,low,2023-08-09,6994.92
C001618,DNI,21,affluent,Lima,verified,medium,2024-01-26,12514.66
C001619,DNI,32,affluent,Lima,verified,low,2024-11-08,3156.4
C001620,DNI,61,affluent,Surco,verified,medium,2023-06-22,3825.26
C001621,DNI,63,mass_market,San Borja,verified,low,2024-10-23,3074.61
C001622,DNI,69,mass_market,Miraflores,verified,low,2024-11-14,6040.42
C001623,DNI,56,affluent,Cusco,verified,medium,2023-03-22,4703.27
C001624,DNI,73,premium,San Borja,verified,low,2023-12-02,1658.2
C001625,DNI,29,mass_market,Surco,verified,medium,2023-08-13,2128.16
C001626,DNI,46,affluent,Lima,verified,low,2023-02-04,1711.09
C001627,DNI,26,mass_market,San Borja,verified,low,2023-07-07,13123.4
C001628,DNI,59,mass_market,La Molina,verified,medium,2023-08-12,4227.73
C001629,CE,57,mass_market,Piura,verified,low,2024-10-04,2148.17
C001630,CE,37,mass_market,Lima,verified,low,2024-05-08,2055.85
C001631,DNI,51,affluent,Trujillo,verified,low,2023-11-07,4641.89
C001632,DNI,43,mass_market,Surco,verified,medium,2024-06-04,4903.51
C001633,DNI,65,affluent,Callao,verified,medium,2024-08-03,4623.74
C001634,DNI,38,affluent,Arequipa,verified,low,2024-06-23,2358.88
C001635,DNI,40,premium,Callao,verified,high,2024-01-04,3527.04
C001636,DNI,35,mass_market,San Borja,verified,low,2024-04-19,3168.47
C001637,DNI,69,mass_market,Lima,verified,high,2023-01-31,1781.23
C001638,DNI,71,mass_market,Arequipa,verified,low,2023-08-20,1790.82
C001639,PASSPORT,41,premium,Arequipa,pending,low,2024-05-11,3739.03
C001640,DNI,59,premium,Cusco,pending,medium,2024-07-19,3321.09
C001641,DNI,46,mass_market,Callao,verified,low,2023-06-24,4041.39
C001642,DNI,55,sme,Lima,verified,high,2023-10-25,4605.76
C001643,DNI,55,mass_market,Cusco,verified,low,2023-12-31,6799.88
C001644,DNI,71,affluent,Miraflores,verified,low,2023-03-27,1945.46
C001645,DNI,69,mass_market,Callao,verified,medium,2024-07-30,4215.95
C001646,DNI,30,affluent,Piura,verified,high,2023-03-30,4501.02
C001647,DNI,49,mass_market,Piura,verified,low,2023-02-23,2510.73
C001648,DNI,36,sme,Cusco,verified,low,2024-09-21,3187.6
C001649,DNI,34,affluent,Miraflores,verified,medium,2023-12-27,2546.29
C001650,CE,19,affluent,La Molina,verified,medium,2024-04-20,9506.44
C001651,DNI,35,mass_market,La Molina,verified,low,2023-08-17,3157.92
C001652,CE,56,mass_market,Piura,verified,low,2024-06-17,3821.23
C001653,DNI,44,mass_market,Trujillo,verified,medium,2024-01-08,2578.1
C001654,DNI,31,mass_market,Surco,verified,low,2024-04-13,2289.76
C001655,DNI,71,mass_market,Surco,verified,high,2024-02-24,1456.66
C001656,DNI,32,premium,Trujillo,verified,low,2024-06-15,5458.49
C001657,DNI,25,affluent,Cusco,verified,low,2024-02-04,4548.9
C001658,DNI,26,mass_market,Surco,verified,low,2023-07-03,2526.01
C001659,DNI,38,mass_market,Surco,verified,low,2024-07-15,1816.74
C001660,DNI,60,mass_market,Callao,verified,low,2023-03-31,3291.01
C001661,DNI,52,affluent,Callao,verified,high,2024-09-07,2267.12
C001662,DNI,69,mass_market,Trujillo,verified,low,2024-12-06,2638.26
C001663,DNI,31,sme,Lima,verified,medium,2024-01-18,1487.78
C001664,DNI,44,mass_market,Miraflores,verified,low,2024-01-04,3358.97
C001665,DNI,25,premium,Cusco,verified,medium,2023-03-15,3395.99
C001666,DNI,52,sme,Callao,verified,low,2023-09-26,5443.06
C001667,DNI,35,mass_market,Callao,verified,low,2023-01-15,2743.78
C001668,DNI,72,premium,La Molina,verified,low,2023-11-25,2481.31
C001669,DNI,31,mass_market,Miraflores,verified,low,2024-01-27,1266.21
C001670,DNI,69,sme,La Molina,verified,high,2024-12-10,5461.77
C001671,DNI,25,mass_market,Lima,verified,low,2024-03-09,4870.99
C001672,DNI,66,sme,Miraflores,verified,low,2023-12-10,3028.45
C001673,DNI,25,sme,Surco,verified,low,2023-07-14,1435.0
C001674,DNI,54,sme,La Molina,pending,low,2023-02-05,1528.45
C001675,DNI,61,affluent,Piura,verified,low,2023-07-24,2206.34
C001676,DNI,19,mass_market,Cusco,verified,low,2024-10-12,5068.87
C001677,DNI,34,mass_market,Surco,verified,low,2023-02-26,3497.09
C001678,DNI,30,mass_market,Miraflores,verified,high,2023-04-20,1311.14
C001679,DNI,71,mass_market,Piura,verified,low,2024-11-16,3723.12
C001680,DNI,31,affluent,Lima,verified,low,2024-05-10,1878.95
C001681,DNI,58,mass_market,Piura,verified,medium,2024-12-18,2236.76
C001682,DNI,58,premium,Callao,verified,medium,2023-08-13,5087.06
C001683,DNI,26,affluent,Trujillo,verified,medium,2024-01-21,4541.57
C001684,DNI,44,sme,Piura,pending,low,2023-03-05,5438.21
C001685,DNI,37,mass_market,Arequipa,verified,low,2023-12-18,2943.27
C001686,DNI,55,sme,Lima,verified,high,2024-04-07,4844.81
C001687,DNI,29,premium,Surco,verified,low,2023-11-16,2159.49
C001688,DNI,59,mass_market,La Molina,verified,low,2023-12-23,2587.22
C001689,DNI,39,affluent,San Borja,verified,low,2023-04-03,2491.25
C001690,DNI,54,affluent,Lima,verified,low,2024-11-25,3020.34
C001691,DNI,67,mass_market,Arequipa,verified,medium,2023-10-27,1469.14
C001692,DNI,56,mass_market,Callao,verified,low,2024-12-26,2633.97
C001693,DNI,48,mass_market,La Molina,verified,medium,2024-05-08,6623.71
C001694,CE,30,mass_market,Cusco,rejected,low,2024-10-15,1634.53
C001695,DNI,18,mass_market,San Borja,verified,high,2024-08-17,1434.93
C001696,DNI,55,mass_market,Piura,verified,low,2024-01-24,1500.0
C001697,DNI,70,mass_market,Arequipa,verified,low,2024-09-02,12887.62
C001698,DNI,70,mass_market,Piura,verified,low,2024-03-09,3849.38
C001699,DNI,57,premium,Cusco,verified,medium,2023-04-12,2569.21
C001700,DNI,26,mass_market,Lima,verified,medium,2024-01-13,3095.1
C001701,DNI,56,premium,Trujillo,verified,low,2024-08-05,3378.55
C001702,PASSPORT,27,mass_market,Arequipa,verified,low,2023-12-04,2095.93
C001703,DNI,46,mass_market,Miraflores,verified,medium,2024-05-06,2242.91
C001704,DNI,57,mass_market,Surco,pending,medium,2024-10-03,2733.33
C001705,DNI,47,mass_market,Miraflores,verified,low,2023-03-01,2000.96
C001706,DNI,19,mass_market,Trujillo,rejected,medium,2024-05-23,2396.31
C001707,DNI,35,affluent,Cusco,verified,low,2024-01-27,3619.9
C001708,DNI,45,mass_market,Miraflores,verified,low,2023-04-29,1722.56
C001709,DNI,64,affluent,Callao,verified,low,2024-04-15,12524.88
C001710,DNI,49,affluent,Arequipa,pending,high,2023-11-24,4510.83
C001711,DNI,41,mass_market,Callao,verified,low,2023-01-21,1482.45
C001712,CE,55,mass_market,San Borja,verified,low,2023-04-07,762.92
C001713,CE,73,affluent,Trujillo,verified,medium,2024-05-27,2042.38
C001714,DNI,31,mass_market,San Borja,verified,low,2024-12-15,4343.34
C001715,DNI,42,mass_market,San Borja,verified,medium,2024-10-01,3904.01
C001716,DNI,42,premium,San Borja,verified,medium,2023-12-16,2804.65
C001717,DNI,49,mass_market,Lima,verified,high,2023-05-12,2141.38
C001718,DNI,44,affluent,Lima,verified,low,2024-06-29,1812.98
C001719,DNI,71,premium,Trujillo,verified,low,2024-08-21,2388.88
C001720,DNI,49,mass_market,La Molina,verified,medium,2023-02-01,1708.19
C001721,DNI,73,mass_market,Miraflores,verified,low,2023-09-16,2393.75
C001722,DNI,48,mass_market,Lima,verified,low,2024-04-20,6198.25
C001723,DNI,67,mass_market,Piura,verified,low,2023-02-02,1950.46
C001724,DNI,41,mass_market,Callao,verified,low,2024-01-23,4171.31
C001725,DNI,52,affluent,Lima,verified,medium,2024-07-14,4536.37
C001726,DNI,47,mass_market,Cusco,verified,low,2024-03-31,1646.19
C001727,DNI,50,mass_market,San Borja,verified,low,2024-08-16,1874.59
C001728,PASSPORT,72,premium,Lima,verified,low,2023-05-24,5366.43
C001729,DNI,50,sme,Trujillo,verified,low,2024-08-26,1791.54
C001730,DNI,63,affluent,Callao,verified,low,2023-08-12,2888.18
C001731,DNI,44,mass_market,Callao,verified,medium,2023-08-05,9154.41
C001732,DNI,50,affluent,La Molina,verified,low,2023-06-05,5109.76
C001733,DNI,50,mass_market,Surco,rejected,low,2024-06-03,3124.02
C001734,DNI,21,mass_market,Surco,verified,medium,2023-02-05,4733.41
C001735,CE,47,mass_market,Miraflores,verified,low,2024-09-27,2890.67
C001736,DNI,61,sme,Piura,verified,low,2023-01-09,5218.82
C001737,DNI,32,mass_market,Arequipa,verified,high,2023-02-09,967.34
C001738,DNI,46,mass_market,Trujillo,verified,low,2024-04-13,2761.15
C001739,DNI,45,mass_market,Cusco,verified,medium,2023-06-28,946.26
C001740,DNI,49,mass_market,Lima,verified,medium,2024-10-02,3257.6
C001741,DNI,53,sme,Trujillo,verified,medium,2024-05-15,2617.83
C001742,DNI,47,affluent,Piura,verified,medium,2024-01-08,6300.61
C001743,DNI,59,affluent,Surco,verified,low,2023-03-09,4409.45
C001744,DNI,60,mass_market,Trujillo,verified,medium,2024-10-27,2232.0
C001745,DNI,55,mass_market,Lima,verified,medium,2024-02-28,2384.11
C001746,DNI,59,mass_market,La Molina,verified,low,2024-05-29,3675.27
C001747,DNI,29,mass_market,Miraflores,pending,low,2023-12-30,2175.67
C001748,DNI,20,mass_market,La Molina,verified,medium,2024-03-26,2928.35
C001749,DNI,32,affluent,Surco,verified,low,2024-05-30,6149.86
C001750,DNI,65,mass_market,San Borja,verified,medium,2023-11-25,1889.33
C001751,DNI,27,mass_market,Surco,verified,low,2024-01-05,2330.36
C001752,DNI,39,mass_market,Miraflores,verified,low,2024-08-19,2517.22
C001753,DNI,40,mass_market,Lima,verified,low,2024-01-22,16931.66
C001754,DNI,28,mass_market,Piura,verified,low,2024-06-30,4165.26
C001755,DNI,33,premium,Arequipa,verified,low,2023-04-24,5556.02
C001756,DNI,66,sme,La Molina,verified,low,2024-07-24,4548.12
C001757,DNI,63,premium,Surco,verified,low,2023-02-07,4719.54
C001758,DNI,33,mass_market,Piura,verified,low,2024-06-28,3867.89
C001759,CE,31,mass_market,La Molina,verified,low,2024-01-12,3644.22
C001760,DNI,23,mass_market,Surco,verified,medium,2024-02-03,1342.23
C001761,DNI,59,mass_market,Miraflores,verified,low,2023-07-22,3629.41
C001762,DNI,34,sme,La Molina,verified,low,2023-07-21,2808.51
C001763,DNI,72,mass_market,Surco,pending,low,2023-04-10,4023.88
C001764,DNI,48,mass_market,Lima,verified,low,2024-02-02,2867.02
C001765,DNI,59,mass_market,Miraflores,verified,low,2024-03-25,4535.73
C001766,DNI,70,mass_market,Piura,verified,low,2023-04-28,4998.85
C001767,PASSPORT,27,affluent,Piura,verified,low,2024-02-25,600.83
C001768,DNI,63,mass_market,Arequipa,verified,low,2023-08-31,2348.09
C001769,DNI,37,mass_market,Trujillo,verified,low,2024-06-24,1073.24
C001770,DNI,66,mass_market,San Borja,verified,high,2023-08-15,3399.62
C001771,DNI,26,mass_market,Lima,verified,low,2024-05-15,2526.55
C001772,DNI,32,affluent,Miraflores,verified,medium,2023-08-01,6283.65
C001773,DNI,56,sme,La Molina,verified,low,2024-11-29,3340.86
C001774,CE,19,premium,Piura,verified,low,2023-04-23,2282.34
C001775,DNI,21,affluent,Lima,verified,low,2024-01-08,4995.11
C001776,CE,69,mass_market,Miraflores,verified,low,2023-10-26,2502.36
C001777,DNI,41,affluent,Miraflores,verified,medium,2024-11-03,2266.75
C001778,DNI,35,mass_market,La Molina,verified,low,2023-01-19,3701.5
C001779,DNI,28,mass_market,Miraflores,verified,low,2024-11-01,7238.25
C001780,DNI,54,sme,Cusco,verified,low,2023-01-11,4766.91
C001781,DNI,43,mass_market,Lima,verified,low,2023-01-08,4071.68
C001782,DNI,25,sme,Surco,verified,low,2023-06-02,13534.83
C001783,DNI,39,mass_market,Piura,verified,low,2024-09-16,1992.56
C001784,DNI,69,affluent,Piura,verified,low,2024-10-21,1968.26
C001785,CE,22,affluent,Surco,verified,low,2024-07-03,3229.44
C001786,DNI,19,sme,Lima,verified,low,2023-05-15,6858.64
C001787,DNI,22,affluent,San Borja,pending,low,2024-01-08,1775.92
C001788,DNI,52,affluent,Lima,verified,low,2024-04-05,7824.5
C001789,DNI,49,mass_market,Callao,verified,low,2023-08-23,1350.84
C001790,DNI,61,mass_market,Miraflores,verified,medium,2023-09-12,2788.7
C001791,DNI,36,mass_market,Trujillo,verified,low,2024-08-08,3279.37
C001792,DNI,56,affluent,La Molina,verified,low,2023-11-24,1834.55
C001793,DNI,68,mass_market,Cusco,verified,low,2023-12-28,2118.2
C001794,DNI,21,affluent,Trujillo,rejected,low,2024-01-09,4619.99
C001795,DNI,40,mass_market,Surco,verified,medium,2023-07-28,6587.02
C001796,DNI,63,mass_market,La Molina,verified,low,2023-09-24,931.66
C001797,DNI,36,affluent,La Molina,verified,high,2024-10-17,3291.6
C001798,DNI,43,mass_market,La Molina,verified,low,2024-07-07,2800.86
C001799,DNI,67,mass_market,Piura,verified,low,2024-05-20,3162.34
C001800,DNI,43,mass_market,Cusco,verified,low,2024-07-17,2504.33
C001801,DNI,24,premium,Piura,verified,low,2024-02-25,1465.91
C001802,DNI,49,affluent,Miraflores,verified,low,2023-11-04,6962.29
C001803,DNI,64,mass_market,Callao,verified,low,2023-05-17,5639.95
C001804,DNI,70,mass_market,Arequipa,verified,low,2024-02-23,2815.25
C001805,DNI,50,mass_market,Cusco,verified,medium,2023-07-14,2278.85
C001806,DNI,61,affluent,Trujillo,verified,medium,2023-04-05,2131.98
C001807,DNI,43,affluent,Miraflores,verified,low,2024-05-04,719.02
C001808,CE,41,mass_market,Lima,verified,low,2023-09-15,3621.35
C001809,DNI,68,mass_market,Surco,verified,low,2023-01-25,4578.73
C001810,DNI,40,mass_market,Callao,verified,medium,2023-08-20,3215.85
C001811,DNI,55,affluent,Miraflores,verified,low,2023-11-28,2842.72
C001812,DNI,43,affluent,Lima,verified,low,2024-08-28,3207.87
C001813,DNI,62,mass_market,Callao,verified,low,2023-08-09,1864.46
C001814,DNI,48,mass_market,Lima,verified,low,2023-10-24,2264.81
C001815,DNI,23,mass_market,Cusco,verified,medium,2023-07-22,2720.35
C001816,DNI,62,premium,Lima,verified,medium,2023-12-09,4372.86
C001817,DNI,48,mass_market,Callao,verified,low,2024-08-15,6363.74
C001818,DNI,64,affluent,Lima,verified,low,2023-07-24,2627.97
C001819,DNI,65,affluent,Trujillo,verified,low,2023-03-18,1678.02
C001820,DNI,57,mass_market,Miraflores,pending,low,2024-07-03,3039.98
C001821,CE,62,mass_market,Callao,verified,low,2024-12-07,9012.07
C001822,DNI,62,mass_market,Trujillo,verified,low,2023-02-11,1760.24
C001823,DNI,69,affluent,Lima,verified,medium,2024-03-30,4852.32
C001824,DNI,69,affluent,Lima,verified,medium,2023-07-01,6215.36
C001825,DNI,29,affluent,La Molina,verified,low,2023-07-14,2445.47
C001826,DNI,68,mass_market,Callao,verified,low,2024-08-12,2027.59
C001827,DNI,34,mass_market,Cusco,verified,low,2024-01-23,4089.7
C001828,DNI,43,premium,Lima,verified,medium,2024-09-28,3620.14
C001829,DNI,20,affluent,Surco,verified,medium,2023-05-21,4368.29
C001830,DNI,32,mass_market,Piura,verified,low,2023-01-27,9325.8
C001831,DNI,66,premium,Arequipa,verified,low,2023-11-11,3267.81
C001832,DNI,55,affluent,Piura,verified,medium,2023-11-17,1547.31
C001833,DNI,41,affluent,Cusco,pending,low,2024-03-23,3092.24
C001834,DNI,68,affluent,Miraflores,verified,low,2023-10-20,3404.51
C001835,DNI,47,sme,San Borja,verified,low,2023-08-24,5984.59
C001836,DNI,61,affluent,Surco,pending,low,2024-12-15,2675.2
C001837,DNI,53,mass_market,San Borja,verified,low,2024-04-01,2380.37
C001838,DNI,70,mass_market,Lima,verified,low,2024-10-15,1402.26
C001839,CE,72,premium,Miraflores,verified,low,2024-08-28,4028.21
C001840,DNI,61,mass_market,Trujillo,verified,medium,2024-10-25,18798.15
C001841,DNI,44,mass_market,Lima,verified,low,2023-03-08,2637.47
C001842,DNI,39,mass_market,San Borja,verified,low,2023-06-25,3822.18
C001843,DNI,19,mass_market,Lima,verified,low,2024-05-24,2205.46
C001844,DNI,24,affluent,Arequipa,pending,low,2024-09-06,1473.35
C001845,DNI,33,premium,La Molina,verified,low,2023-04-01,3785.11
C001846,DNI,41,mass_market,Arequipa,verified,low,2024-12-05,3027.53
C001847,DNI,47,mass_market,Miraflores,verified,low,2023-06-15,802.67
C001848,DNI,61,mass_market,Trujillo,verified,medium,2024-08-24,7226.54
C001849,DNI,65,sme,Arequipa,verified,medium,2024-03-13,3747.26
C001850,DNI,63,affluent,Callao,verified,medium,2023-02-20,3104.61
C001851,DNI,18,mass_market,Trujillo,verified,low,2024-11-08,2363.53
C001852,DNI,71,sme,San Borja,verified,low,2024-11-16,3725.33
C001853,DNI,44,sme,Arequipa,verified,low,2023-09-23,3821.0
C001854,DNI,26,sme,La Molina,verified,medium,2024-06-04,3717.2
C001855,DNI,24,sme,Trujillo,verified,low,2023-03-28,5363.63
C001856,DNI,22,mass_market,Lima,verified,medium,2024-08-28,6077.81
C001857,DNI,47,affluent,La Molina,verified,low,2023-02-21,8982.88
C001858,DNI,59,mass_market,Lima,verified,medium,2023-06-28,1881.33
C001859,DNI,44,sme,Arequipa,verified,medium,2023-10-05,2174.64
C001860,DNI,27,affluent,Surco,verified,low,2023-08-27,3636.04
C001861,DNI,42,affluent,Surco,verified,medium,2024-08-07,1942.05
C001862,DNI,35,affluent,San Borja,verified,low,2023-12-05,2121.95
C001863,DNI,24,mass_market,La Molina,verified,high,2023-03-13,3871.42
C001864,CE,74,mass_market,Lima,verified,medium,2024-01-09,4892.52
C001865,DNI,48,premium,Cusco,verified,high,2024-08-02,6013.49
C001866,DNI,49,premium,La Molina,verified,low,2024-05-31,2681.31
C001867,CE,67,mass_market,Callao,verified,low,2023-08-26,3845.79
C001868,DNI,62,mass_market,San Borja,verified,medium,2024-04-10,3406.76
C001869,DNI,28,mass_market,Piura,verified,medium,2023-05-01,3010.05
C001870,DNI,27,affluent,Piura,verified,low,2024-02-17,1903.02
C001871,DNI,39,sme,Lima,rejected,low,2024-12-23,1774.43
C001872,DNI,48,mass_market,Surco,verified,low,2024-07-23,4301.29
C001873,DNI,58,mass_market,Trujillo,verified,medium,2023-02-12,1885.5
C001874,DNI,64,sme,Callao,verified,medium,2024-05-18,1121.81
C001875,DNI,31,affluent,Piura,verified,low,2023-07-16,2929.34
C001876,DNI,20,mass_market,Lima,verified,low,2023-03-13,6636.78
C001877,DNI,41,affluent,Lima,verified,low,2023-04-01,640.87
C001878,DNI,31,mass_market,Arequipa,verified,low,2024-07-02,2543.81
C001879,DNI,70,mass_market,Surco,verified,medium,2024-05-05,4321.54
C001880,DNI,33,affluent,La Molina,verified,low,2024-01-18,1093.43
C001881,DNI,72,affluent,Trujillo,verified,low,2024-04-10,2650.93
C001882,DNI,45,sme,Arequipa,verified,medium,2023-06-03,1592.88
C001883,DNI,52,affluent,Piura,verified,low,2023-06-19,1713.09
C001884,DNI,57,affluent,Trujillo,verified,low,2023-09-29,2389.1
C001885,DNI,19,mass_market,San Borja,verified,medium,2023-04-20,1607.23
C001886,DNI,73,mass_market,Surco,verified,low,2023-05-31,1535.38
C001887,DNI,51,mass_market,Piura,verified,medium,2024-03-06,2885.41
C001888,DNI,72,mass_market,Lima,verified,low,2024-03-26,10146.93
C001889,DNI,35,affluent,Piura,verified,medium,2024-10-04,4522.22
C001890,DNI,24,premium,Cusco,verified,low,2023-01-23,5196.77
C001891,DNI,66,mass_market,Miraflores,verified,low,2024-01-02,4621.59
C001892,DNI,55,mass_market,Miraflores,verified,low,2024-10-12,2031.17
C001893,CE,59,sme,Piura,verified,high,2023-08-27,3536.73
C001894,DNI,24,mass_market,Cusco,pending,high,2024-03-09,5451.97
C001895,DNI,21,affluent,Piura,verified,low,2024-12-04,4701.26
C001896,DNI,60,affluent,Miraflores,verified,low,2023-05-07,3317.62
C001897,DNI,33,affluent,Arequipa,verified,low,2024-06-24,3968.03
C001898,DNI,66,mass_market,San Borja,verified,low,2024-09-24,11551.62
C001899,DNI,23,mass_market,Miraflores,verified,medium,2023-07-17,4730.06
C001900,DNI,37,affluent,San Borja,verified,low,2024-11-16,2506.55
C001901,DNI,48,affluent,Lima,verified,medium,2024-10-17,2862.01
C001902,DNI,36,mass_market,San Borja,verified,medium,2024-04-26,1669.4
C001903,CE,69,affluent,Arequipa,verified,low,2023-06-28,10838.61
C001904,DNI,39,mass_market,Cusco,verified,medium,2024-06-06,7202.1
C001905,DNI,38,affluent,San Borja,verified,low,2024-10-12,3120.56
C001906,DNI,35,mass_market,Trujillo,verified,low,2024-03-12,9891.7
C001907,DNI,49,premium,La Molina,verified,medium,2023-11-10,4220.97
C001908,DNI,64,mass_market,Miraflores,verified,low,2023-01-19,2352.03
C001909,DNI,51,mass_market,Cusco,verified,low,2023-06-09,4907.64
C001910,PASSPORT,68,mass_market,Callao,verified,medium,2023-05-02,3711.73
C001911,DNI,44,mass_market,Lima,verified,low,2023-03-13,4725.94
C001912,DNI,55,sme,La Molina,verified,low,2023-02-24,1403.89
C001913,DNI,61,premium,Trujillo,pending,medium,2024-04-04,1908.99
C001914,DNI,47,mass_market,Surco,pending,low,2023-06-18,6759.19
C001915,DNI,50,mass_market,Arequipa,verified,high,2024-09-02,7564.53
C001916,DNI,44,affluent,Piura,verified,low,2024-08-04,6491.91
C001917,DNI,72,sme,La Molina,pending,low,2023-05-29,10099.65
C001918,DNI,73,affluent,Cusco,verified,medium,2024-09-20,4095.13
C001919,DNI,40,mass_market,Cusco,verified,low,2023-01-26,3939.84
C001920,DNI,60,mass_market,Cusco,verified,medium,2023-09-05,1803.95
C001921,DNI,36,affluent,Lima,verified,medium,2024-12-21,2166.15
C001922,DNI,71,mass_market,San Borja,verified,medium,2023-08-15,998.7
C001923,CE,48,affluent,Miraflores,verified,low,2024-09-17,2497.84
C001924,DNI,21,mass_market,Surco,verified,low,2024-12-06,960.84
C001925,DNI,70,affluent,Piura,verified,medium,2024-04-28,5402.04
C001926,DNI,36,mass_market,Cusco,verified,low,2023-01-10,3690.88
C001927,DNI,70,affluent,Piura,verified,low,2023-04-05,978.1
C001928,PASSPORT,55,mass_market,Callao,verified,low,2023-05-01,2685.37
C001929,DNI,57,affluent,Lima,verified,low,2023-05-06,8797.39
C001930,DNI,39,mass_market,Cusco,verified,low,2024-07-02,2781.88
C001931,DNI,26,affluent,Callao,verified,high,2023-03-10,1721.4
C001932,DNI,48,affluent,Surco,verified,low,2023-10-24,1116.52
C001933,DNI,27,affluent,Surco,verified,low,2024-11-16,1135.01
C001934,DNI,27,affluent,Miraflores,verified,medium,2024-05-15,4002.08
C001935,DNI,47,affluent,Trujillo,verified,low,2023-02-14,2348.12
C001936,DNI,27,sme,Miraflores,verified,medium,2024-09-26,2457.63
C001937,DNI,53,mass_market,San Borja,verified,low,2024-01-17,2353.45
C001938,DNI,35,sme,Piura,verified,medium,2023-01-27,2759.67
C001939,DNI,61,mass_market,Arequipa,verified,low,2024-12-05,1517.87
C001940,DNI,74,mass_market,Surco,verified,medium,2024-05-11,3547.0
C001941,DNI,60,mass_market,Arequipa,verified,low,2023-05-16,1363.09
C001942,DNI,65,mass_market,Lima,verified,low,2024-12-07,1967.04
C001943,DNI,36,affluent,La Molina,verified,low,2023-02-18,5197.62
C001944,DNI,60,affluent,Cusco,verified,high,2024-08-30,3666.21
C001945,DNI,40,affluent,Lima,pending,low,2024-05-21,4346.49
C001946,DNI,21,mass_market,Surco,verified,low,2023-05-01,9727.51
C001947,DNI,29,mass_market,Callao,verified,low,2023-08-05,2884.74
C001948,DNI,66,mass_market,Piura,verified,low,2024-09-17,3016.35
C001949,DNI,41,mass_market,Arequipa,verified,low,2024-06-09,2577.62
C001950,DNI,30,mass_market,Miraflores,verified,medium,2024-07-27,2335.83
C001951,DNI,21,mass_market,La Molina,verified,medium,2023-02-12,1709.87
C001952,DNI,44,mass_market,Trujillo,verified,high,2023-04-06,3122.02
C001953,DNI,55,affluent,Lima,verified,medium,2023-01-27,3623.79
C001954,CE,56,affluent,Trujillo,verified,low,2023-08-30,3736.57
C001955,DNI,25,premium,Arequipa,verified,medium,2024-05-01,3088.37
C001956,CE,43,premium,Arequipa,verified,low,2023-08-28,4961.16
C001957,DNI,51,affluent,Cusco,verified,medium,2023-10-31,3029.61
C001958,DNI,26,mass_market,Callao,verified,low,2023-03-08,2380.07
C001959,DNI,27,affluent,Callao,verified,medium,2023-10-08,1790.33
C001960,DNI,68,affluent,San Borja,verified,low,2023-07-11,1271.64
C001961,CE,18,mass_market,Miraflores,verified,low,2023-04-29,6655.7
C001962,DNI,65,mass_market,Surco,verified,low,2023-06-01,2029.45
C001963,DNI,67,sme,Surco,verified,low,2024-01-27,1791.63
C001964,DNI,25,mass_market,Arequipa,verified,low,2023-08-19,2369.31
C001965,DNI,27,affluent,Lima,verified,medium,2023-12-17,2557.76
C001966,DNI,71,affluent,Piura,verified,medium,2024-07-24,7340.64
C001967,DNI,60,mass_market,Surco,verified,low,2024-06-12,2488.71
C001968,DNI,66,mass_market,Surco,verified,low,2023-06-20,12687.35
C001969,DNI,42,mass_market,Lima,verified,low,2023-05-12,3087.24
C001970,DNI,48,mass_market,Miraflores,pending,medium,2023-12-23,9240.63
C001971,DNI,56,mass_market,La Molina,verified,low,2024-10-09,4873.96
C001972,DNI,20,sme,Callao,verified,low,2023-02-11,3635.75
C001973,DNI,56,mass_market,Cusco,verified,low,2023-11-01,7099.76
C001974,DNI,55,mass_market,Cusco,verified,low,2023-01-06,5526.04
C001975,DNI,52,mass_market,Cusco,verified,low,2023-11-25,4226.26
C001976,DNI,25,premium,Lima,verified,low,2023-06-19,10664.51
C001977,DNI,18,mass_market,Cusco,verified,low,2023-12-04,2266.26
C001978,DNI,22,mass_market,Arequipa,verified,low,2024-12-27,1724.68
C001979,DNI,73,sme,San Borja,verified,low,2023-03-10,2055.09
C001980,DNI,68,sme,Lima,verified,low,2024-06-22,7814.61
C001981,CE,44,mass_market,Lima,verified,low,2024-05-21,6620.45
C001982,DNI,62,sme,Callao,verified,low,2024-04-30,2233.01
C001983,DNI,43,mass_market,Cusco,verified,low,2024-03-18,816.43
C001984,DNI,60,mass_market,Trujillo,verified,medium,2023-02-20,2661.87
C001985,DNI,71,mass_market,La Molina,verified,low,2023-05-29,1707.36
C001986,DNI,43,mass_market,San Borja,verified,medium,2024-08-09,2271.82
C001987,DNI,28,affluent,Lima,verified,low,2023-04-02,1669.16
C001988,DNI,51,mass_market,San Borja,verified,low,2024-01-03,1229.98
C001989,DNI,58,mass_market,Lima,verified,low,2024-08-02,8398.11
C001990,DNI,19,affluent,Miraflores,verified,low,2024-10-17,2046.7
C001991,DNI,38,affluent,Callao,verified,low,2023-03-17,6483.19
C001992,DNI,68,mass_market,Arequipa,verified,medium,2023-03-27,2639.24
C001993,PASSPORT,43,affluent,Miraflores,verified,medium,2023-08-15,1600.48
C001994,DNI,29,mass_market,Piura,rejected,low,2023-12-29,3944.15
C001995,CE,26,affluent,Cusco,verified,low,2024-07-21,2404.07
C001996,DNI,58,affluent,Piura,rejected,low,2024-08-14,2660.03
C001997,DNI,40,premium,La Molina,verified,low,2023-01-24,3228.26
C001998,DNI,59,mass_market,Trujillo,verified,medium,2023-01-28,1906.99
C001999,DNI,22,mass_market,Arequipa,verified,low,2023-05-01,1222.16
C002000,DNI,26,mass_market,Miraflores,verified,high,2024-05-04,2898.07
C002001,DNI,72,mass_market,San Borja,verified,low,2024-08-27,5065.23
C002002,DNI,67,mass_market,San Borja,verified,low,2024-09-15,1815.52
C002003,DNI,27,sme,La Molina,verified,low,2023-12-11,3244.38
C002004,DNI,66,mass_market,Lima,rejected,low,2023-01-31,6822.83
C002005,DNI,27,mass_market,San Borja,verified,low,2024-10-16,2837.36
C002006,DNI,31,affluent,Cusco,verified,low,2023-08-15,3125.51
C002007,CE,53,mass_market,Trujillo,verified,low,2023-09-07,3072.87
C002008,DNI,27,affluent,Callao,verified,low,2023-02-19,2048.19
C002009,PASSPORT,73,mass_market,Cusco,verified,low,2024-12-26,1726.16
C002010,DNI,71,mass_market,Trujillo,pending,low,2024-01-24,1730.05
C002011,DNI,67,mass_market,La Molina,verified,low,2023-10-15,3650.07
C002012,DNI,54,mass_market,Cusco,verified,medium,2024-12-07,4522.54
C002013,DNI,58,sme,Callao,verified,low,2024-08-13,4641.51
C002014,DNI,55,mass_market,Callao,verified,low,2024-04-19,2420.67
C002015,DNI,65,mass_market,Surco,verified,low,2024-08-25,5438.83
C002016,DNI,39,mass_market,Lima,verified,medium,2023-01-06,3529.99
C002017,DNI,40,mass_market,La Molina,pending,low,2024-02-16,3099.23
C002018,DNI,33,sme,Cusco,verified,low,2024-10-23,475.02
C002019,DNI,28,mass_market,Arequipa,verified,low,2023-11-20,1901.55
C002020,DNI,70,affluent,Arequipa,verified,medium,2024-02-03,1291.29
C002021,DNI,64,premium,La Molina,verified,low,2023-10-09,4208.62
C002022,DNI,68,affluent,Cusco,pending,low,2023-07-10,3140.91
C002023,DNI,52,premium,Miraflores,verified,low,2024-08-07,1653.1
C002024,DNI,65,mass_market,Miraflores,verified,low,2024-05-14,3524.17
C002025,DNI,70,mass_market,Lima,pending,medium,2024-08-02,1362.5
C002026,PASSPORT,37,mass_market,Cusco,verified,low,2024-03-09,1678.96
C002027,DNI,54,affluent,Callao,verified,medium,2023-03-04,2017.02
C002028,DNI,58,premium,San Borja,verified,low,2024-03-28,4012.12
C002029,DNI,22,mass_market,Arequipa,verified,low,2024-05-07,6436.2
C002030,DNI,53,affluent,Cusco,verified,medium,2024-10-07,2159.64
C002031,CE,30,mass_market,Cusco,verified,low,2024-03-17,6169.37
C002032,DNI,69,affluent,San Borja,verified,low,2023-11-03,3059.7
C002033,DNI,34,mass_market,San Borja,verified,low,2023-05-06,3394.38
C002034,DNI,43,premium,Trujillo,verified,medium,2023-09-22,2878.16
C002035,CE,69,affluent,Surco,verified,low,2023-01-07,2674.39
C002036,DNI,61,mass_market,Lima,verified,low,2024-02-17,3795.67
C002037,DNI,69,mass_market,Arequipa,verified,low,2023-07-25,4479.1
C002038,DNI,74,mass_market,San Borja,verified,high,2023-06-28,1832.55
C002039,DNI,37,mass_market,Miraflores,verified,low,2024-04-12,2686.21
C002040,DNI,56,mass_market,La Molina,pending,low,2024-05-10,7465.9
C002041,DNI,50,sme,Miraflores,pending,low,2024-11-25,3286.09
C002042,DNI,47,affluent,Trujillo,verified,high,2024-03-18,3490.09
C002043,DNI,33,mass_market,Trujillo,verified,medium,2023-08-16,5664.63
C002044,PASSPORT,24,mass_market,San Borja,verified,low,2023-05-26,2262.7
C002045,DNI,47,sme,Trujillo,verified,low,2024-07-23,2925.8
C002046,DNI,19,affluent,Callao,verified,low,2023-10-23,4671.64
C002047,DNI,29,mass_market,Piura,verified,low,2023-08-29,5892.27
C002048,DNI,60,affluent,Cusco,verified,low,2023-10-14,811.73
C002049,DNI,57,mass_market,Cusco,verified,low,2024-11-05,1987.9
C002050,DNI,18,mass_market,San Borja,verified,low,2023-01-26,1721.41
C002051,DNI,20,mass_market,Trujillo,verified,low,2024-03-27,2784.7
C002052,DNI,25,mass_market,La Molina,verified,medium,2023-04-16,1794.59
C002053,DNI,43,mass_market,Callao,pending,low,2023-08-28,4295.22
C002054,DNI,57,premium,Lima,verified,low,2024-02-22,3277.47
C002055,DNI,28,sme,Trujillo,verified,low,2023-11-28,4861.27
C002056,DNI,38,affluent,Callao,pending,low,2023-02-11,5034.93
C002057,DNI,22,mass_market,Surco,verified,low,2024-10-06,4330.76
C002058,CE,57,mass_market,Lima,verified,low,2024-07-09,2478.27
C002059,CE,43,affluent,Cusco,verified,low,2023-02-04,3156.92
C002060,DNI,38,mass_market,Surco,verified,low,2023-12-13,2313.51
C002061,DNI,26,mass_market,San Borja,verified,medium,2024-01-19,1407.25
C002062,DNI,34,mass_market,Arequipa,verified,low,2024-05-27,5037.09
C002063,DNI,54,sme,San Borja,pending,low,2023-10-15,2846.27
C002064,DNI,68,mass_market,La Molina,verified,medium,2023-02-02,1304.48
C002065,CE,68,mass_market,Callao,verified,low,2023-04-05,4005.09
C002066,DNI,19,affluent,Arequipa,verified,low,2023-07-24,2635.5
C002067,DNI,68,mass_market,Lima,verified,low,2024-09-12,960.17
C002068,DNI,72,mass_market,Lima,verified,low,2023-01-30,1400.31
C002069,DNI,64,mass_market,Surco,verified,low,2023-09-23,2027.71
C002070,DNI,57,mass_market,La Molina,verified,low,2023-01-23,3346.87
C002071,DNI,45,affluent,Cusco,verified,medium,2024-08-31,4598.16
C002072,DNI,73,mass_market,Trujillo,verified,low,2023-02-08,4512.35
C002073,DNI,44,mass_market,Trujillo,verified,low,2023-06-22,4152.95
C002074,DNI,57,sme,Arequipa,verified,low,2024-02-17,2925.15
C002075,DNI,18,sme,La Molina,verified,low,2024-02-18,7686.55
C002076,DNI,63,sme,La Molina,verified,low,2024-11-04,4380.55
C002077,DNI,28,mass_market,Lima,verified,medium,2024-11-22,3368.28
C002078,DNI,56,mass_market,Cusco,verified,medium,2024-09-06,4070.92
C002079,DNI,35,premium,Callao,verified,low,2023-07-28,2393.54
C002080,DNI,44,affluent,Cusco,verified,low,2023-01-22,2888.57
C002081,DNI,64,mass_market,Miraflores,verified,medium,2023-01-05,948.54
C002082,DNI,27,mass_market,La Molina,verified,low,2024-10-12,2409.78
C002083,DNI,53,mass_market,San Borja,pending,low,2023-08-02,7847.41
C002084,DNI,38,sme,Piura,verified,low,2024-11-02,3234.42
C002085,DNI,45,mass_market,La Molina,verified,high,2023-05-19,3161.2
C002086,DNI,18,mass_market,Arequipa,verified,low,2024-10-18,5162.79
C002087,DNI,31,mass_market,San Borja,verified,medium,2024-11-02,3629.33
C002088,DNI,37,affluent,Arequipa,verified,low,2024-08-17,1934.17
C002089,DNI,69,sme,Surco,verified,low,2024-10-28,3020.0
C002090,DNI,74,mass_market,Piura,verified,low,2023-11-13,1596.6
C002091,DNI,26,affluent,Piura,verified,low,2024-07-29,3297.72
C002092,DNI,62,premium,Lima,verified,medium,2024-12-04,1880.4
C002093,DNI,44,mass_market,La Molina,verified,low,2023-06-05,4966.95
C002094,DNI,66,mass_market,Lima,verified,low,2024-02-28,2251.54
C002095,DNI,73,mass_market,Trujillo,verified,low,2024-05-14,1893.94
C002096,DNI,69,affluent,Arequipa,verified,low,2023-04-01,2801.59
C002097,DNI,21,affluent,Miraflores,verified,low,2024-10-15,3644.47
C002098,DNI,54,affluent,Miraflores,pending,low,2023-02-11,1534.51
C002099,DNI,35,affluent,Trujillo,verified,low,2023-10-22,2237.92
C002100,DNI,48,mass_market,Surco,verified,medium,2023-12-03,3158.46
C002101,DNI,66,sme,Miraflores,verified,low,2023-01-01,6223.59
C002102,CE,70,mass_market,Arequipa,pending,medium,2023-04-19,741.89
C002103,DNI,56,mass_market,Miraflores,verified,low,2023-05-05,4181.14
C002104,CE,27,affluent,Trujillo,verified,low,2023-03-05,2414.0
C002105,DNI,26,affluent,San Borja,verified,low,2023-07-25,2270.97
C002106,DNI,45,mass_market,Lima,verified,medium,2024-02-19,2049.56
C002107,DNI,45,sme,Callao,verified,low,2023-09-01,2440.25
C002108,DNI,30,sme,Arequipa,verified,medium,2024-08-12,4194.16
C002109,DNI,35,mass_market,Lima,verified,low,2024-09-14,2218.9
C002110,DNI,29,premium,Piura,verified,low,2024-10-15,7422.16
C002111,DNI,25,mass_market,Cusco,verified,low,2023-08-04,4201.21
C002112,DNI,40,mass_market,Miraflores,verified,low,2024-06-11,3323.87
C002113,DNI,67,mass_market,Miraflores,verified,low,2024-07-19,2720.77
C002114,DNI,22,sme,Surco,verified,medium,2024-10-14,5735.44
C002115,DNI,24,affluent,Lima,verified,medium,2024-01-15,6215.56
C002116,DNI,32,mass_market,Cusco,verified,medium,2023-03-20,1573.79
C002117,DNI,20,mass_market,Miraflores,verified,medium,2024-02-19,2026.28
C002118,DNI,35,affluent,Piura,verified,medium,2024-03-28,4226.15
C002119,DNI,55,mass_market,Surco,pending,medium,2023-05-29,4989.92
C002120,DNI,43,sme,Lima,verified,low,2024-09-30,2527.06
C002121,DNI,55,sme,Surco,verified,low,2024-10-31,1981.59
C002122,DNI,69,mass_market,Lima,verified,low,2023-02-07,3112.67
C002123,DNI,50,premium,La Molina,verified,low,2023-06-06,6715.55
C002124,DNI,38,mass_market,La Molina,verified,medium,2023-11-29,3049.0
C002125,DNI,34,premium,Trujillo,verified,low,2023-10-15,1487.47
C002126,DNI,60,affluent,Arequipa,verified,low,2023-04-22,3166.15
C002127,DNI,73,affluent,Surco,verified,low,2024-12-02,4584.84
C002128,DNI,19,mass_market,Trujillo,verified,low,2024-09-09,2819.3
C002129,DNI,42,sme,Surco,verified,low,2023-04-01,5955.03
C002130,DNI,58,mass_market,Miraflores,verified,low,2023-02-18,4799.26
C002131,DNI,36,mass_market,Callao,verified,low,2023-06-10,2881.4
C002132,DNI,55,mass_market,Surco,verified,low,2024-05-30,3052.54
C002133,DNI,42,affluent,Miraflores,verified,low,2024-02-06,1082.5
C002134,DNI,56,mass_market,Cusco,verified,low,2024-12-10,5800.07
C002135,DNI,21,affluent,La Molina,verified,low,2023-11-16,2486.83
C002136,DNI,20,sme,Trujillo,verified,low,2023-12-30,2392.33
C002137,DNI,51,mass_market,Callao,verified,low,2024-03-17,2203.01
C002138,DNI,59,affluent,Piura,verified,medium,2024-04-19,3832.16
C002139,DNI,27,mass_market,La Molina,verified,low,2024-08-24,1602.34
C002140,DNI,66,sme,Trujillo,pending,medium,2023-11-08,1734.9
C002141,DNI,44,sme,Callao,verified,low,2024-06-15,2896.07
C002142,DNI,65,mass_market,Piura,verified,medium,2024-08-11,2112.06
C002143,DNI,43,affluent,San Borja,verified,low,2023-08-08,3584.52
C002144,DNI,44,mass_market,Miraflores,verified,low,2024-11-04,2155.03
C002145,DNI,18,mass_market,San Borja,verified,low,2024-05-11,7167.2
C002146,DNI,61,sme,Miraflores,verified,low,2023-12-09,4365.12
C002147,DNI,37,mass_market,Lima,pending,medium,2024-09-18,4335.05
C002148,DNI,69,mass_market,Arequipa,verified,low,2023-04-04,2137.24
C002149,DNI,42,mass_market,Callao,pending,high,2023-05-13,11193.9
C002150,DNI,27,sme,San Borja,verified,medium,2024-05-15,2341.49
C002151,DNI,18,mass_market,Arequipa,verified,low,2023-06-21,2013.05
C002152,DNI,33,mass_market,Callao,verified,low,2024-09-17,4397.13
C002153,DNI,28,affluent,Trujillo,verified,low,2023-01-09,3318.86
C002154,PASSPORT,21,sme,Lima,verified,low,2024-11-12,1900.53
C002155,DNI,52,mass_market,Trujillo,verified,low,2023-11-17,9973.79
C002156,DNI,74,mass_market,Miraflores,verified,medium,2023-04-08,5097.88
C002157,DNI,30,mass_market,Arequipa,verified,low,2023-06-18,2987.53
C002158,DNI,38,mass_market,Callao,verified,low,2023-11-07,11165.8
C002159,CE,32,mass_market,Surco,pending,low,2024-12-30,4656.08
C002160,CE,74,affluent,Arequipa,verified,low,2023-12-09,2961.51
C002161,DNI,27,affluent,Cusco,verified,low,2024-03-05,10454.53
C002162,DNI,55,affluent,Piura,verified,low,2024-07-09,4283.14
C002163,DNI,28,mass_market,San Borja,verified,low,2024-05-14,4181.33
C002164,DNI,74,sme,Callao,verified,low,2023-10-12,2410.31
C002165,DNI,49,mass_market,La Molina,verified,low,2024-09-29,3063.08
C002166,DNI,50,premium,La Molina,verified,low,2023-09-17,2378.25
C002167,DNI,37,affluent,Piura,verified,high,2024-05-09,6580.43
C002168,DNI,53,mass_market,Miraflores,verified,low,2023-12-21,1230.06
C002169,DNI,47,affluent,Arequipa,verified,low,2023-08-02,6318.45
C002170,DNI,27,mass_market,Arequipa,verified,low,2023-07-19,1839.89
C002171,DNI,71,affluent,La Molina,verified,low,2023-08-24,2887.49
C002172,DNI,32,mass_market,Arequipa,verified,medium,2023-05-16,2534.19
C002173,DNI,46,mass_market,Piura,pending,medium,2024-09-19,2239.29
C002174,DNI,18,sme,Arequipa,pending,low,2024-10-28,4356.31
C002175,DNI,38,mass_market,Miraflores,verified,medium,2024-02-26,2972.46
C002176,PASSPORT,32,sme,San Borja,verified,medium,2023-12-07,2064.75
C002177,DNI,20,mass_market,Cusco,rejected,low,2023-12-08,3244.44
C002178,DNI,50,affluent,San Borja,verified,medium,2024-06-13,2032.77
C002179,DNI,55,affluent,Cusco,verified,low,2024-01-23,2217.69
C002180,DNI,36,mass_market,Surco,verified,low,2023-01-04,1308.33
C002181,DNI,21,mass_market,San Borja,verified,medium,2024-11-07,2326.99
C002182,PASSPORT,29,mass_market,Piura,verified,low,2024-09-30,3912.03
C002183,CE,42,mass_market,Lima,verified,medium,2024-02-03,3042.45
C002184,DNI,51,mass_market,Surco,verified,low,2024-02-26,8089.2
C002185,CE,34,affluent,Cusco,verified,medium,2024-02-15,12544.65
C002186,DNI,23,premium,Cusco,verified,low,2023-08-01,2309.25
C002187,DNI,29,sme,Surco,verified,low,2024-07-13,1884.99
C002188,DNI,32,affluent,Cusco,rejected,low,2024-07-11,5549.14
C002189,DNI,34,affluent,Callao,verified,medium,2024-07-11,3584.47
C002190,CE,18,affluent,Lima,verified,low,2023-02-17,5567.66
C002191,DNI,31,mass_market,Piura,verified,low,2023-07-06,3712.11
C002192,DNI,72,sme,Callao,verified,low,2024-05-16,2678.74
C002193,DNI,19,affluent,Cusco,verified,low,2024-09-23,2687.11
C002194,DNI,21,affluent,San Borja,verified,high,2024-10-05,3782.07
C002195,DNI,69,mass_market,Callao,verified,low,2024-06-14,2654.17
C002196,DNI,19,mass_market,San Borja,pending,low,2024-04-19,5829.73
C002197,DNI,71,mass_market,Surco,verified,low,2023-02-11,1456.39
C002198,DNI,43,sme,Arequipa,verified,low,2024-08-26,5812.58
C002199,DNI,63,mass_market,Trujillo,verified,low,2023-09-18,1063.83
C002200,DNI,67,mass_market,Cusco,verified,medium,2023-02-17,3228.61
C002201,DNI,57,premium,Trujillo,verified,medium,2024-08-08,2484.75
C002202,DNI,69,mass_market,Lima,verified,low,2024-12-28,1294.66
C002203,DNI,50,mass_market,San Borja,verified,low,2024-03-21,960.05
C002204,DNI,65,mass_market,Callao,verified,high,2023-08-09,1630.05
C002205,DNI,56,affluent,Trujillo,verified,low,2024-09-12,3056.81
C002206,DNI,23,sme,Miraflores,verified,low,2024-10-08,2140.51
C002207,DNI,47,mass_market,Cusco,verified,low,2023-12-09,1681.56
C002208,CE,39,sme,Trujillo,verified,low,2023-08-26,6271.4
C002209,CE,44,mass_market,Callao,verified,low,2023-06-04,1513.68
C002210,DNI,36,sme,Callao,verified,high,2023-02-25,4330.83
C002211,DNI,27,affluent,Lima,verified,low,2024-01-22,1828.14
C002212,DNI,72,sme,La Molina,verified,medium,2024-12-10,1607.53
C002213,CE,23,mass_market,Piura,verified,low,2023-11-11,2138.56
C002214,DNI,43,premium,Miraflores,verified,low,2023-02-07,4192.09
C002215,DNI,59,affluent,Trujillo,verified,low,2023-12-07,1402.05
C002216,DNI,74,mass_market,Piura,verified,medium,2024-12-29,3491.55
C002217,CE,68,sme,Miraflores,verified,low,2023-08-19,1757.38
C002218,DNI,20,mass_market,La Molina,verified,low,2024-03-27,1940.26
C002219,DNI,69,sme,Trujillo,verified,high,2023-12-08,3715.81
C002220,DNI,20,mass_market,Miraflores,verified,medium,2024-03-28,9851.86
C002221,DNI,69,affluent,Piura,pending,high,2023-09-14,1806.13
C002222,DNI,23,mass_market,San Borja,verified,low,2024-03-09,4429.02
C002223,DNI,66,mass_market,Callao,verified,medium,2023-07-28,2509.93
C002224,DNI,67,mass_market,Arequipa,pending,low,2023-07-20,2295.93
C002225,DNI,27,mass_market,Surco,verified,high,2023-05-17,5373.62
C002226,DNI,55,mass_market,Cusco,verified,high,2024-10-01,1874.43
C002227,DNI,30,mass_market,Arequipa,verified,high,2024-07-18,1580.09
C002228,DNI,55,affluent,Trujillo,verified,high,2024-01-29,3839.5
C002229,DNI,29,mass_market,Trujillo,verified,low,2024-08-18,7166.2
C002230,CE,63,mass_market,Miraflores,pending,medium,2024-12-21,4502.99
C002231,DNI,66,affluent,Callao,verified,low,2023-02-05,1374.91
C002232,DNI,71,mass_market,La Molina,verified,low,2023-08-03,2125.08
C002233,DNI,44,sme,Lima,verified,high,2023-01-27,5109.1
C002234,DNI,74,sme,Miraflores,verified,low,2024-10-19,7112.51
C002235,DNI,25,affluent,Lima,verified,low,2023-01-18,3380.54
C002236,DNI,22,affluent,Surco,verified,medium,2024-09-21,2167.77
C002237,DNI,53,sme,Piura,verified,low,2023-05-17,7371.01
C002238,DNI,55,mass_market,Miraflores,verified,low,2024-08-01,2861.13
C002239,DNI,60,mass_market,Surco,verified,low,2023-01-30,2136.25
C002240,CE,47,mass_market,Cusco,verified,low,2023-03-14,1946.5
C002241,DNI,54,affluent,Miraflores,verified,low,2023-05-03,1544.94
C002242,DNI,46,mass_market,Callao,verified,low,2023-08-16,14164.15
C002243,DNI,39,affluent,Callao,pending,low,2023-12-04,6512.81
C002244,CE,31,premium,Trujillo,verified,high,2023-09-30,2077.75
C002245,CE,27,sme,Cusco,verified,low,2024-03-12,7727.22
C002246,DNI,28,mass_market,Trujillo,verified,low,2023-02-08,3997.07
C002247,DNI,52,mass_market,Lima,verified,low,2024-11-12,3869.03
C002248,DNI,40,sme,Arequipa,verified,low,2024-03-01,2008.5
C002249,DNI,25,affluent,La Molina,verified,low,2023-11-11,2246.73
C002250,DNI,38,mass_market,Cusco,verified,low,2024-09-05,2912.21
C002251,DNI,54,mass_market,Piura,verified,low,2024-05-23,1011.26
C002252,DNI,45,sme,La Molina,pending,low,2023-06-06,2280.73
C002253,DNI,69,affluent,La Molina,verified,medium,2023-09-14,2988.33
C002254,DNI,48,sme,San Borja,verified,low,2024-09-26,6125.62
C002255,DNI,70,sme,Miraflores,pending,low,2024-03-31,2123.67
C002256,DNI,45,affluent,Piura,verified,high,2023-02-16,4659.56
C002257,DNI,59,mass_market,Cusco,verified,low,2023-11-28,959.8
C002258,DNI,44,mass_market,Trujillo,verified,medium,2023-01-10,5663.89
C002259,DNI,57,mass_market,Lima,verified,low,2023-05-24,1816.76
C002260,DNI,38,mass_market,Miraflores,verified,low,2024-03-06,3202.38
C002261,DNI,26,affluent,San Borja,verified,high,2023-06-01,3727.48
C002262,DNI,46,affluent,Lima,verified,low,2024-05-01,3346.26
C002263,DNI,32,sme,Cusco,verified,low,2023-05-16,2810.93
C002264,DNI,50,mass_market,Arequipa,verified,medium,2024-08-09,1505.93
C002265,DNI,72,affluent,La Molina,verified,low,2023-01-26,1827.59
C002266,DNI,54,affluent,San Borja,verified,low,2023-01-07,5156.62
C002267,DNI,64,affluent,Lima,verified,medium,2024-08-13,2146.17
C002268,DNI,53,affluent,Trujillo,verified,low,2023-01-15,2816.32
C002269,DNI,68,mass_market,San Borja,verified,low,2024-03-07,1312.06
C002270,DNI,45,mass_market,Lima,verified,low,2024-02-04,4780.09
C002271,DNI,27,mass_market,San Borja,pending,medium,2023-07-26,1442.72
C002272,DNI,40,mass_market,Trujillo,verified,low,2024-08-23,4933.38
C002273,DNI,45,mass_market,Trujillo,verified,low,2024-08-31,1661.55
C002274,DNI,51,affluent,Piura,verified,low,2023-08-04,5208.15
C002275,DNI,22,premium,Callao,verified,low,2024-05-16,2997.72
C002276,PASSPORT,35,affluent,La Molina,verified,low,2024-04-03,2192.25
C002277,DNI,72,affluent,Miraflores,pending,high,2023-09-16,7188.38
C002278,DNI,23,mass_market,Miraflores,verified,low,2023-11-25,2870.18
C002279,DNI,59,affluent,Cusco,verified,low,2024-03-29,2443.05
C002280,DNI,64,mass_market,Surco,verified,medium,2024-01-10,4914.84
C002281,DNI,40,mass_market,Cusco,verified,low,2024-04-08,1320.48
C002282,DNI,45,mass_market,Surco,verified,medium,2023-03-16,742.53
C002283,DNI,58,mass_market,San Borja,verified,low,2023-08-30,5635.77
C002284,DNI,30,mass_market,Surco,verified,low,2023-01-17,1881.89
C002285,DNI,67,mass_market,Callao,verified,high,2024-11-19,4796.02
C002286,DNI,42,mass_market,Callao,verified,low,2023-09-16,3057.61
C002287,DNI,24,premium,La Molina,verified,low,2023-05-03,1571.53
C002288,DNI,19,mass_market,Lima,pending,low,2023-11-07,4163.06
C002289,DNI,33,mass_market,Miraflores,verified,high,2023-04-21,2378.93
C002290,DNI,19,mass_market,La Molina,verified,medium,2023-09-13,1648.24
C002291,DNI,53,affluent,Callao,verified,low,2023-08-22,1672.02
C002292,DNI,19,mass_market,Lima,verified,medium,2024-05-11,1149.33
C002293,DNI,66,mass_market,Cusco,verified,low,2023-02-09,3720.69
C002294,DNI,55,mass_market,Miraflores,verified,low,2023-05-02,1782.07
C002295,DNI,27,mass_market,Piura,verified,medium,2024-03-25,2924.57
C002296,DNI,31,mass_market,Miraflores,verified,medium,2024-12-27,2697.42
C002297,DNI,44,mass_market,San Borja,verified,low,2024-06-02,1776.04
C002298,DNI,32,mass_market,Arequipa,verified,low,2023-04-02,1290.01
C002299,CE,38,mass_market,Miraflores,pending,low,2023-12-27,12010.55
C002300,DNI,29,mass_market,Callao,verified,medium,2023-05-03,2902.44
C002301,DNI,68,sme,San Borja,verified,medium,2023-12-03,8126.3
C002302,DNI,60,affluent,Trujillo,pending,low,2024-08-30,5657.37
C002303,DNI,50,mass_market,Surco,verified,medium,2024-05-27,2498.28
C002304,DNI,74,mass_market,Cusco,verified,low,2024-08-25,3292.92
C002305,DNI,57,premium,Piura,verified,medium,2024-03-03,3240.73
C002306,DNI,39,mass_market,Cusco,verified,low,2024-03-08,8219.88
C002307,DNI,55,mass_market,Trujillo,verified,low,2023-01-07,4705.13
C002308,DNI,61,affluent,Arequipa,pending,low,2023-04-30,1912.18
C002309,DNI,69,mass_market,Miraflores,verified,low,2024-01-22,3616.96
C002310,DNI,65,mass_market,La Molina,verified,medium,2023-12-16,4639.55
C002311,DNI,35,mass_market,San Borja,verified,medium,2024-10-02,1561.77
C002312,CE,61,sme,Piura,verified,low,2024-11-21,3911.91
C002313,PASSPORT,69,mass_market,Trujillo,verified,high,2023-04-08,6248.01
C002314,DNI,19,affluent,Arequipa,verified,low,2023-02-12,1860.11
C002315,DNI,46,premium,Cusco,verified,low,2023-07-02,2006.96
C002316,DNI,24,mass_market,Trujillo,verified,low,2024-11-27,5643.5
C002317,DNI,48,mass_market,Piura,verified,low,2024-07-18,2453.25
C002318,DNI,58,mass_market,Piura,verified,low,2024-11-03,1736.97
C002319,DNI,35,mass_market,Arequipa,verified,low,2023-08-23,4842.81
C002320,DNI,26,mass_market,Cusco,verified,high,2024-03-21,4093.97
C002321,DNI,74,sme,Callao,verified,low,2023-07-19,3139.81
C002322,DNI,25,affluent,Piura,pending,low,2024-05-27,5533.19
C002323,DNI,50,affluent,San Borja,verified,low,2024-06-09,5753.71
C002324,DNI,22,mass_market,San Borja,verified,high,2023-08-01,2848.21
C002325,DNI,65,sme,Surco,verified,low,2024-01-13,8829.73
C002326,DNI,31,premium,Cusco,verified,medium,2024-06-29,7121.43
C002327,CE,30,sme,Trujillo,verified,low,2024-04-30,1000.88
C002328,DNI,28,mass_market,San Borja,verified,low,2023-12-27,1691.61
C002329,DNI,37,affluent,Arequipa,pending,low,2023-06-17,862.29
C002330,DNI,40,mass_market,Trujillo,verified,low,2024-11-12,2493.41
C002331,CE,62,mass_market,Cusco,verified,low,2024-08-16,1531.24
C002332,DNI,44,mass_market,Arequipa,verified,low,2024-02-08,1904.79
C002333,DNI,32,affluent,Miraflores,verified,low,2023-05-17,5430.64
C002334,DNI,47,affluent,Lima,verified,medium,2023-08-21,1135.52
C002335,DNI,73,mass_market,San Borja,verified,low,2023-04-25,3201.44
C002336,DNI,33,mass_market,San Borja,verified,low,2023-09-09,3190.78
C002337,DNI,62,mass_market,Surco,verified,low,2024-05-07,2848.89
C002338,DNI,57,mass_market,Callao,verified,low,2023-10-16,3203.27
C002339,DNI,35,mass_market,Surco,verified,low,2023-02-18,873.27
C002340,DNI,68,mass_market,Cusco,verified,low,2024-03-27,1909.78
C002341,DNI,64,affluent,Surco,verified,low,2024-05-30,6964.98
C002342,DNI,59,mass_market,Callao,verified,low,2024-11-18,1543.37
C002343,DNI,40,mass_market,Callao,verified,low,2023-09-29,7454.97
C002344,DNI,53,mass_market,Piura,verified,low,2024-03-06,1375.05
C002345,DNI,55,premium,Piura,verified,low,2023-01-26,1287.08
C002346,DNI,25,affluent,Lima,pending,medium,2023-03-11,1766.09
C002347,DNI,73,affluent,Arequipa,verified,low,2023-10-20,5546.91
C002348,DNI,56,mass_market,Miraflores,verified,high,2024-02-10,2207.54
C002349,DNI,46,affluent,Callao,verified,low,2023-08-22,3604.63
C002350,DNI,29,mass_market,Miraflores,verified,medium,2023-08-19,3104.17
C002351,DNI,35,affluent,San Borja,verified,low,2023-09-20,2892.99
C002352,DNI,67,sme,La Molina,verified,low,2024-08-08,6007.51
C002353,DNI,36,affluent,Lima,verified,medium,2023-05-01,4556.61
C002354,DNI,53,sme,Cusco,verified,low,2024-04-07,1589.86
C002355,DNI,50,affluent,Trujillo,verified,low,2024-06-01,2561.72
C002356,DNI,22,mass_market,Miraflores,verified,low,2023-01-24,7776.74
C002357,DNI,56,sme,Surco,verified,low,2024-12-06,3553.75
C002358,DNI,45,mass_market,Callao,pending,low,2024-11-10,1300.73
C002359,DNI,43,mass_market,Miraflores,verified,low,2024-01-12,1352.39
C002360,DNI,60,mass_market,Trujillo,verified,medium,2024-05-14,4863.82
C002361,DNI,38,mass_market,Callao,verified,low,2024-03-12,4386.74
C002362,DNI,40,mass_market,Cusco,verified,low,2024-12-22,1795.88
C002363,CE,38,mass_market,La Molina,pending,low,2024-10-06,4497.14
C002364,DNI,28,mass_market,Surco,verified,medium,2024-05-13,7184.39
C002365,DNI,59,affluent,Miraflores,verified,medium,2023-06-23,6646.35
C002366,DNI,73,mass_market,Piura,verified,low,2024-10-24,7203.72
C002367,DNI,56,mass_market,Lima,verified,low,2024-08-22,4046.14
C002368,CE,33,affluent,Miraflores,rejected,low,2024-05-23,2703.46
C002369,DNI,50,mass_market,Miraflores,verified,low,2023-11-06,2389.01
C002370,DNI,44,affluent,Trujillo,verified,low,2023-03-11,2952.59
C002371,DNI,18,affluent,Trujillo,verified,medium,2023-07-24,1841.23
C002372,DNI,61,sme,Lima,verified,medium,2023-12-07,2446.43
C002373,DNI,33,affluent,Miraflores,verified,low,2023-02-01,6010.82
C002374,DNI,22,mass_market,Arequipa,verified,low,2023-02-12,1230.3
C002375,DNI,63,affluent,Cusco,verified,low,2023-04-28,1277.46
C002376,DNI,35,mass_market,Trujillo,pending,low,2023-01-15,4706.93
C002377,CE,58,mass_market,Trujillo,verified,high,2023-11-18,2458.74
C002378,DNI,51,affluent,Arequipa,verified,low,2024-09-18,1033.7
C002379,DNI,61,mass_market,Callao,verified,low,2023-12-03,2882.08
C002380,DNI,42,affluent,Miraflores,verified,medium,2024-06-15,2664.4
C002381,DNI,59,sme,Lima,verified,low,2024-11-20,2351.72
C002382,DNI,51,sme,Trujillo,verified,medium,2024-08-13,4346.55
C002383,DNI,32,sme,Lima,verified,medium,2024-01-16,1431.88
C002384,DNI,21,mass_market,Lima,verified,medium,2024-05-25,3002.32
C002385,DNI,68,mass_market,Cusco,verified,low,2023-04-30,2654.38
C002386,DNI,71,affluent,Piura,verified,low,2023-01-26,3043.62
C002387,CE,21,mass_market,Trujillo,verified,low,2024-06-17,1149.75
C002388,DNI,42,affluent,Surco,pending,low,2024-12-13,2236.22
C002389,DNI,58,affluent,Callao,verified,low,2023-03-05,3013.55
C002390,DNI,30,affluent,Lima,verified,low,2024-04-04,4014.38
C002391,DNI,59,mass_market,Trujillo,verified,low,2024-12-26,8229.81
C002392,DNI,63,mass_market,Callao,verified,low,2023-11-10,4643.72
C002393,DNI,42,mass_market,Surco,verified,medium,2024-08-12,3841.57
C002394,DNI,20,mass_market,Trujillo,verified,low,2023-08-04,5998.78
C002395,DNI,52,sme,Miraflores,verified,low,2024-03-31,2522.23
C002396,DNI,69,mass_market,Lima,verified,low,2024-06-23,7006.97
C002397,CE,65,mass_market,Surco,pending,medium,2024-12-13,5517.06
C002398,DNI,26,mass_market,Miraflores,verified,low,2024-08-01,2332.67
C002399,DNI,31,affluent,Lima,verified,low,2024-04-17,8588.47
C002400,CE,39,affluent,San Borja,verified,low,2023-12-25,3811.64
C002401,DNI,65,mass_market,La Molina,verified,low,2023-05-06,9958.01
C002402,DNI,26,mass_market,Arequipa,verified,medium,2024-12-07,3521.88
C002403,DNI,41,mass_market,Lima,verified,medium,2024-11-16,2188.43
C002404,DNI,40,mass_market,Surco,verified,low,2023-03-28,1954.43
C002405,DNI,54,affluent,Surco,verified,low,2023-12-09,2451.22
C002406,DNI,62,affluent,La Molina,verified,low,2024-01-30,2177.18
C002407,DNI,32,mass_market,Trujillo,verified,high,2024-04-28,5998.49
C002408,DNI,74,mass_market,Arequipa,verified,low,2024-10-27,2933.83
C002409,DNI,53,premium,Callao,verified,medium,2024-03-31,1226.95
C002410,DNI,31,mass_market,Lima,verified,low,2024-04-20,3351.46
C002411,DNI,69,affluent,Trujillo,verified,medium,2023-07-29,3194.01
C002412,DNI,73,mass_market,Miraflores,verified,high,2024-06-08,2303.69
C002413,DNI,37,mass_market,Callao,verified,low,2024-11-06,3453.61
C002414,CE,56,mass_market,Arequipa,verified,high,2024-07-29,2909.51
C002415,DNI,53,mass_market,Trujillo,verified,medium,2023-11-03,4224.14
C002416,CE,44,premium,Piura,verified,low,2023-03-17,4089.75
C002417,DNI,34,mass_market,Callao,verified,medium,2023-01-22,3643.49
C002418,DNI,43,mass_market,Cusco,verified,medium,2023-03-01,1459.18
C002419,DNI,58,mass_market,Cusco,pending,medium,2024-01-21,9561.11
C002420,DNI,21,mass_market,Lima,verified,low,2023-02-25,1266.75
C002421,DNI,20,mass_market,Lima,verified,low,2023-06-17,2777.23
C002422,DNI,36,mass_market,Lima,verified,low,2024-02-16,1632.82
C002423,DNI,58,affluent,Arequipa,verified,medium,2024-12-17,3707.03
C002424,DNI,57,mass_market,Piura,verified,high,2023-07-10,3216.74
C002425,DNI,56,mass_market,Trujillo,verified,low,2024-04-26,2716.71
C002426,DNI,24,sme,Miraflores,verified,low,2024-07-20,6869.01
C002427,DNI,53,mass_market,San Borja,verified,medium,2024-02-20,5484.45
C002428,DNI,36,premium,Surco,verified,low,2023-12-06,2490.12
C002429,DNI,29,mass_market,Miraflores,verified,low,2023-09-16,4639.09
C002430,DNI,37,sme,Trujillo,verified,low,2023-12-16,7048.53
C002431,DNI,55,affluent,Piura,rejected,low,2024-08-23,5462.93
C002432,DNI,29,sme,Arequipa,verified,low,2024-03-12,2765.78
C002433,DNI,46,premium,Callao,verified,low,2023-08-10,1243.06
C002434,DNI,47,mass_market,Miraflores,verified,low,2024-02-17,3563.71
C002435,DNI,37,premium,Callao,verified,medium,2023-12-16,4305.88
C002436,DNI,21,mass_market,San Borja,verified,low,2024-04-26,1952.2
C002437,DNI,19,mass_market,Trujillo,pending,low,2024-08-23,3018.15
C002438,DNI,64,mass_market,Piura,verified,low,2023-02-28,2848.11
C002439,CE,47,mass_market,Trujillo,verified,low,2023-06-01,6394.8
C002440,DNI,40,mass_market,Surco,verified,low,2024-06-23,8263.46
C002441,DNI,23,affluent,Arequipa,verified,low,2023-08-13,5689.44
C002442,DNI,35,mass_market,Surco,verified,low,2023-11-14,2843.94
C002443,DNI,70,affluent,Trujillo,verified,low,2024-07-16,5604.04
C002444,DNI,39,sme,Surco,verified,low,2023-10-06,4259.19
C002445,DNI,54,mass_market,La Molina,verified,low,2024-07-11,2860.65
C002446,DNI,21,mass_market,Trujillo,verified,low,2024-04-18,9422.11
C002447,DNI,60,mass_market,Piura,verified,low,2024-09-09,1986.42
C002448,DNI,28,mass_market,Miraflores,rejected,low,2023-01-24,4155.34
C002449,DNI,58,mass_market,Piura,verified,low,2024-06-02,4730.37
C002450,DNI,52,mass_market,La Molina,verified,high,2024-01-03,2544.97
C002451,DNI,28,mass_market,Miraflores,pending,low,2023-12-01,4054.27
C002452,DNI,51,premium,La Molina,verified,low,2024-03-08,5014.17
C002453,DNI,26,affluent,Miraflores,verified,medium,2023-01-03,3410.28
C002454,DNI,48,mass_market,Piura,verified,low,2023-09-15,3865.6
C002455,DNI,73,affluent,Trujillo,pending,low,2023-09-20,3158.93
C002456,DNI,74,mass_market,Lima,verified,low,2023-05-01,4622.25
C002457,DNI,59,mass_market,Cusco,verified,low,2024-12-20,2628.22
C002458,DNI,49,affluent,Cusco,pending,low,2023-01-21,2511.19
C002459,DNI,60,mass_market,La Molina,verified,low,2023-05-20,3014.86
C002460,DNI,52,mass_market,Cusco,verified,medium,2024-04-21,5715.96
C002461,DNI,66,premium,Piura,verified,low,2023-10-16,1140.19
C002462,DNI,28,sme,Callao,verified,low,2023-07-25,1807.77
C002463,DNI,34,affluent,La Molina,verified,low,2023-02-12,10421.99
C002464,DNI,68,affluent,Miraflores,verified,low,2023-04-28,3468.07
C002465,DNI,53,affluent,Arequipa,verified,low,2023-01-05,2383.04
C002466,DNI,19,mass_market,Surco,verified,medium,2023-07-26,4615.47
C002467,DNI,41,mass_market,Piura,verified,medium,2024-09-26,1935.72
C002468,DNI,63,mass_market,Miraflores,verified,medium,2023-12-11,937.73
C002469,DNI,32,mass_market,Callao,verified,low,2023-05-22,3623.3
C002470,DNI,45,mass_market,Arequipa,pending,high,2024-01-07,1994.34
C002471,DNI,20,mass_market,Cusco,verified,low,2023-08-20,3151.91
C002472,DNI,46,premium,Callao,verified,low,2023-06-13,3573.03
C002473,DNI,69,sme,La Molina,verified,low,2024-06-30,3223.31
C002474,CE,71,affluent,San Borja,verified,medium,2023-12-30,1164.51
C002475,DNI,62,mass_market,San Borja,pending,low,2023-12-01,3024.36
C002476,CE,71,sme,Cusco,verified,low,2023-01-11,3806.75
C002477,PASSPORT,30,mass_market,San Borja,verified,medium,2024-02-12,1380.18
C002478,DNI,67,affluent,San Borja,verified,low,2023-03-16,1292.66
C002479,DNI,39,mass_market,Miraflores,verified,low,2023-10-27,1655.79
C002480,DNI,69,affluent,Miraflores,verified,low,2024-01-16,4495.0
C002481,DNI,70,mass_market,Surco,verified,low,2024-12-10,993.19
C002482,DNI,48,sme,Trujillo,verified,low,2024-09-25,4704.97
C002483,DNI,24,premium,Cusco,verified,low,2024-08-08,3698.31
C002484,DNI,72,mass_market,San Borja,verified,low,2023-01-28,2587.31
C002485,DNI,65,mass_market,Surco,verified,medium,2024-04-07,1320.35
C002486,DNI,65,premium,Cusco,verified,high,2024-01-31,1923.58
C002487,DNI,71,mass_market,San Borja,verified,medium,2024-11-13,4582.72
C002488,DNI,43,sme,Piura,verified,low,2024-01-11,5950.31
C002489,DNI,48,affluent,Lima,verified,low,2024-02-25,1690.45
C002490,CE,55,mass_market,Piura,verified,low,2023-12-30,5586.03
C002491,DNI,55,mass_market,Arequipa,verified,medium,2023-08-04,4346.96
C002492,CE,21,mass_market,Cusco,verified,high,2023-04-11,2969.77
C002493,DNI,52,affluent,Trujillo,verified,medium,2023-04-03,1986.6
C002494,DNI,50,mass_market,Arequipa,verified,low,2024-07-28,2165.13
C002495,DNI,20,mass_market,Surco,verified,low,2023-09-23,8124.24
C002496,DNI,36,mass_market,Surco,verified,medium,2023-07-25,3288.36
C002497,DNI,26,affluent,San Borja,verified,low,2023-03-21,6194.57
C002498,DNI,63,sme,Arequipa,verified,low,2023-02-06,3404.51
C002499,DNI,36,premium,San Borja,verified,medium,2023-01-11,2323.93
C002500,DNI,73,mass_market,Cusco,verified,low,2024-09-18,4110.29
C002501,DNI,73,sme,Surco,verified,low,2023-03-31,9767.44
C002502,DNI,36,affluent,Lima,pending,low,2023-01-19,2091.71
C002503,DNI,43,affluent,Surco,verified,low,2024-07-17,4927.7
C002504,DNI,30,premium,Miraflores,verified,low,2024-01-09,3310.25
C002505,DNI,39,mass_market,Callao,verified,low,2023-04-04,1343.14
C002506,DNI,65,mass_market,Trujillo,verified,medium,2023-02-01,1326.73
C002507,DNI,25,sme,Arequipa,verified,low,2024-10-24,2324.85
C002508,DNI,41,mass_market,San Borja,verified,low,2023-05-20,3608.76
C002509,DNI,43,sme,Callao,verified,low,2024-07-23,4832.43
C002510,DNI,65,sme,Callao,verified,low,2023-01-21,1256.39
C002511,DNI,58,mass_market,Piura,verified,low,2023-05-29,4268.35
C002512,DNI,58,sme,La Molina,verified,medium,2023-08-09,2793.05
C002513,CE,73,mass_market,Piura,verified,low,2023-08-07,2986.4
C002514,DNI,72,mass_market,Piura,verified,low,2024-06-24,4120.53
C002515,DNI,20,affluent,Trujillo,pending,medium,2024-07-12,7788.14
C002516,DNI,24,premium,Miraflores,verified,low,2023-02-27,3522.77
C002517,DNI,69,mass_market,Surco,pending,low,2024-02-29,1413.46
C002518,CE,67,mass_market,Piura,verified,low,2023-10-02,2689.47
C002519,CE,73,affluent,Cusco,verified,low,2023-05-20,4763.19
C002520,DNI,19,affluent,Surco,verified,low,2023-01-23,4850.19
C002521,DNI,50,affluent,Miraflores,verified,low,2024-01-13,4299.28
C002522,DNI,29,mass_market,San Borja,verified,low,2024-01-08,2251.79
C002523,DNI,65,mass_market,La Molina,rejected,high,2023-03-04,1404.86
C002524,DNI,29,mass_market,Surco,verified,low,2024-07-17,4122.56
C002525,DNI,70,sme,Arequipa,verified,low,2023-12-08,1528.7
C002526,DNI,27,mass_market,Trujillo,verified,low,2023-06-16,4364.05
C002527,DNI,58,mass_market,Callao,verified,low,2023-05-31,4364.72
C002528,DNI,70,premium,San Borja,verified,low,2024-06-06,2304.85
C002529,DNI,44,mass_market,Miraflores,verified,low,2024-08-29,2802.16
C002530,DNI,35,premium,Piura,verified,medium,2024-08-06,3325.16
C002531,DNI,21,affluent,Cusco,pending,medium,2024-05-15,2125.69
C002532,DNI,57,sme,Cusco,verified,low,2024-07-13,1394.2
C002533,DNI,40,mass_market,La Molina,verified,medium,2023-12-14,2917.35
C002534,DNI,38,mass_market,Miraflores,verified,low,2023-09-29,3089.51
C002535,DNI,53,affluent,San Borja,verified,low,2024-03-05,6301.71
C002536,DNI,47,sme,Arequipa,verified,medium,2024-08-29,1938.95
C002537,DNI,65,affluent,Callao,verified,medium,2023-08-21,5365.11
C002538,DNI,38,mass_market,Piura,verified,low,2024-07-13,1586.22
C002539,DNI,40,affluent,Trujillo,verified,low,2023-07-27,1422.92
C002540,DNI,38,affluent,Lima,verified,low,2024-03-28,2526.34
C002541,DNI,25,affluent,Lima,verified,low,2024-05-15,1776.68
C002542,DNI,56,affluent,Piura,verified,medium,2024-08-11,1412.0
C002543,DNI,72,sme,San Borja,verified,low,2023-08-07,8685.25
C002544,DNI,74,affluent,Piura,verified,low,2023-03-22,2325.28
C002545,DNI,73,mass_market,Miraflores,verified,low,2024-07-02,10627.68
C002546,DNI,30,mass_market,Lima,verified,low,2024-09-05,1724.85
C002547,DNI,57,mass_market,La Molina,verified,medium,2024-12-03,1164.79
C002548,DNI,39,mass_market,Miraflores,verified,medium,2024-06-24,6064.51
C002549,DNI,24,mass_market,Lima,verified,low,2023-09-08,1998.87
C002550,CE,41,mass_market,Arequipa,verified,low,2024-08-28,3217.55
C002551,DNI,22,mass_market,Callao,verified,low,2024-02-19,1414.32
C002552,DNI,67,mass_market,Cusco,verified,low,2023-03-27,2919.12
C002553,DNI,72,sme,Miraflores,verified,low,2024-09-13,1401.93
C002554,DNI,43,premium,Cusco,verified,low,2023-08-05,2862.21
C002555,DNI,68,mass_market,Cusco,verified,low,2023-07-15,2296.95
C002556,DNI,27,premium,Lima,verified,low,2023-10-24,3383.44
C002557,DNI,28,mass_market,Miraflores,verified,medium,2023-02-13,4205.42
C002558,DNI,57,mass_market,Callao,pending,low,2024-01-28,3403.62
C002559,CE,55,mass_market,Arequipa,verified,medium,2024-03-18,3820.27
C002560,DNI,28,mass_market,Surco,verified,low,2023-03-31,2807.45
C002561,DNI,65,affluent,La Molina,verified,medium,2023-06-04,2346.25
C002562,DNI,47,affluent,Cusco,verified,low,2024-04-22,3860.55
C002563,DNI,21,mass_market,Callao,verified,medium,2024-09-12,2803.72
C002564,DNI,19,mass_market,Trujillo,verified,low,2023-02-28,2863.16
C002565,DNI,30,mass_market,Trujillo,verified,high,2023-04-20,3709.9
C002566,DNI,56,mass_market,Surco,verified,low,2024-04-23,1688.73
C002567,DNI,34,mass_market,Surco,verified,low,2024-09-09,6543.88
C002568,DNI,40,mass_market,Surco,verified,low,2024-08-16,2598.93
C002569,DNI,62,sme,La Molina,verified,medium,2023-02-18,3191.67
C002570,DNI,27,premium,La Molina,verified,medium,2024-01-12,2908.85
C002571,DNI,30,mass_market,Arequipa,verified,medium,2023-02-01,4268.46
C002572,DNI,59,sme,Cusco,verified,medium,2024-04-30,3592.31
C002573,CE,56,mass_market,San Borja,pending,medium,2024-08-23,2900.22
C002574,DNI,59,mass_market,Trujillo,verified,low,2024-06-14,6613.15
C002575,DNI,46,mass_market,Lima,verified,low,2023-01-03,511.92
C002576,DNI,33,affluent,Lima,verified,low,2024-01-13,5904.51
C002577,DNI,20,premium,Surco,verified,low,2024-07-25,4944.93
C002578,DNI,53,affluent,Piura,verified,low,2023-08-30,1086.05
C002579,DNI,21,mass_market,Trujillo,verified,low,2024-06-24,4969.66
C002580,DNI,53,affluent,San Borja,verified,low,2024-08-09,5335.6
C002581,DNI,33,mass_market,San Borja,verified,low,2024-08-04,4060.13
C002582,DNI,58,sme,Lima,verified,low,2024-08-17,1264.59
C002583,DNI,23,mass_market,Piura,verified,low,2023-12-23,4339.26
C002584,DNI,59,mass_market,San Borja,verified,low,2024-11-15,5187.25
C002585,PASSPORT,74,affluent,Trujillo,verified,low,2023-07-16,2176.09
C002586,DNI,45,affluent,Cusco,verified,medium,2024-02-23,3799.5
C002587,DNI,53,mass_market,Callao,verified,low,2024-10-20,2454.64
C002588,CE,40,affluent,Piura,verified,medium,2023-09-30,4851.08
C002589,DNI,29,mass_market,San Borja,pending,low,2024-05-16,2508.83
C002590,DNI,59,affluent,Piura,verified,low,2023-02-04,2166.65
C002591,DNI,48,sme,Piura,verified,low,2024-09-16,2917.22
C002592,DNI,29,sme,Cusco,verified,low,2024-04-05,1425.23
C002593,DNI,49,affluent,Trujillo,verified,low,2024-12-18,2762.19
C002594,DNI,42,mass_market,Lima,verified,low,2024-10-31,3637.86
C002595,DNI,68,mass_market,Cusco,verified,medium,2023-09-10,4810.12
C002596,DNI,46,affluent,San Borja,verified,medium,2024-09-25,3418.39
C002597,DNI,36,mass_market,Surco,verified,medium,2024-05-26,1355.69
C002598,CE,39,mass_market,Cusco,verified,high,2023-02-17,6271.36
C002599,DNI,41,mass_market,Surco,verified,low,2023-07-04,6567.49
C002600,DNI,50,mass_market,Miraflores,verified,low,2024-05-05,3171.35
C002601,DNI,53,affluent,Lima,verified,low,2023-09-30,1971.27
C002602,DNI,62,mass_market,Trujillo,verified,low,2024-09-04,2225.22
C002603,DNI,57,affluent,Callao,verified,medium,2024-06-10,2665.28
C002604,DNI,71,mass_market,Piura,verified,medium,2023-05-08,3474.71
C002605,DNI,63,mass_market,Surco,verified,medium,2023-07-29,2521.31
C002606,DNI,33,mass_market,Callao,verified,medium,2024-09-15,1859.17
C002607,DNI,19,mass_market,Callao,verified,low,2023-05-22,5232.56
C002608,DNI,25,mass_market,Surco,verified,low,2023-06-22,3434.09
C002609,DNI,30,affluent,Callao,verified,low,2024-11-08,1671.03
C002610,DNI,47,mass_market,Piura,verified,high,2024-03-22,3498.96
C002611,DNI,18,sme,Arequipa,pending,high,2023-04-29,3258.52
C002612,DNI,29,mass_market,Miraflores,verified,low,2024-12-15,2008.35
C002613,DNI,66,mass_market,Surco,verified,low,2023-01-11,5751.85
C002614,DNI,24,affluent,Piura,verified,low,2023-10-31,3210.52
C002615,DNI,65,mass_market,Lima,verified,low,2023-06-03,2646.14
C002616,DNI,31,mass_market,Surco,verified,medium,2023-11-19,2847.18
C002617,DNI,59,mass_market,Piura,verified,low,2024-06-20,3805.32
C002618,DNI,52,mass_market,Piura,verified,low,2024-03-20,2864.93
C002619,DNI,45,sme,Cusco,verified,low,2023-12-08,2851.79
C002620,DNI,29,mass_market,Arequipa,verified,medium,2023-08-09,5357.65
C002621,DNI,57,affluent,Surco,verified,low,2023-04-20,1366.32
C002622,DNI,65,sme,Trujillo,verified,low,2024-02-14,1497.64
C002623,CE,74,mass_market,Piura,verified,low,2024-02-22,4570.28
C002624,DNI,41,sme,Miraflores,verified,low,2024-08-24,11256.68
C002625,DNI,18,mass_market,Cusco,verified,low,2024-05-19,4827.44
C002626,CE,34,premium,Piura,verified,medium,2023-02-09,8310.83
C002627,DNI,55,mass_market,Surco,verified,medium,2024-05-23,2347.48
C002628,DNI,45,affluent,San Borja,verified,low,2024-04-03,2099.82
C002629,DNI,50,mass_market,Piura,verified,low,2023-09-20,3831.81
C002630,DNI,41,mass_market,La Molina,verified,medium,2024-10-31,5036.7
C002631,DNI,64,affluent,San Borja,verified,low,2023-04-28,1449.03
C002632,CE,62,affluent,Piura,verified,low,2024-03-25,2651.1
C002633,DNI,23,mass_market,Callao,verified,low,2024-02-18,2936.99
C002634,DNI,38,mass_market,Piura,verified,low,2024-12-08,2052.11
C002635,DNI,62,affluent,Lima,verified,low,2024-06-09,2188.08
C002636,DNI,71,affluent,Callao,verified,high,2024-04-05,4739.51
C002637,DNI,21,premium,Surco,verified,medium,2023-04-28,3859.63
C002638,DNI,50,affluent,Miraflores,verified,low,2023-08-05,4624.61
C002639,DNI,72,premium,San Borja,verified,medium,2024-12-17,3587.75
C002640,DNI,27,affluent,Trujillo,verified,low,2023-03-18,1844.03
C002641,DNI,74,mass_market,Cusco,verified,low,2024-02-25,3762.0
C002642,DNI,53,mass_market,Miraflores,verified,low,2023-06-21,1765.78
C002643,DNI,30,affluent,Callao,verified,low,2024-01-25,2511.25
C002644,DNI,53,affluent,Cusco,verified,medium,2023-01-26,1685.91
C002645,DNI,65,mass_market,San Borja,verified,low,2023-05-08,2130.29
C002646,DNI,26,mass_market,Trujillo,verified,medium,2024-01-09,3133.05
C002647,DNI,48,premium,La Molina,verified,low,2024-10-15,2317.81
C002648,DNI,21,mass_market,La Molina,verified,low,2023-01-24,1834.01
C002649,DNI,37,mass_market,Trujillo,verified,low,2024-04-14,5573.56
C002650,CE,25,mass_market,Cusco,verified,high,2024-02-27,2791.19
C002651,DNI,44,mass_market,Surco,rejected,low,2023-06-26,2229.74
C002652,DNI,53,mass_market,Cusco,verified,low,2024-06-21,1643.66
C002653,DNI,26,mass_market,Piura,verified,low,2023-09-23,1064.65
C002654,DNI,60,mass_market,Cusco,verified,low,2024-09-20,2638.26
C002655,CE,41,affluent,Surco,verified,medium,2024-07-23,1396.86
C002656,DNI,54,mass_market,Miraflores,verified,medium,2023-09-27,4409.96
C002657,DNI,58,sme,San Borja,verified,high,2023-11-25,3029.7
C002658,DNI,57,sme,Cusco,verified,medium,2024-03-30,7024.07
C002659,DNI,47,mass_market,San Borja,verified,low,2023-10-22,3370.08
C002660,DNI,43,affluent,Callao,verified,low,2023-05-02,1998.87
C002661,CE,21,mass_market,La Molina,rejected,low,2023-06-08,1059.97
C002662,DNI,69,sme,La Molina,verified,high,2023-06-27,4645.24
C002663,DNI,18,mass_market,Surco,verified,low,2024-10-17,1459.1
C002664,DNI,37,affluent,Callao,verified,low,2023-11-24,2381.58
C002665,DNI,45,affluent,La Molina,verified,low,2023-11-03,7485.69
C002666,DNI,62,mass_market,Surco,verified,low,2023-03-30,4171.54
C002667,DNI,41,mass_market,Cusco,verified,low,2023-02-07,3693.86
C002668,DNI,45,affluent,Callao,verified,low,2024-08-13,5010.93
C002669,DNI,45,affluent,Piura,pending,medium,2023-12-12,4909.25
C002670,DNI,22,mass_market,Piura,verified,low,2023-09-09,7111.87
C002671,DNI,49,affluent,Piura,verified,low,2023-05-29,2140.51
C002672,DNI,71,mass_market,Miraflores,verified,medium,2023-01-16,2423.15
C002673,DNI,69,affluent,Piura,verified,low,2024-01-02,1794.87
C002674,DNI,47,mass_market,Callao,verified,low,2023-04-28,2927.83
C002675,DNI,38,sme,Lima,verified,low,2024-12-04,2771.85
C002676,DNI,59,mass_market,La Molina,verified,low,2023-11-13,1135.44
C002677,DNI,33,mass_market,Piura,verified,low,2023-10-15,2080.48
C002678,DNI,25,mass_market,Callao,pending,low,2023-12-17,6578.18
C002679,DNI,29,mass_market,Arequipa,verified,high,2023-10-24,3409.48
C002680,DNI,49,mass_market,Cusco,verified,low,2023-07-13,4418.12
C002681,DNI,42,mass_market,Miraflores,verified,low,2024-01-27,2789.73
C002682,DNI,20,sme,San Borja,verified,low,2024-03-18,1055.85
C002683,DNI,43,mass_market,Surco,verified,medium,2023-10-08,2777.34
C002684,DNI,53,mass_market,Arequipa,verified,medium,2023-10-28,5286.61
C002685,CE,34,mass_market,Arequipa,verified,low,2024-03-01,1552.89
C002686,DNI,44,mass_market,Miraflores,pending,low,2023-09-07,4495.68
C002687,DNI,70,mass_market,Surco,verified,low,2024-05-29,1169.1
C002688,DNI,69,mass_market,Miraflores,verified,low,2024-11-16,3014.25
C002689,DNI,39,mass_market,Piura,verified,low,2024-02-10,4021.8
C002690,DNI,71,mass_market,San Borja,verified,low,2024-09-07,2510.75
C002691,DNI,62,mass_market,Surco,verified,low,2023-09-01,11612.76
C002692,DNI,55,affluent,Callao,verified,low,2024-01-02,2272.75
C002693,DNI,52,mass_market,La Molina,verified,low,2023-04-30,2168.67
C002694,DNI,63,mass_market,Miraflores,verified,low,2024-03-15,3335.81
C002695,DNI,24,premium,San Borja,verified,low,2024-05-18,1967.98
C002696,DNI,20,mass_market,Cusco,pending,low,2024-08-04,1349.2
C002697,DNI,23,affluent,Lima,pending,low,2024-03-08,1629.91
C002698,DNI,30,mass_market,Cusco,pending,high,2023-07-02,4522.83
C002699,DNI,63,affluent,Lima,verified,low,2024-04-05,2520.68
C002700,DNI,32,affluent,Trujillo,pending,low,2023-04-28,7601.58
C002701,DNI,43,mass_market,Callao,rejected,low,2023-01-31,2338.63
C002702,CE,65,premium,Trujillo,pending,low,2023-05-29,4406.26
C002703,DNI,50,mass_market,Miraflores,verified,low,2024-06-11,3947.99
C002704,DNI,32,mass_market,Miraflores,verified,low,2023-09-30,2319.52
C002705,DNI,73,affluent,Lima,verified,low,2024-01-20,1838.41
C002706,DNI,56,sme,Surco,verified,low,2023-04-12,1149.99
C002707,DNI,58,mass_market,San Borja,verified,medium,2023-03-13,4040.87
C002708,DNI,64,mass_market,Piura,verified,medium,2024-12-05,5762.02
C002709,DNI,31,mass_market,Arequipa,rejected,high,2024-09-14,1243.32
C002710,DNI,36,mass_market,Miraflores,verified,low,2024-02-12,2431.48
C002711,PASSPORT,45,affluent,Trujillo,verified,low,2023-12-13,2065.64
C002712,DNI,41,mass_market,Trujillo,pending,high,2024-01-02,4036.98
C002713,DNI,67,mass_market,Cusco,rejected,low,2024-09-09,2488.02
C002714,DNI,58,mass_market,Callao,verified,low,2024-07-02,6171.14
C002715,DNI,50,mass_market,Lima,verified,low,2023-10-18,2412.9
C002716,CE,29,mass_market,Arequipa,verified,low,2024-02-26,1510.19
C002717,DNI,27,affluent,Lima,verified,low,2023-06-30,2303.44
C002718,DNI,24,premium,Miraflores,verified,low,2024-10-16,2447.35
C002719,DNI,63,sme,La Molina,verified,low,2023-04-24,3981.27
C002720,DNI,18,mass_market,Arequipa,verified,low,2023-08-26,2427.37
C002721,DNI,32,sme,Cusco,verified,low,2023-04-04,3797.33
C002722,DNI,71,affluent,Trujillo,pending,low,2023-09-17,1929.92
C002723,DNI,18,affluent,Cusco,verified,low,2023-04-17,2534.95
C002724,CE,62,mass_market,Miraflores,verified,low,2023-09-01,1935.71
C002725,DNI,37,mass_market,La Molina,verified,low,2024-02-27,1871.22
C002726,DNI,72,mass_market,Piura,verified,low,2023-12-01,6009.87
C002727,DNI,19,mass_market,Arequipa,pending,low,2023-01-23,2011.59
C002728,DNI,20,mass_market,Lima,verified,low,2023-09-28,2462.22
C002729,DNI,53,mass_market,Arequipa,verified,low,2023-05-20,5295.08
C002730,DNI,33,mass_market,Trujillo,verified,low,2024-04-10,4503.01
C002731,DNI,71,affluent,Lima,verified,medium,2024-03-29,7351.53
C002732,DNI,46,mass_market,Piura,verified,medium,2024-01-19,3887.58
C002733,DNI,61,mass_market,Piura,verified,low,2024-08-16,2142.61
C002734,PASSPORT,74,premium,Callao,verified,low,2024-01-12,9241.22
C002735,DNI,53,premium,Lima,verified,low,2024-03-13,4105.75
C002736,DNI,71,affluent,San Borja,verified,low,2024-02-26,2737.82
C002737,DNI,61,premium,La Molina,verified,high,2023-06-05,3076.68
C002738,DNI,56,mass_market,San Borja,verified,high,2023-12-01,3289.88
C002739,DNI,69,premium,Piura,verified,low,2024-06-14,2616.92
C002740,DNI,71,mass_market,Lima,verified,low,2024-08-03,1398.67
C002741,CE,20,mass_market,Callao,verified,medium,2023-05-12,7293.19
C002742,CE,54,mass_market,Arequipa,verified,medium,2024-12-21,2945.37
C002743,DNI,61,mass_market,Arequipa,verified,low,2024-05-15,3297.51
C002744,DNI,29,mass_market,Arequipa,verified,low,2024-06-05,9348.58
C002745,DNI,37,affluent,Callao,pending,low,2023-05-20,2047.13
C002746,DNI,40,affluent,Miraflores,verified,low,2023-05-15,4274.9
C002747,DNI,39,affluent,Lima,verified,medium,2024-02-11,1927.99
C002748,DNI,49,mass_market,San Borja,pending,high,2023-04-04,3556.6
C002749,DNI,24,sme,La Molina,verified,medium,2023-08-29,3330.33
C002750,DNI,39,affluent,Piura,verified,low,2023-06-14,4604.69
C002751,DNI,61,mass_market,La Molina,verified,low,2023-11-21,5793.51
C002752,DNI,19,affluent,Piura,verified,low,2024-10-21,2167.36
C002753,DNI,31,mass_market,Lima,verified,low,2023-08-06,6497.49
C002754,DNI,72,mass_market,Lima,verified,low,2024-09-11,6755.52
C002755,DNI,33,sme,Cusco,verified,low,2023-08-19,2598.03
C002756,CE,41,mass_market,San Borja,verified,low,2024-08-04,2970.19
C002757,DNI,24,mass_market,Trujillo,rejected,low,2024-08-08,2271.3
C002758,DNI,21,sme,Piura,verified,low,2023-06-28,2519.98
C002759,DNI,69,affluent,Surco,verified,medium,2023-03-21,1537.77
C002760,DNI,54,mass_market,Trujillo,verified,low,2023-12-20,4571.72
C002761,DNI,63,mass_market,Arequipa,verified,low,2024-11-01,965.2
C002762,DNI,58,mass_market,La Molina,verified,low,2024-11-11,2031.64
C002763,DNI,22,affluent,Lima,pending,medium,2023-06-10,2906.23
C002764,DNI,19,mass_market,Surco,verified,low,2024-03-02,6092.96
C002765,DNI,22,mass_market,Piura,verified,low,2024-02-07,2208.6
C002766,DNI,20,premium,Miraflores,pending,low,2023-02-01,3771.84
C002767,DNI,59,mass_market,Piura,verified,low,2023-05-01,2851.1
C002768,CE,25,mass_market,La Molina,verified,low,2024-12-27,5013.13
C002769,DNI,43,mass_market,Piura,pending,medium,2024-05-29,3664.96
C002770,DNI,27,affluent,Piura,verified,low,2024-01-20,4706.1
C002771,DNI,51,mass_market,Callao,pending,medium,2024-02-29,2202.06
C002772,DNI,63,mass_market,San Borja,verified,low,2024-04-20,1706.65
C002773,DNI,53,sme,Trujillo,verified,low,2024-07-13,3647.95
C002774,DNI,70,mass_market,Miraflores,verified,low,2023-06-16,2279.59
C002775,CE,29,mass_market,Lima,verified,medium,2024-01-24,3031.09
C002776,DNI,37,mass_market,Piura,verified,low,2023-11-29,3549.28
C002777,DNI,46,mass_market,Miraflores,verified,low,2024-06-06,5902.02
C002778,DNI,31,mass_market,Cusco,verified,low,2024-04-15,4594.49
C002779,DNI,65,mass_market,Piura,verified,low,2024-12-04,2049.69
C002780,CE,22,mass_market,Callao,verified,medium,2024-06-07,1588.01
C002781,DNI,65,mass_market,Callao,verified,medium,2023-02-22,7624.02
C002782,DNI,44,sme,Surco,pending,low,2024-07-20,1248.3
C002783,DNI,21,premium,Arequipa,verified,low,2023-01-21,2324.18
C002784,DNI,46,affluent,La Molina,verified,low,2023-01-19,4250.89
C002785,DNI,20,sme,Trujillo,verified,low,2024-03-31,7341.65
C002786,DNI,50,mass_market,Cusco,verified,high,2023-11-18,2685.67
C002787,DNI,47,premium,La Molina,verified,low,2024-03-08,3026.13
C002788,CE,53,mass_market,La Molina,verified,low,2023-02-28,1842.24
C002789,DNI,26,premium,Surco,verified,low,2023-05-31,3195.95
C002790,DNI,18,premium,Callao,verified,low,2024-03-15,1583.54
C002791,DNI,65,affluent,San Borja,verified,low,2023-02-27,1973.06
C002792,DNI,40,premium,Miraflores,rejected,high,2024-12-28,4537.54
C002793,DNI,20,affluent,Lima,rejected,low,2024-07-27,2348.5
C002794,DNI,49,mass_market,San Borja,verified,low,2024-10-19,4936.87
C002795,DNI,41,mass_market,San Borja,verified,low,2023-10-20,2739.61
C002796,DNI,23,affluent,Arequipa,rejected,medium,2023-07-01,1404.08
C002797,DNI,30,mass_market,Arequipa,verified,low,2024-08-29,5668.05
C002798,DNI,66,affluent,San Borja,verified,low,2023-03-19,1446.02
C002799,DNI,32,premium,Callao,verified,low,2024-10-15,2140.98
C002800,DNI,70,mass_market,La Molina,verified,low,2023-04-15,2670.89
C002801,DNI,47,affluent,Miraflores,verified,medium,2023-09-18,5183.34
C002802,DNI,29,sme,La Molina,verified,low,2024-08-29,2231.51
C002803,DNI,57,premium,La Molina,verified,low,2023-08-11,1790.6
C002804,DNI,65,premium,La Molina,verified,low,2024-04-28,3259.96
C002805,DNI,52,mass_market,Miraflores,verified,low,2024-12-02,2650.01
C002806,PASSPORT,45,premium,Miraflores,verified,low,2023-05-09,2305.23
C002807,DNI,21,affluent,Surco,verified,medium,2023-11-15,3357.89
C002808,DNI,24,mass_market,Trujillo,verified,low,2024-12-07,1537.67
C002809,DNI,64,mass_market,San Borja,verified,medium,2024-05-23,1156.31
C002810,DNI,60,affluent,Piura,verified,low,2023-01-20,9665.34
C002811,DNI,33,mass_market,Surco,verified,high,2023-08-23,3156.76
C002812,DNI,39,affluent,Surco,pending,low,2024-08-19,3280.66
C002813,DNI,63,affluent,Lima,pending,low,2024-08-28,1938.96
C002814,DNI,72,mass_market,Piura,verified,low,2024-07-07,4884.07
C002815,DNI,62,affluent,Arequipa,verified,low,2023-12-16,2222.93
C002816,PASSPORT,58,affluent,Lima,verified,low,2024-03-28,643.95
C002817,DNI,42,mass_market,Arequipa,verified,high,2024-08-08,2182.29
C002818,DNI,67,mass_market,Trujillo,verified,medium,2024-05-23,2553.51
C002819,DNI,20,mass_market,Cusco,verified,low,2024-09-18,2714.75
C002820,CE,69,mass_market,Arequipa,verified,low,2024-02-27,2671.9
C002821,DNI,39,premium,La Molina,verified,low,2023-07-09,2090.79
C002822,DNI,48,mass_market,Arequipa,verified,medium,2023-05-05,1982.6
C002823,DNI,54,affluent,Piura,verified,low,2023-01-06,2530.35
C002824,DNI,39,mass_market,Miraflores,verified,low,2024-04-02,1205.91
C002825,DNI,44,mass_market,Piura,verified,medium,2024-07-07,1015.69
C002826,DNI,73,sme,Trujillo,verified,low,2024-07-23,3146.14
C002827,DNI,19,affluent,Surco,verified,medium,2024-06-05,3175.13
C002828,DNI,39,mass_market,La Molina,verified,low,2023-03-30,4835.16
C002829,DNI,74,mass_market,Cusco,pending,low,2023-04-21,2590.07
C002830,PASSPORT,70,mass_market,Trujillo,verified,low,2024-07-04,1546.12
C002831,DNI,34,mass_market,Surco,verified,low,2024-02-01,1025.77
C002832,DNI,65,affluent,Callao,verified,high,2024-11-09,1826.93
C002833,DNI,73,mass_market,Piura,verified,low,2023-01-11,3760.8
C002834,DNI,37,mass_market,Trujillo,verified,low,2024-09-13,6586.63
C002835,DNI,41,mass_market,Piura,verified,low,2024-05-11,3070.96
C002836,CE,62,sme,Cusco,verified,low,2023-01-16,1529.24
C002837,DNI,48,premium,Surco,verified,low,2023-02-02,1837.28
C002838,DNI,69,mass_market,Piura,verified,low,2024-05-03,1869.1
C002839,DNI,60,affluent,Miraflores,verified,medium,2023-07-07,2384.41
C002840,DNI,25,mass_market,Arequipa,verified,low,2024-07-24,5521.98
C002841,DNI,74,mass_market,Lima,verified,low,2024-04-02,5764.08
C002842,DNI,70,affluent,Cusco,verified,medium,2023-02-20,2711.51
C002843,DNI,22,sme,Lima,verified,low,2023-09-28,3296.74
C002844,DNI,19,premium,San Borja,verified,medium,2024-04-08,1922.43
C002845,DNI,74,affluent,Arequipa,verified,low,2023-02-12,1163.92
C002846,DNI,21,mass_market,Cusco,verified,low,2024-06-22,7971.17
C002847,DNI,52,affluent,Trujillo,verified,low,2024-07-21,831.0
C002848,DNI,51,mass_market,Miraflores,verified,low,2023-05-01,1086.03
C002849,DNI,20,affluent,Trujillo,verified,low,2024-09-16,8006.61
C002850,DNI,65,mass_market,Callao,rejected,low,2023-11-12,3008.32
C002851,DNI,37,affluent,San Borja,pending,low,2023-04-25,1604.79
C002852,DNI,26,mass_market,Miraflores,pending,low,2024-09-12,4339.38
C002853,DNI,23,mass_market,Piura,verified,low,2024-03-29,4560.46
C002854,CE,64,sme,Piura,verified,low,2024-11-17,1432.28
C002855,DNI,22,mass_market,La Molina,verified,low,2024-09-15,2223.72
C002856,DNI,58,mass_market,Piura,verified,low,2024-09-03,4826.78
C002857,DNI,73,mass_market,Surco,verified,low,2024-06-03,1902.08
C002858,DNI,55,mass_market,San Borja,verified,low,2024-10-08,3481.4
C002859,DNI,52,mass_market,Surco,verified,low,2023-12-03,6526.63
C002860,DNI,72,mass_market,Arequipa,verified,low,2023-08-28,799.62
C002861,DNI,48,sme,La Molina,verified,medium,2024-01-21,2470.84
C002862,DNI,30,mass_market,La Molina,verified,low,2023-05-25,3442.32
C002863,DNI,43,premium,Piura,verified,low,2024-01-12,1112.51
C002864,DNI,39,affluent,Miraflores,verified,medium,2023-01-04,2227.68
C002865,DNI,49,mass_market,Arequipa,verified,low,2023-11-24,5294.77
C002866,DNI,32,affluent,Callao,verified,low,2023-07-16,2023.59
C002867,CE,28,mass_market,San Borja,verified,medium,2024-01-24,1317.67
C002868,DNI,33,affluent,San Borja,verified,low,2024-10-01,5552.24
C002869,DNI,64,mass_market,Cusco,verified,high,2023-09-18,3806.54
C002870,DNI,73,mass_market,Trujillo,verified,high,2024-08-25,2870.18
C002871,DNI,23,sme,Piura,verified,low,2023-04-04,2823.93
C002872,DNI,63,premium,Cusco,rejected,high,2023-09-14,5247.75
C002873,DNI,28,sme,Callao,verified,high,2023-05-16,3505.16
C002874,DNI,69,mass_market,La Molina,verified,low,2024-06-08,4251.75
C002875,DNI,27,affluent,Lima,verified,high,2024-12-10,2036.7
C002876,DNI,33,mass_market,Callao,verified,low,2024-05-12,1038.42
C002877,PASSPORT,29,mass_market,Callao,verified,low,2023-06-27,4196.69
C002878,DNI,24,mass_market,Miraflores,verified,low,2023-04-22,5461.67
C002879,DNI,56,affluent,Miraflores,verified,low,2023-09-21,2634.61
C002880,DNI,44,mass_market,Miraflores,verified,low,2024-02-18,4857.44
C002881,DNI,41,mass_market,Miraflores,verified,low,2024-01-04,2479.06
C002882,CE,67,sme,Trujillo,verified,low,2024-08-13,2835.9
C002883,DNI,32,mass_market,Piura,verified,low,2024-01-13,7815.28
C002884,DNI,23,mass_market,San Borja,verified,low,2024-08-08,2539.35
C002885,DNI,36,mass_market,Piura,verified,low,2024-01-18,2458.21
C002886,DNI,25,premium,Piura,verified,low,2024-11-03,1065.83
C002887,DNI,69,mass_market,San Borja,pending,medium,2024-05-25,4357.01
C002888,DNI,64,mass_market,Miraflores,verified,low,2024-12-13,2017.45
C002889,DNI,53,sme,Piura,pending,low,2024-01-12,3232.38
C002890,DNI,67,sme,Trujillo,verified,low,2024-06-28,2506.72
C002891,DNI,30,mass_market,Miraflores,verified,low,2023-03-14,2332.78
C002892,DNI,71,affluent,Trujillo,verified,low,2024-05-18,2794.05
C002893,DNI,71,affluent,Cusco,verified,high,2023-12-18,2914.73
C002894,DNI,50,affluent,Piura,verified,medium,2024-12-10,5692.15
C002895,DNI,49,mass_market,Surco,verified,low,2023-11-21,6878.23
C002896,DNI,45,sme,Trujillo,verified,low,2024-01-23,4263.7
C002897,CE,57,mass_market,Cusco,pending,low,2023-08-28,5999.05
C002898,DNI,68,mass_market,Arequipa,verified,low,2023-03-15,4768.47
C002899,CE,66,mass_market,Arequipa,verified,low,2023-01-31,3912.91
C002900,DNI,27,mass_market,Cusco,verified,low,2024-04-23,6636.42
C002901,DNI,50,mass_market,La Molina,verified,low,2023-01-14,1451.48
C002902,PASSPORT,18,affluent,La Molina,verified,low,2024-12-17,2045.8
C002903,DNI,38,mass_market,Miraflores,verified,medium,2023-11-12,1897.9
C002904,DNI,22,mass_market,La Molina,verified,low,2023-03-09,2525.61
C002905,DNI,18,mass_market,Arequipa,verified,high,2024-10-01,4347.02
C002906,DNI,70,mass_market,La Molina,verified,low,2024-06-21,1614.36
C002907,DNI,72,premium,Surco,verified,low,2024-11-26,3930.57
C002908,DNI,38,mass_market,Arequipa,verified,low,2024-10-10,2158.39
C002909,DNI,42,mass_market,Trujillo,verified,medium,2023-10-18,2462.95
C002910,DNI,37,mass_market,Callao,pending,medium,2024-09-09,3328.34
C002911,CE,62,mass_market,La Molina,verified,low,2023-01-24,7515.23
C002912,DNI,26,mass_market,La Molina,verified,low,2024-02-19,2014.67
C002913,CE,33,affluent,Piura,verified,low,2024-12-06,2852.49
C002914,DNI,45,premium,San Borja,verified,low,2024-11-11,1647.44
C002915,CE,57,mass_market,Surco,verified,low,2023-02-05,2004.06
C002916,DNI,63,affluent,Arequipa,verified,low,2023-04-11,1639.2
C002917,DNI,66,affluent,Arequipa,verified,low,2024-06-29,3410.56
C002918,DNI,53,sme,Lima,verified,low,2023-02-08,3766.57
C002919,PASSPORT,56,mass_market,San Borja,verified,low,2023-07-30,4349.77
C002920,DNI,66,mass_market,La Molina,verified,low,2024-08-14,1969.42
C002921,DNI,41,mass_market,Cusco,verified,low,2023-06-21,3941.71
C002922,DNI,33,affluent,Piura,verified,low,2024-03-17,3172.28
C002923,DNI,31,sme,Trujillo,pending,medium,2023-02-28,2887.76
C002924,DNI,65,mass_market,Piura,verified,low,2024-02-14,1506.01
C002925,DNI,51,mass_market,La Molina,verified,low,2024-06-17,3243.11
C002926,DNI,41,sme,Lima,verified,low,2023-12-31,3300.16
C002927,CE,64,sme,Callao,verified,medium,2024-01-02,3152.5
C002928,DNI,28,premium,Arequipa,verified,low,2023-12-10,3714.61
C002929,DNI,62,affluent,Trujillo,verified,high,2023-10-23,4367.86
C002930,DNI,53,mass_market,San Borja,verified,low,2023-12-07,1629.6
C002931,CE,73,affluent,La Molina,verified,low,2024-08-28,2646.03
C002932,DNI,18,affluent,Surco,verified,low,2024-06-06,3958.7
C002933,DNI,64,mass_market,Cusco,verified,low,2024-09-20,2571.86
C002934,DNI,29,mass_market,Piura,verified,low,2023-09-22,5052.72
C002935,DNI,38,affluent,Lima,pending,low,2024-06-07,3132.54
C002936,DNI,26,mass_market,Callao,verified,low,2024-10-27,1017.18
C002937,DNI,56,affluent,Miraflores,verified,low,2023-02-07,4730.03
C002938,DNI,20,affluent,Cusco,verified,low,2023-05-11,2795.02
C002939,DNI,33,premium,La Molina,verified,low,2024-01-17,1126.26
C002940,PASSPORT,21,mass_market,Callao,verified,low,2023-08-13,2594.74
C002941,DNI,43,mass_market,Cusco,pending,low,2023-05-23,1483.86
C002942,DNI,72,affluent,Cusco,verified,low,2024-03-06,4510.77
C002943,DNI,63,mass_market,Arequipa,verified,low,2024-01-24,2922.77
C002944,DNI,71,affluent,Cusco,verified,low,2023-02-23,1793.53
C002945,DNI,30,affluent,Surco,verified,low,2023-01-24,4656.25
C002946,PASSPORT,37,mass_market,Callao,verified,low,2024-01-30,3836.01
C002947,DNI,36,mass_market,La Molina,verified,low,2024-09-24,2618.43
C002948,DNI,44,mass_market,La Molina,verified,low,2023-04-29,1502.55
C002949,DNI,19,mass_market,Surco,verified,medium,2024-11-03,1875.52
C002950,DNI,27,premium,San Borja,verified,low,2024-08-08,1860.12
C002951,DNI,42,sme,Callao,verified,low,2023-07-04,4494.34
C002952,DNI,36,affluent,Cusco,verified,medium,2023-07-11,1182.64
C002953,DNI,32,affluent,Lima,verified,low,2024-05-01,2904.51
C002954,DNI,56,mass_market,Trujillo,verified,medium,2024-09-24,2597.6
C002955,CE,64,premium,Callao,verified,low,2024-12-21,5268.74
C002956,DNI,66,affluent,Miraflores,verified,low,2024-01-19,3388.03
C002957,DNI,41,affluent,Lima,verified,low,2023-12-12,4001.26
C002958,CE,33,sme,Surco,verified,medium,2024-04-17,2232.89
C002959,DNI,34,mass_market,Cusco,pending,low,2024-11-06,1514.67
C002960,DNI,33,sme,San Borja,verified,low,2023-01-03,2492.37
C002961,DNI,35,mass_market,Miraflores,verified,low,2023-02-19,4570.78
C002962,DNI,66,mass_market,San Borja,verified,low,2024-05-18,4565.07
C002963,DNI,21,mass_market,San Borja,verified,low,2023-07-30,2352.37
C002964,DNI,19,premium,Piura,verified,low,2024-06-11,1856.76
C002965,DNI,66,sme,Arequipa,verified,low,2024-11-10,1667.08
C002966,DNI,66,affluent,Miraflores,verified,low,2023-10-10,2765.16
C002967,DNI,48,affluent,Trujillo,pending,medium,2024-01-14,3213.46
C002968,DNI,19,affluent,Arequipa,verified,low,2023-11-22,6702.63
C002969,DNI,71,premium,Miraflores,verified,medium,2023-10-25,3190.18
C002970,DNI,19,mass_market,San Borja,verified,low,2024-11-27,4177.93
C002971,DNI,32,mass_market,Arequipa,pending,low,2023-05-18,1940.58
C002972,DNI,65,mass_market,Miraflores,rejected,low,2023-05-05,3050.12
C002973,DNI,60,affluent,Trujillo,verified,low,2024-01-27,3219.7
C002974,DNI,46,affluent,Lima,verified,low,2024-02-06,2759.23
C002975,DNI,51,mass_market,Callao,verified,medium,2024-04-24,2945.4
C002976,DNI,57,mass_market,Cusco,verified,low,2024-02-05,3195.25
C002977,DNI,49,sme,Miraflores,verified,low,2024-07-23,3883.8
C002978,DNI,38,mass_market,Trujillo,pending,low,2023-12-28,5670.4
C002979,DNI,47,affluent,Callao,verified,low,2023-03-07,857.44
C002980,DNI,41,premium,Arequipa,verified,low,2024-03-03,5500.29
C002981,DNI,61,mass_market,Miraflores,verified,medium,2024-12-14,1163.35
C002982,CE,31,mass_market,Miraflores,verified,low,2024-06-04,3532.71
C002983,DNI,45,affluent,Surco,verified,low,2024-03-07,10889.95
C002984,CE,31,sme,Miraflores,verified,low,2023-04-15,2912.02
C002985,DNI,73,mass_market,Cusco,verified,low,2023-03-30,3291.21
C002986,DNI,61,premium,Surco,verified,medium,2024-08-23,2513.31
C002987,DNI,51,mass_market,Callao,verified,low,2023-01-06,4302.68
C002988,DNI,31,mass_market,Arequipa,verified,low,2023-06-07,3638.09
C002989,DNI,72,affluent,Arequipa,verified,high,2024-01-14,2055.29
C002990,DNI,42,sme,La Molina,pending,low,2023-11-26,2799.25
C002991,DNI,29,mass_market,La Molina,verified,low,2023-04-13,1611.4
C002992,DNI,73,sme,Callao,verified,low,2023-08-11,2792.19
C002993,DNI,58,affluent,Piura,verified,low,2024-02-06,2366.92
C002994,DNI,57,mass_market,Trujillo,verified,low,2024-11-13,3213.44
C002995,DNI,37,mass_market,Piura,verified,low,2024-06-28,2017.36
C002996,CE,65,sme,Trujillo,verified,medium,2024-05-23,2649.33
C002997,DNI,59,mass_market,Surco,verified,low,2024-11-23,2995.38
C002998,DNI,24,mass_market,Callao,pending,low,2023-07-03,3112.34
C002999,DNI,32,mass_market,Trujillo,verified,low,2023-03-28,3466.35
C003000,DNI,74,sme,La Molina,verified,low,2024-08-03,2708.66
C003001,DNI,26,affluent,La Molina,verified,low,2024-01-15,1933.95
C003002,DNI,21,affluent,San Borja,pending,medium,2024-06-21,3118.6
C003003,DNI,48,mass_market,Trujillo,verified,low,2024-02-17,2701.68
C003004,DNI,40,affluent,Callao,verified,low,2024-06-01,5237.27
C003005,DNI,23,affluent,Lima,verified,low,2024-11-24,5613.38
C003006,DNI,45,sme,Surco,verified,medium,2023-10-22,1401.58
C003007,DNI,29,sme,Miraflores,verified,low,2023-09-17,4185.72
C003008,DNI,64,mass_market,Miraflores,verified,low,2024-01-19,4673.95
C003009,DNI,68,affluent,Trujillo,verified,low,2023-10-31,1421.96
C003010,DNI,39,mass_market,Piura,verified,medium,2023-11-12,4099.87
C003011,DNI,41,mass_market,Surco,verified,medium,2024-12-19,4879.39
C003012,DNI,51,mass_market,Arequipa,verified,medium,2023-03-18,1768.16
C003013,DNI,36,mass_market,Cusco,verified,high,2024-11-10,2617.6
C003014,DNI,41,mass_market,Miraflores,verified,low,2024-01-14,3302.64
C003015,DNI,37,affluent,La Molina,verified,low,2024-04-05,4079.59
C003016,DNI,69,mass_market,Surco,verified,low,2023-02-25,1730.83
C003017,DNI,51,affluent,Piura,verified,low,2023-03-22,5632.75
C003018,DNI,64,mass_market,Callao,verified,low,2024-11-09,976.39
C003019,DNI,44,mass_market,Piura,verified,medium,2023-06-25,6173.74
C003020,DNI,61,affluent,Surco,pending,low,2024-01-18,4034.54
C003021,DNI,46,mass_market,Arequipa,rejected,low,2023-05-29,2117.57
C003022,DNI,18,mass_market,Miraflores,verified,medium,2023-10-08,4795.45
C003023,DNI,72,affluent,La Molina,verified,low,2023-12-11,1675.24
C003024,DNI,63,mass_market,Lima,verified,low,2024-02-13,3175.48
C003025,DNI,53,mass_market,Callao,verified,low,2024-12-18,3398.8
C003026,DNI,71,mass_market,La Molina,verified,low,2023-01-30,3394.37
C003027,DNI,73,premium,Arequipa,verified,high,2024-12-30,1878.36
C003028,CE,60,affluent,Cusco,verified,low,2024-02-26,2269.14
C003029,CE,56,affluent,Arequipa,pending,medium,2023-08-19,3196.17
C003030,CE,62,affluent,Arequipa,verified,low,2023-12-25,1998.78
C003031,DNI,63,mass_market,Miraflores,verified,low,2023-06-11,3460.95
C003032,DNI,24,mass_market,Surco,verified,low,2024-12-29,2126.5
C003033,DNI,71,affluent,Surco,verified,low,2023-08-16,5166.75
C003034,DNI,60,mass_market,La Molina,verified,low,2023-08-09,7040.8
C003035,DNI,37,mass_market,Cusco,verified,low,2023-03-14,2531.06
C003036,DNI,37,mass_market,Cusco,verified,low,2024-02-03,4945.05
C003037,DNI,42,mass_market,Piura,verified,low,2023-04-05,2652.43
C003038,PASSPORT,60,premium,Lima,verified,low,2024-04-19,1781.06
C003039,DNI,38,mass_market,Arequipa,verified,low,2023-04-05,2358.67
C003040,DNI,26,mass_market,Lima,verified,low,2023-05-04,3124.61
C003041,DNI,44,mass_market,San Borja,pending,low,2024-05-14,1115.63
C003042,DNI,45,premium,Trujillo,verified,medium,2024-09-12,4205.34
C003043,CE,42,mass_market,Arequipa,verified,medium,2023-02-17,3125.38
C003044,DNI,53,mass_market,Lima,verified,medium,2023-04-05,5168.3
C003045,DNI,51,affluent,Miraflores,verified,low,2024-04-21,4165.02
C003046,CE,19,affluent,Trujillo,verified,low,2023-02-02,3184.25
C003047,DNI,74,mass_market,Cusco,pending,low,2023-04-28,2451.1
C003048,DNI,26,mass_market,Arequipa,verified,medium,2024-10-05,6888.26
C003049,DNI,36,mass_market,Arequipa,verified,low,2023-09-08,9832.32
C003050,DNI,32,mass_market,Cusco,verified,low,2023-10-30,2473.69
C003051,DNI,70,mass_market,Piura,verified,medium,2023-05-02,5288.35
C003052,DNI,38,mass_market,Miraflores,verified,low,2023-08-06,2020.88
C003053,CE,67,mass_market,Arequipa,verified,low,2023-02-22,2157.65
C003054,DNI,33,mass_market,Lima,verified,low,2023-05-06,2410.44
C003055,DNI,19,affluent,Arequipa,verified,low,2023-06-08,4344.11
C003056,DNI,43,premium,Trujillo,pending,low,2024-11-01,1650.44
C003057,DNI,61,affluent,Arequipa,verified,low,2024-08-23,6991.71
C003058,PASSPORT,46,mass_market,Lima,verified,high,2023-06-25,4993.19
C003059,DNI,50,mass_market,Callao,verified,low,2023-10-19,4289.1
C003060,DNI,51,premium,Trujillo,verified,low,2023-06-08,2536.15
C003061,DNI,63,mass_market,La Molina,verified,low,2024-05-05,4704.23
C003062,DNI,44,mass_market,La Molina,verified,low,2023-12-23,599.11
C003063,DNI,24,affluent,Trujillo,verified,medium,2024-09-25,3799.01
C003064,DNI,66,affluent,Miraflores,verified,low,2023-08-25,3255.39
C003065,DNI,32,affluent,Callao,verified,medium,2024-03-03,1056.36
C003066,DNI,34,mass_market,Trujillo,verified,low,2023-05-05,3727.3
C003067,DNI,26,mass_market,Lima,verified,low,2023-11-11,4125.7
C003068,DNI,30,premium,San Borja,verified,medium,2023-10-06,1075.4
C003069,DNI,49,mass_market,Surco,verified,low,2024-08-26,1551.96
C003070,PASSPORT,19,affluent,Arequipa,verified,low,2023-04-15,9278.12
C003071,DNI,49,affluent,Piura,verified,low,2023-02-11,2690.56
C003072,DNI,64,affluent,Callao,verified,medium,2024-02-01,5097.95
C003073,DNI,37,mass_market,Lima,verified,medium,2024-10-02,5539.95
C003074,DNI,60,mass_market,Piura,verified,medium,2024-04-04,3702.14
C003075,DNI,36,affluent,La Molina,verified,low,2024-05-05,5215.98
C003076,DNI,63,sme,Trujillo,verified,low,2024-07-18,932.54
C003077,DNI,44,premium,Callao,verified,low,2023-06-17,2625.98
C003078,DNI,53,mass_market,Cusco,verified,low,2024-08-24,547.67
C003079,DNI,47,mass_market,Arequipa,verified,low,2023-06-23,1140.99
C003080,DNI,28,premium,Surco,verified,low,2024-01-07,2207.67
C003081,DNI,33,affluent,La Molina,verified,low,2024-08-21,2067.38
C003082,DNI,72,sme,Trujillo,verified,medium,2023-05-30,3049.63
C003083,DNI,43,mass_market,Arequipa,verified,medium,2023-09-06,2947.29
C003084,DNI,47,affluent,La Molina,verified,high,2024-09-18,3208.5
C003085,DNI,19,affluent,Cusco,verified,low,2023-06-29,3281.61
C003086,DNI,51,affluent,Piura,verified,low,2023-04-30,3579.96
C003087,DNI,58,mass_market,Surco,verified,low,2023-01-28,1759.04
C003088,DNI,39,mass_market,Surco,verified,low,2023-04-27,2000.92
C003089,DNI,48,affluent,Arequipa,verified,low,2024-12-03,2921.1
C003090,DNI,72,mass_market,Lima,verified,high,2024-10-18,2946.17
C003091,DNI,70,mass_market,Arequipa,verified,low,2023-09-19,1644.09
C003092,DNI,38,premium,La Molina,verified,low,2024-10-15,5403.8
C003093,PASSPORT,53,mass_market,Lima,verified,low,2024-09-17,4441.02
C003094,DNI,57,sme,Surco,verified,low,2023-02-07,1857.81
C003095,DNI,40,mass_market,San Borja,verified,low,2023-07-16,2658.18
C003096,DNI,43,affluent,Surco,verified,low,2024-06-08,9002.4
C003097,DNI,35,premium,Arequipa,verified,low,2024-09-15,3256.2
C003098,DNI,32,mass_market,La Molina,pending,low,2024-03-12,3705.7
C003099,DNI,51,mass_market,Lima,verified,low,2024-10-10,2132.57
C003100,CE,39,mass_market,Trujillo,verified,low,2024-11-14,2509.37
C003101,DNI,45,mass_market,Lima,verified,low,2024-09-30,6844.7
C003102,DNI,60,affluent,Cusco,verified,low,2024-02-14,3172.62
C003103,DNI,66,sme,Miraflores,verified,medium,2023-11-29,2866.91
C003104,DNI,24,mass_market,Miraflores,verified,low,2024-06-14,2993.51
C003105,DNI,57,mass_market,Callao,pending,low,2024-04-09,12087.9
C003106,DNI,59,mass_market,Piura,verified,medium,2024-12-20,3046.94
C003107,DNI,41,affluent,Callao,verified,low,2023-06-07,1888.35
C003108,DNI,52,mass_market,Callao,verified,medium,2023-06-09,2078.82
C003109,DNI,30,affluent,Lima,verified,medium,2023-11-30,4579.82
C003110,DNI,72,affluent,La Molina,verified,low,2024-01-11,1358.77
C003111,DNI,66,affluent,Callao,verified,medium,2023-03-20,3819.29
C003112,CE,30,mass_market,Arequipa,verified,low,2023-07-16,2002.0
C003113,DNI,48,affluent,Lima,verified,low,2023-04-30,1072.42
C003114,DNI,36,mass_market,La Molina,verified,medium,2024-10-12,1738.82
C003115,DNI,46,mass_market,Miraflores,verified,medium,2023-08-14,3026.44
C003116,DNI,39,sme,San Borja,verified,low,2024-08-17,6421.08
C003117,CE,58,affluent,Arequipa,verified,low,2024-02-14,4926.24
C003118,DNI,38,mass_market,Trujillo,pending,low,2024-06-21,2536.32
C003119,DNI,33,mass_market,Piura,verified,low,2024-10-01,5088.32
C003120,DNI,47,mass_market,Trujillo,verified,low,2023-12-05,2449.82
C003121,DNI,22,mass_market,La Molina,pending,high,2024-07-09,1330.64
C003122,DNI,58,mass_market,Cusco,verified,low,2024-08-18,3015.73
C003123,DNI,58,mass_market,La Molina,verified,low,2024-06-20,1302.1
C003124,DNI,23,mass_market,San Borja,verified,low,2023-08-08,4606.73
C003125,DNI,38,affluent,Miraflores,verified,low,2023-10-20,4643.55
C003126,DNI,59,affluent,Surco,pending,low,2023-07-23,1837.23
C003127,DNI,67,affluent,La Molina,verified,low,2024-12-05,3229.49
C003128,DNI,28,mass_market,Miraflores,verified,medium,2024-05-28,3212.57
C003129,DNI,41,premium,Trujillo,verified,low,2023-07-21,4815.43
C003130,DNI,45,sme,La Molina,verified,low,2023-02-01,1502.99
C003131,DNI,73,sme,La Molina,verified,low,2023-03-30,4145.25
C003132,DNI,32,sme,Callao,verified,low,2023-07-21,1444.87
C003133,DNI,56,premium,Trujillo,verified,low,2024-11-20,4570.85
C003134,DNI,63,mass_market,Piura,verified,medium,2024-12-05,5348.03
C003135,DNI,57,mass_market,Piura,pending,low,2024-11-02,2062.6
C003136,DNI,68,affluent,Arequipa,verified,low,2023-10-20,5828.53
C003137,DNI,64,affluent,Cusco,verified,medium,2024-12-16,1254.24
C003138,DNI,36,affluent,Surco,verified,high,2023-04-25,5457.64
C003139,DNI,67,mass_market,La Molina,verified,low,2024-12-22,6575.8
C003140,DNI,34,mass_market,La Molina,verified,low,2023-08-10,3605.44
C003141,DNI,20,mass_market,Arequipa,verified,low,2023-07-01,2677.02
C003142,DNI,20,premium,Cusco,pending,low,2024-04-13,3539.82
C003143,DNI,56,affluent,Trujillo,verified,low,2024-03-01,2138.66
C003144,DNI,45,mass_market,La Molina,verified,high,2024-07-05,12626.39
C003145,DNI,48,mass_market,Miraflores,verified,low,2023-03-01,2159.02
C003146,DNI,59,mass_market,Lima,verified,low,2024-04-29,6152.23
C003147,DNI,74,sme,Cusco,verified,low,2023-01-11,1982.92
C003148,DNI,66,affluent,La Molina,verified,medium,2024-09-23,7174.19
C003149,DNI,64,affluent,Cusco,verified,low,2024-01-20,9016.22
C003150,DNI,25,mass_market,Piura,verified,low,2024-02-14,3685.99
C003151,PASSPORT,34,affluent,Surco,verified,medium,2023-02-11,3490.02
C003152,DNI,52,mass_market,La Molina,verified,low,2024-12-02,1761.43
C003153,DNI,53,affluent,Surco,verified,low,2023-05-03,1649.76
C003154,DNI,44,mass_market,San Borja,verified,low,2024-12-01,3511.69
C003155,DNI,57,mass_market,Lima,verified,medium,2023-09-09,6647.56
C003156,CE,62,affluent,Arequipa,verified,medium,2024-08-26,2205.01
C003157,DNI,50,premium,Surco,verified,low,2024-04-28,10040.29
C003158,DNI,67,mass_market,La Molina,verified,low,2023-08-01,2131.16
C003159,DNI,28,sme,Callao,verified,low,2024-12-14,3381.81
C003160,DNI,38,mass_market,Arequipa,verified,low,2023-09-25,3386.69
C003161,DNI,23,mass_market,Arequipa,verified,medium,2024-10-28,2819.05
C003162,DNI,65,mass_market,Trujillo,verified,low,2024-12-07,968.64
C003163,DNI,38,mass_market,Surco,verified,medium,2024-06-23,2120.72
C003164,DNI,68,mass_market,Callao,verified,low,2024-12-06,3326.92
C003165,DNI,72,mass_market,Surco,verified,medium,2024-09-10,2827.67
C003166,DNI,45,mass_market,Trujillo,verified,high,2024-10-22,4229.81
C003167,DNI,34,premium,Lima,verified,low,2023-05-15,4519.97
C003168,DNI,35,mass_market,La Molina,verified,low,2024-05-12,2612.22
C003169,DNI,28,affluent,Piura,verified,low,2024-08-29,1755.77
C003170,DNI,63,mass_market,Piura,verified,medium,2023-05-06,6985.38
C003171,DNI,61,affluent,Surco,verified,low,2023-12-25,1414.45
C003172,DNI,42,mass_market,Trujillo,verified,medium,2024-05-17,2148.62
C003173,DNI,47,mass_market,Cusco,verified,low,2023-11-14,1867.81
C003174,DNI,69,mass_market,La Molina,verified,low,2023-01-12,4494.24
C003175,DNI,73,mass_market,Surco,verified,low,2024-04-21,6150.95
C003176,DNI,42,mass_market,Cusco,verified,high,2023-10-21,2709.36
C003177,DNI,24,affluent,La Molina,verified,low,2024-03-15,3382.52
C003178,DNI,66,sme,Cusco,verified,low,2024-05-30,3773.75
C003179,PASSPORT,54,sme,Arequipa,pending,high,2024-01-26,8040.14
C003180,DNI,71,affluent,Surco,verified,medium,2023-11-12,1123.87
C003181,DNI,63,mass_market,Trujillo,verified,medium,2024-11-10,4488.72
C003182,DNI,44,mass_market,La Molina,verified,low,2023-01-08,3666.85
C003183,DNI,73,mass_market,Piura,verified,low,2024-05-22,2430.95
C003184,DNI,43,mass_market,Surco,verified,low,2023-05-04,3566.8
C003185,DNI,30,mass_market,La Molina,verified,medium,2024-01-07,4480.35
C003186,DNI,41,mass_market,La Molina,pending,low,2023-11-10,4108.2
C003187,DNI,29,mass_market,Cusco,verified,low,2023-07-04,9771.01
C003188,DNI,31,mass_market,Cusco,verified,medium,2024-06-30,3197.47
C003189,DNI,74,sme,Callao,rejected,low,2024-08-07,3025.4
C003190,DNI,26,affluent,Surco,pending,low,2024-06-08,2698.05
C003191,DNI,48,mass_market,San Borja,verified,low,2023-02-08,4040.56
C003192,DNI,21,sme,Miraflores,verified,low,2023-03-25,2928.86
C003193,DNI,71,premium,San Borja,verified,low,2023-01-21,3002.69
C003194,DNI,36,mass_market,La Molina,verified,medium,2023-09-10,3010.33
C003195,DNI,18,mass_market,Callao,verified,medium,2023-10-30,2768.24
C003196,DNI,46,mass_market,La Molina,verified,low,2023-09-15,2132.88
C003197,DNI,62,premium,San Borja,pending,low,2024-06-25,3751.68
C003198,DNI,23,sme,La Molina,verified,low,2024-10-01,2548.41
C003199,DNI,18,mass_market,Cusco,verified,high,2024-07-05,4177.73
C003200,DNI,42,mass_market,Surco,verified,low,2024-04-05,3168.21
C003201,DNI,44,affluent,Piura,verified,high,2024-08-31,2410.0
C003202,DNI,39,mass_market,San Borja,verified,medium,2023-08-12,7049.11
C003203,DNI,34,mass_market,Miraflores,verified,low,2023-04-02,2817.85
C003204,DNI,46,sme,Miraflores,verified,low,2023-10-07,4198.79
C003205,DNI,20,affluent,Cusco,verified,low,2023-06-19,2028.41
C003206,DNI,34,sme,Surco,verified,low,2024-09-20,978.43
C003207,DNI,19,sme,Lima,verified,low,2023-09-05,2182.33
C003208,CE,49,affluent,Lima,verified,low,2023-12-27,920.03
C003209,DNI,39,mass_market,Trujillo,verified,low,2023-12-15,2616.85
C003210,DNI,56,affluent,Trujillo,verified,low,2024-03-10,6685.9
C003211,DNI,50,mass_market,San Borja,verified,low,2024-02-10,1811.83
C003212,DNI,70,affluent,Cusco,verified,low,2024-08-23,936.06
C003213,DNI,39,mass_market,Cusco,verified,low,2023-03-19,6803.15
C003214,DNI,64,affluent,La Molina,verified,medium,2024-04-02,2295.15
C003215,DNI,21,mass_market,Miraflores,verified,low,2024-08-08,2955.27
C003216,DNI,55,mass_market,Miraflores,verified,low,2024-01-27,4598.82
C003217,DNI,70,mass_market,Miraflores,verified,low,2023-01-14,3974.86
C003218,DNI,30,mass_market,Callao,verified,low,2023-02-14,4504.27
C003219,DNI,40,affluent,Surco,verified,low,2023-02-07,4891.41
C003220,CE,30,affluent,Arequipa,verified,low,2024-02-20,1140.97
C003221,CE,37,mass_market,La Molina,verified,high,2023-09-02,1369.37
C003222,DNI,50,mass_market,Lima,verified,low,2023-03-03,5676.8
C003223,DNI,51,mass_market,Cusco,verified,low,2024-05-07,1939.22
C003224,DNI,55,mass_market,Lima,verified,medium,2024-08-30,2059.14
C003225,DNI,46,mass_market,Callao,pending,low,2023-11-19,1488.37
C003226,DNI,49,sme,Lima,verified,low,2023-09-09,2385.77
C003227,DNI,28,mass_market,Miraflores,verified,medium,2024-04-12,2459.9
C003228,DNI,35,mass_market,Piura,verified,low,2023-03-02,1780.05
C003229,DNI,62,mass_market,La Molina,verified,low,2023-04-29,1670.38
C003230,DNI,38,mass_market,Piura,verified,medium,2023-03-28,3552.0
C003231,DNI,29,mass_market,Trujillo,verified,medium,2024-08-17,1911.76
C003232,DNI,69,affluent,Piura,verified,high,2023-03-21,2135.65
C003233,DNI,56,mass_market,Arequipa,verified,medium,2023-08-16,895.65
C003234,DNI,37,mass_market,Cusco,verified,low,2024-04-27,8656.02
C003235,PASSPORT,24,mass_market,Callao,verified,medium,2024-09-14,5004.05
C003236,DNI,44,mass_market,Cusco,verified,medium,2023-11-06,2270.73
C003237,DNI,73,mass_market,Arequipa,verified,high,2024-08-05,1818.02
C003238,DNI,24,premium,Cusco,verified,medium,2024-04-29,2998.86
C003239,DNI,19,affluent,Piura,verified,low,2023-01-25,2953.97
C003240,DNI,60,affluent,Surco,verified,low,2023-07-21,1477.66
C003241,DNI,50,mass_market,Cusco,verified,low,2023-08-13,733.04
C003242,DNI,38,mass_market,Trujillo,verified,low,2024-05-24,2232.01
C003243,DNI,46,mass_market,La Molina,verified,low,2024-09-20,1261.61
C003244,DNI,49,affluent,La Molina,verified,high,2024-08-01,3275.61
C003245,DNI,62,affluent,Lima,verified,low,2024-07-12,3287.7
C003246,DNI,29,mass_market,San Borja,verified,low,2024-11-20,1745.39
C003247,DNI,30,mass_market,Piura,verified,low,2024-06-03,2221.59
C003248,DNI,56,mass_market,Miraflores,verified,low,2023-07-02,7861.03
C003249,DNI,61,sme,Arequipa,verified,low,2023-03-18,4565.67
C003250,DNI,66,affluent,Callao,verified,low,2024-03-01,2324.5
C003251,DNI,57,mass_market,Piura,verified,medium,2023-03-08,10515.21
C003252,DNI,20,mass_market,La Molina,verified,low,2024-10-21,1543.31
C003253,DNI,56,affluent,Lima,verified,low,2024-05-08,1906.49
C003254,DNI,68,mass_market,Cusco,verified,low,2024-11-15,2805.16
C003255,DNI,69,mass_market,Miraflores,verified,low,2024-06-30,1284.27
C003256,DNI,25,mass_market,Miraflores,verified,low,2023-03-18,7979.81
C003257,DNI,63,affluent,San Borja,verified,low,2024-11-27,3296.89
C003258,DNI,63,mass_market,Surco,verified,low,2023-02-24,1930.49
C003259,DNI,19,mass_market,San Borja,verified,low,2024-08-28,3813.42
C003260,DNI,23,sme,Cusco,verified,low,2024-04-17,3230.3
C003261,DNI,65,mass_market,Piura,verified,high,2024-10-17,2521.08
C003262,DNI,58,mass_market,Trujillo,pending,medium,2023-09-04,1533.51
C003263,DNI,74,mass_market,Arequipa,verified,low,2024-03-14,1353.01
C003264,DNI,70,mass_market,Miraflores,verified,low,2024-12-12,9924.29
C003265,DNI,32,affluent,Callao,verified,low,2023-11-10,1416.57
C003266,DNI,68,mass_market,Piura,verified,low,2023-11-16,7584.64
C003267,DNI,64,mass_market,Callao,verified,low,2023-08-08,1873.16
C003268,DNI,71,affluent,Lima,verified,low,2024-01-06,4603.25
C003269,DNI,29,affluent,Callao,verified,low,2023-08-04,3850.62
C003270,DNI,58,affluent,Miraflores,verified,high,2023-02-18,4298.32
C003271,DNI,65,mass_market,Miraflores,verified,high,2024-04-07,4458.68
C003272,DNI,49,mass_market,Miraflores,verified,low,2023-04-28,1228.61
C003273,DNI,23,affluent,Piura,verified,low,2023-03-23,2054.96
C003274,DNI,69,mass_market,Piura,verified,low,2023-09-20,1404.69
C003275,DNI,44,sme,Arequipa,verified,low,2024-08-11,3308.05
C003276,DNI,64,sme,La Molina,verified,low,2024-12-23,1439.66
C003277,DNI,30,sme,Surco,pending,high,2024-05-10,1002.67
C003278,DNI,70,mass_market,Cusco,verified,medium,2024-09-25,2615.96
C003279,DNI,40,mass_market,Cusco,verified,low,2024-08-24,884.49
C003280,CE,27,affluent,Lima,verified,medium,2024-11-03,3436.83
C003281,DNI,31,mass_market,San Borja,verified,low,2023-06-25,1492.64
C003282,DNI,20,mass_market,Arequipa,verified,low,2023-03-30,1877.47
C003283,DNI,29,sme,La Molina,verified,low,2024-09-30,850.45
C003284,DNI,42,sme,Trujillo,verified,low,2023-12-25,7387.59
C003285,DNI,18,mass_market,Lima,verified,medium,2023-10-13,1333.28
C003286,DNI,49,mass_market,Piura,verified,medium,2023-10-24,2440.11
C003287,DNI,41,mass_market,La Molina,verified,low,2023-09-17,1112.7
C003288,DNI,70,sme,Miraflores,verified,medium,2024-04-19,1882.55
C003289,DNI,65,sme,Piura,verified,high,2024-09-14,7812.67
C003290,CE,59,mass_market,San Borja,verified,low,2024-06-19,3510.85
C003291,DNI,26,mass_market,San Borja,verified,low,2024-07-15,2002.2
C003292,DNI,67,sme,Cusco,verified,medium,2023-02-06,2925.45
C003293,DNI,18,mass_market,Surco,pending,high,2023-06-30,2190.08
C003294,DNI,59,mass_market,Surco,verified,low,2023-01-25,2833.22
C003295,DNI,56,premium,Trujillo,verified,low,2023-12-15,4487.84
C003296,DNI,27,mass_market,Piura,verified,low,2024-09-28,2484.67
C003297,DNI,61,affluent,Piura,verified,medium,2024-06-26,3364.37
C003298,DNI,60,mass_market,San Borja,verified,high,2023-08-15,3395.05
C003299,DNI,58,mass_market,Miraflores,verified,low,2023-12-14,2491.45
C003300,DNI,47,sme,Miraflores,verified,low,2023-02-07,1988.71
C003301,DNI,22,mass_market,Callao,verified,medium,2024-01-18,2233.11
C003302,DNI,21,premium,Miraflores,verified,low,2024-07-23,4378.9
C003303,DNI,69,affluent,La Molina,verified,medium,2023-08-24,4584.01
C003304,DNI,62,mass_market,Surco,pending,low,2023-06-30,1594.34
C003305,DNI,25,mass_market,Miraflores,verified,low,2023-04-24,2582.35
C003306,DNI,33,mass_market,Arequipa,verified,low,2023-11-02,1970.21
C003307,DNI,18,mass_market,Piura,verified,low,2023-05-12,4628.43
C003308,DNI,66,mass_market,Miraflores,verified,high,2023-12-14,2300.4
C003309,DNI,32,mass_market,Callao,verified,high,2023-06-29,10001.68
C003310,DNI,41,mass_market,Trujillo,verified,medium,2024-02-19,3360.5
C003311,DNI,32,affluent,Trujillo,verified,low,2024-08-12,5710.71
C003312,PASSPORT,67,affluent,San Borja,verified,low,2024-10-15,1706.1
C003313,DNI,23,affluent,Miraflores,verified,low,2024-01-20,3000.24
C003314,DNI,19,mass_market,Piura,verified,medium,2024-05-26,4183.47
C003315,DNI,22,mass_market,Piura,verified,low,2023-02-12,1688.65
C003316,DNI,68,affluent,Surco,verified,high,2024-04-24,3014.5
C003317,DNI,56,mass_market,Trujillo,verified,high,2023-04-28,5316.24
C003318,DNI,58,mass_market,San Borja,verified,low,2024-07-24,2489.66
C003319,DNI,51,sme,Miraflores,verified,medium,2023-03-02,1865.97
C003320,DNI,56,affluent,Trujillo,verified,high,2024-07-06,8035.53
C003321,DNI,49,mass_market,Trujillo,verified,medium,2023-07-07,1564.84
C003322,DNI,46,mass_market,Piura,verified,low,2024-03-28,3247.82
C003323,DNI,46,affluent,Miraflores,verified,medium,2023-07-06,2019.18
C003324,DNI,41,affluent,Lima,verified,low,2024-04-08,1780.66
C003325,DNI,63,affluent,Miraflores,verified,low,2023-06-13,4482.39
C003326,DNI,48,affluent,La Molina,verified,low,2024-02-28,2662.33
C003327,DNI,41,sme,Trujillo,pending,low,2023-04-12,3726.55
C003328,DNI,72,mass_market,Surco,verified,medium,2023-09-24,862.36
C003329,DNI,32,mass_market,Lima,pending,low,2024-09-27,3931.26
C003330,CE,29,affluent,Callao,verified,low,2023-06-02,2005.55
C003331,DNI,37,affluent,San Borja,verified,low,2024-03-04,1060.64
C003332,DNI,21,affluent,Miraflores,verified,high,2024-11-21,8405.21
C003333,DNI,30,mass_market,Surco,verified,medium,2024-03-02,4148.73
C003334,DNI,58,mass_market,Callao,verified,low,2024-07-31,3377.88
C003335,DNI,61,sme,Callao,verified,high,2024-09-02,5926.45
C003336,DNI,27,affluent,Trujillo,verified,low,2024-06-19,3415.79
C003337,DNI,58,sme,La Molina,verified,low,2023-11-29,1921.31
C003338,DNI,70,affluent,Trujillo,verified,low,2024-11-07,2707.46
C003339,DNI,40,affluent,San Borja,verified,medium,2024-03-15,2052.67
C003340,DNI,24,affluent,Lima,verified,medium,2024-08-28,2263.81
C003341,DNI,74,sme,Piura,verified,low,2023-05-04,1492.58
C003342,DNI,29,affluent,Arequipa,verified,low,2023-10-29,1748.46
C003343,DNI,65,affluent,Lima,verified,low,2024-10-29,4875.72
C003344,DNI,32,mass_market,San Borja,verified,low,2023-12-15,3578.29
C003345,DNI,24,mass_market,Piura,pending,low,2023-09-06,2260.5
C003346,CE,25,affluent,Callao,verified,low,2023-09-28,1693.55
C003347,DNI,24,mass_market,Lima,verified,low,2024-03-04,2385.18
C003348,DNI,60,mass_market,Piura,verified,low,2024-07-23,1180.72
C003349,DNI,21,mass_market,Miraflores,verified,low,2024-12-07,3195.97
C003350,DNI,67,mass_market,Trujillo,verified,medium,2024-12-13,5014.1
C003351,DNI,68,mass_market,Arequipa,pending,low,2024-08-06,10958.11
C003352,DNI,24,mass_market,Surco,verified,high,2023-09-04,1624.91
C003353,DNI,62,sme,Miraflores,pending,low,2024-04-25,4900.49
C003354,DNI,58,mass_market,Lima,verified,low,2023-04-08,2020.37
C003355,DNI,47,mass_market,Cusco,verified,low,2023-11-25,1602.55
C003356,DNI,35,mass_market,Piura,verified,low,2024-08-15,1602.16
C003357,DNI,47,affluent,Callao,verified,low,2024-02-29,3220.86
C003358,DNI,24,mass_market,Callao,verified,medium,2024-07-30,1786.59
C003359,DNI,69,sme,Cusco,rejected,low,2024-02-28,2135.03
C003360,DNI,65,affluent,Lima,verified,low,2023-01-05,2339.7
C003361,DNI,40,affluent,Callao,pending,low,2024-04-03,1984.29
C003362,PASSPORT,54,mass_market,La Molina,verified,medium,2024-08-15,1906.6
C003363,DNI,24,affluent,Callao,verified,low,2024-05-12,783.65
C003364,DNI,55,mass_market,Arequipa,verified,medium,2023-03-28,3126.98
C003365,CE,46,premium,La Molina,verified,low,2024-02-06,3094.0
C003366,DNI,51,affluent,San Borja,verified,low,2023-10-20,1922.65
C003367,DNI,56,mass_market,San Borja,pending,low,2023-10-08,3634.44
C003368,DNI,70,mass_market,Piura,verified,medium,2023-07-16,6427.23
C003369,DNI,58,mass_market,La Molina,verified,medium,2023-03-24,3019.87
C003370,DNI,62,affluent,Miraflores,verified,low,2023-01-27,6195.89
C003371,DNI,66,mass_market,Piura,verified,low,2024-11-24,10208.46
C003372,DNI,66,affluent,Miraflores,verified,low,2023-05-15,11989.52
C003373,DNI,64,mass_market,Arequipa,verified,low,2023-03-31,1550.71
C003374,PASSPORT,35,affluent,Trujillo,verified,low,2023-07-25,1555.13
C003375,DNI,73,sme,Lima,verified,medium,2023-01-27,2334.52
C003376,DNI,64,affluent,La Molina,verified,medium,2024-01-13,3199.64
C003377,PASSPORT,60,affluent,Cusco,verified,low,2024-07-24,7134.22
C003378,DNI,42,mass_market,Surco,verified,high,2024-08-06,4209.01
C003379,DNI,44,mass_market,Lima,verified,medium,2024-02-19,1537.93
C003380,DNI,44,affluent,Arequipa,verified,low,2023-08-15,2129.38
C003381,DNI,29,mass_market,La Molina,verified,low,2024-08-25,2912.89
C003382,DNI,40,mass_market,San Borja,pending,medium,2023-03-09,1314.17
C003383,DNI,34,mass_market,Lima,verified,low,2023-12-28,3003.45
C003384,DNI,61,mass_market,Miraflores,verified,low,2023-09-17,1550.54
C003385,DNI,24,mass_market,Cusco,verified,medium,2024-10-19,1202.43
C003386,DNI,41,sme,Lima,verified,low,2023-03-04,1770.75
C003387,DNI,24,mass_market,Surco,verified,medium,2024-11-22,3737.09
C003388,DNI,46,affluent,Arequipa,verified,low,2024-09-14,3722.92
C003389,DNI,70,mass_market,Arequipa,verified,low,2024-12-03,3143.71
C003390,DNI,45,affluent,Piura,pending,low,2024-01-27,5142.98
C003391,DNI,40,mass_market,Arequipa,verified,low,2023-09-03,4851.63
C003392,DNI,27,sme,Piura,verified,low,2023-10-05,3335.61
C003393,DNI,33,sme,Arequipa,verified,low,2023-12-13,3091.8
C003394,DNI,60,mass_market,Surco,verified,medium,2024-01-07,3201.1
C003395,DNI,65,sme,Arequipa,verified,low,2023-05-03,2748.46
C003396,DNI,51,premium,Cusco,verified,low,2023-02-26,901.55
C003397,DNI,42,sme,Trujillo,verified,low,2023-06-09,5566.47
C003398,DNI,19,sme,San Borja,verified,low,2023-05-07,3709.45
C003399,DNI,67,mass_market,Cusco,verified,low,2024-08-29,1526.94
C003400,DNI,22,affluent,Arequipa,verified,low,2023-11-07,6537.43
C003401,PASSPORT,31,mass_market,La Molina,verified,medium,2024-06-01,2154.92
C003402,DNI,48,mass_market,Miraflores,rejected,low,2023-09-22,2809.4
C003403,DNI,57,premium,Trujillo,verified,medium,2023-10-15,5234.19
C003404,DNI,23,mass_market,San Borja,verified,low,2024-02-24,3364.64
C003405,DNI,45,affluent,Miraflores,verified,low,2024-06-11,6213.36
C003406,DNI,26,sme,Cusco,verified,low,2023-05-20,2456.13
C003407,CE,23,sme,Surco,verified,medium,2024-12-07,7556.36
C003408,DNI,70,premium,Surco,verified,low,2024-11-28,1943.43
C003409,DNI,34,mass_market,Miraflores,verified,low,2024-04-19,6152.98
C003410,DNI,57,mass_market,La Molina,verified,low,2024-09-28,857.64
C003411,DNI,52,mass_market,Miraflores,verified,medium,2024-06-12,1627.65
C003412,DNI,29,mass_market,Cusco,verified,medium,2024-01-24,3511.79
C003413,DNI,62,mass_market,Miraflores,verified,low,2024-05-25,2391.69
C003414,DNI,35,mass_market,San Borja,verified,low,2024-06-21,2860.89
C003415,DNI,72,affluent,La Molina,verified,medium,2023-08-01,3050.03
C003416,DNI,60,affluent,Callao,verified,medium,2024-05-27,1548.44
C003417,DNI,51,mass_market,Lima,verified,low,2023-09-22,1613.63
C003418,DNI,63,affluent,Callao,verified,medium,2023-12-09,3386.89
C003419,DNI,18,mass_market,Piura,verified,low,2023-02-07,2066.3
C003420,DNI,32,mass_market,Miraflores,verified,low,2023-08-21,6232.72
C003421,DNI,35,affluent,Surco,pending,low,2023-09-17,2682.3
C003422,DNI,39,affluent,Callao,verified,low,2023-11-04,4426.27
C003423,DNI,35,affluent,Arequipa,verified,low,2024-02-07,3803.09
C003424,DNI,66,mass_market,Cusco,verified,low,2023-09-18,2141.71
C003425,DNI,18,sme,Callao,verified,low,2024-04-20,1003.07
C003426,DNI,63,affluent,Trujillo,verified,low,2023-04-16,5719.96
C003427,DNI,37,affluent,La Molina,verified,low,2023-09-04,1739.93
C003428,DNI,73,affluent,Cusco,verified,low,2023-10-31,2387.34
C003429,DNI,71,sme,Surco,verified,medium,2023-12-09,2743.63
C003430,DNI,65,affluent,Piura,verified,low,2024-03-22,2898.49
C003431,DNI,53,affluent,Callao,verified,low,2023-02-07,5059.77
C003432,DNI,71,premium,La Molina,verified,low,2023-02-15,2990.52
C003433,DNI,55,affluent,Lima,pending,medium,2024-12-22,2779.3
C003434,DNI,42,mass_market,La Molina,verified,low,2024-08-27,5219.47
C003435,DNI,33,affluent,La Molina,verified,low,2023-08-08,4147.91
C003436,DNI,37,mass_market,Cusco,verified,medium,2023-09-13,1989.1
C003437,DNI,55,mass_market,Lima,verified,low,2023-05-17,1586.15
C003438,DNI,64,affluent,La Molina,verified,low,2023-08-19,1894.98
C003439,DNI,50,premium,Trujillo,verified,low,2024-12-14,2901.34
C003440,DNI,24,premium,Callao,verified,low,2024-07-31,1502.18
C003441,DNI,40,mass_market,Callao,pending,low,2023-02-07,3133.53
C003442,DNI,28,mass_market,Trujillo,verified,medium,2023-06-04,2776.48
C003443,DNI,50,mass_market,Callao,verified,low,2024-05-17,736.28
C003444,DNI,57,premium,La Molina,verified,medium,2023-04-15,1375.54
C003445,DNI,63,premium,Piura,verified,low,2023-09-12,609.62
C003446,DNI,22,affluent,La Molina,verified,low,2024-02-08,2467.23
C003447,DNI,62,sme,Cusco,verified,low,2024-05-02,5381.42
C003448,DNI,64,affluent,Arequipa,verified,low,2024-04-02,1053.78
C003449,DNI,58,affluent,Piura,verified,low,2024-06-11,1440.5
C003450,DNI,25,mass_market,Surco,verified,medium,2024-08-13,2724.24
C003451,DNI,68,mass_market,Surco,verified,low,2024-06-08,1660.6
C003452,DNI,34,affluent,Piura,verified,low,2024-01-05,1656.12
C003453,DNI,68,affluent,La Molina,verified,low,2023-04-12,4015.34
C003454,DNI,35,mass_market,Miraflores,verified,low,2024-10-25,2270.62
C003455,DNI,67,premium,Arequipa,verified,medium,2024-11-20,1315.93
C003456,DNI,44,mass_market,Trujillo,verified,low,2024-08-21,945.54
C003457,DNI,48,mass_market,La Molina,verified,low,2024-08-22,10042.93
C003458,DNI,21,affluent,Piura,verified,low,2024-06-24,5544.55
C003459,DNI,19,affluent,Miraflores,verified,low,2024-05-26,2325.29
C003460,DNI,73,affluent,La Molina,pending,low,2024-01-24,3128.54
C003461,DNI,22,mass_market,Miraflores,verified,low,2023-12-29,2278.58
C003462,DNI,34,mass_market,Piura,verified,medium,2024-09-03,3947.16
C003463,DNI,71,affluent,La Molina,verified,medium,2023-04-25,1863.44
C003464,DNI,56,affluent,Lima,verified,medium,2024-12-22,2211.12
C003465,DNI,49,mass_market,Callao,verified,medium,2023-12-09,3829.43
C003466,DNI,46,affluent,Piura,verified,low,2023-03-15,6631.74
C003467,DNI,33,mass_market,Surco,pending,low,2023-05-15,4481.79
C003468,DNI,18,affluent,Surco,verified,medium,2024-08-12,5876.12
C003469,DNI,29,sme,Arequipa,verified,medium,2024-01-15,2510.33
C003470,CE,36,mass_market,San Borja,verified,low,2024-05-04,2116.13
C003471,DNI,26,mass_market,Surco,verified,low,2023-05-05,1026.48
C003472,PASSPORT,65,affluent,San Borja,verified,low,2023-02-07,3101.71
C003473,DNI,24,affluent,Lima,verified,low,2023-11-06,3671.94
C003474,DNI,47,affluent,Piura,verified,low,2023-04-16,2527.53
C003475,DNI,32,sme,Miraflores,verified,medium,2024-07-09,1944.61
C003476,DNI,61,sme,Arequipa,verified,low,2023-08-13,5906.87
C003477,DNI,21,premium,Callao,verified,low,2023-08-30,4219.59
C003478,DNI,23,mass_market,Trujillo,verified,low,2024-02-01,6136.77
C003479,DNI,55,mass_market,San Borja,verified,low,2023-06-02,1764.34
C003480,DNI,64,mass_market,Callao,verified,low,2024-06-19,2019.23
C003481,DNI,52,mass_market,Arequipa,verified,high,2024-09-27,5777.62
C003482,DNI,19,affluent,Arequipa,verified,medium,2024-02-06,2904.33
C003483,DNI,22,mass_market,Surco,verified,medium,2023-05-26,2179.81
C003484,DNI,25,premium,Callao,verified,low,2023-07-10,2264.86
C003485,DNI,68,affluent,La Molina,verified,low,2024-11-07,2962.85
C003486,DNI,70,affluent,Cusco,verified,high,2024-08-05,5175.15
C003487,DNI,47,mass_market,Arequipa,verified,low,2023-07-20,2729.07
C003488,DNI,65,mass_market,San Borja,verified,medium,2023-01-12,4604.52
C003489,DNI,36,mass_market,Trujillo,verified,medium,2023-02-21,3854.74
C003490,DNI,47,mass_market,Trujillo,verified,low,2023-10-29,1838.88
C003491,DNI,72,mass_market,Lima,verified,low,2023-10-27,1838.08
C003492,DNI,48,affluent,Lima,verified,low,2024-06-04,2327.04
C003493,DNI,33,sme,Surco,verified,low,2023-05-20,1429.01
C003494,DNI,55,sme,La Molina,verified,low,2023-04-10,2246.71
C003495,DNI,39,affluent,Surco,verified,medium,2024-04-29,6852.63
C003496,DNI,50,mass_market,Trujillo,pending,medium,2023-05-17,2929.93
C003497,DNI,67,sme,Miraflores,verified,low,2024-01-01,1955.6
C003498,DNI,39,sme,Trujillo,verified,low,2024-06-17,8549.77
C003499,DNI,25,mass_market,Arequipa,verified,low,2024-05-21,1786.76
C003500,DNI,54,affluent,Callao,verified,low,2024-10-18,1756.3
C003501,DNI,29,mass_market,Callao,pending,low,2023-06-10,5861.83
C003502,DNI,67,sme,Arequipa,verified,low,2023-06-24,4288.64
C003503,DNI,22,premium,Arequipa,verified,low,2023-03-29,2775.17
C003504,DNI,42,mass_market,Trujillo,verified,low,2024-02-03,4710.5
C003505,DNI,71,sme,Callao,verified,low,2024-04-24,3516.88
C003506,DNI,46,affluent,Callao,verified,low,2024-06-28,1552.46
C003507,DNI,30,premium,Piura,verified,low,2024-04-21,797.38
C003508,DNI,70,mass_market,Callao,verified,low,2023-10-10,2181.92
C003509,DNI,43,sme,Arequipa,verified,low,2024-03-27,5413.81
C003510,DNI,39,mass_market,Lima,verified,medium,2024-09-15,2355.11
C003511,DNI,46,mass_market,La Molina,verified,medium,2023-03-23,3839.33
C003512,DNI,29,mass_market,Miraflores,verified,low,2023-08-01,3299.3
C003513,DNI,65,premium,Arequipa,verified,low,2024-06-03,1174.47
C003514,DNI,63,sme,Callao,verified,low,2023-05-14,2383.87
C003515,DNI,60,sme,San Borja,verified,low,2024-03-22,3631.44
C003516,DNI,45,premium,Trujillo,verified,medium,2023-04-28,1933.47
C003517,DNI,26,mass_market,Trujillo,verified,low,2024-08-18,2442.08
C003518,DNI,72,mass_market,La Molina,verified,low,2023-08-31,3697.68
C003519,DNI,27,mass_market,Arequipa,verified,low,2023-05-30,3102.45
C003520,DNI,65,mass_market,La Molina,verified,medium,2024-06-16,5301.79
C003521,DNI,68,mass_market,Lima,rejected,medium,2024-10-07,3681.29
C003522,DNI,59,mass_market,Cusco,verified,low,2024-01-14,1762.14
C003523,CE,43,mass_market,Surco,verified,medium,2024-08-30,2292.39
C003524,DNI,70,mass_market,San Borja,verified,low,2024-06-08,3014.42
C003525,DNI,53,mass_market,Surco,verified,low,2024-05-27,6223.75
C003526,DNI,70,mass_market,Cusco,verified,low,2024-10-23,2297.46
C003527,DNI,57,premium,San Borja,verified,low,2023-04-27,1149.51
C003528,DNI,28,affluent,Surco,verified,low,2024-10-25,3798.31
C003529,DNI,23,premium,San Borja,verified,high,2024-07-29,1967.31
C003530,DNI,21,mass_market,La Molina,verified,medium,2024-10-23,1470.1
C003531,CE,70,mass_market,Miraflores,verified,low,2023-11-13,3011.95
C003532,DNI,44,affluent,Piura,verified,low,2023-01-12,5090.22
C003533,DNI,72,mass_market,San Borja,verified,low,2023-03-31,2174.09
C003534,DNI,41,mass_market,Cusco,verified,low,2024-01-23,3917.13
C003535,DNI,22,mass_market,La Molina,verified,medium,2023-03-24,4337.5
C003536,DNI,67,mass_market,Piura,verified,low,2024-01-31,4607.72
C003537,DNI,71,mass_market,La Molina,verified,low,2024-06-28,1992.71
C003538,DNI,74,mass_market,Lima,verified,low,2024-10-22,1609.06
C003539,DNI,20,affluent,Callao,verified,low,2024-10-01,1734.35
C003540,DNI,24,mass_market,Trujillo,verified,low,2023-04-10,4605.64
C003541,DNI,41,mass_market,Lima,verified,high,2024-04-01,4302.99
C003542,DNI,39,sme,Cusco,verified,medium,2023-11-24,1760.88
C003543,DNI,29,mass_market,Arequipa,pending,low,2024-12-24,9633.04
C003544,DNI,52,mass_market,Arequipa,verified,medium,2023-03-15,1649.12
C003545,DNI,34,sme,Trujillo,verified,medium,2023-04-06,5165.23
C003546,DNI,20,mass_market,La Molina,verified,low,2023-04-02,6876.16
C003547,CE,28,mass_market,Miraflores,verified,low,2023-11-26,3166.45
C003548,DNI,23,mass_market,Cusco,verified,low,2023-06-24,1952.08
C003549,CE,60,mass_market,Trujillo,pending,low,2023-11-11,1975.68
C003550,DNI,53,affluent,Piura,pending,low,2024-11-17,2580.79
C003551,DNI,34,sme,Piura,verified,low,2024-07-21,5401.75
C003552,DNI,39,mass_market,Arequipa,verified,low,2024-05-11,1540.82
C003553,PASSPORT,18,affluent,Callao,verified,low,2023-09-26,1084.29
C003554,DNI,61,mass_market,La Molina,verified,low,2024-03-03,3637.78
C003555,DNI,73,mass_market,Arequipa,verified,low,2023-02-04,4104.7
C003556,DNI,20,affluent,Miraflores,verified,low,2023-04-29,8798.91
C003557,DNI,33,mass_market,Trujillo,verified,low,2024-01-06,1393.71
C003558,CE,52,mass_market,San Borja,verified,low,2024-07-21,2767.93
C003559,DNI,31,mass_market,Miraflores,verified,low,2024-03-26,5647.74
C003560,CE,66,mass_market,San Borja,verified,high,2023-11-05,3185.85
C003561,DNI,68,mass_market,La Molina,verified,low,2023-12-23,2677.15
C003562,DNI,24,sme,Trujillo,verified,low,2024-01-11,4602.93
C003563,DNI,43,mass_market,Piura,verified,low,2023-04-15,2143.8
C003564,DNI,73,mass_market,Piura,verified,low,2024-01-25,4761.3
C003565,DNI,60,mass_market,Lima,pending,low,2023-06-25,1495.99
C003566,DNI,65,affluent,Piura,pending,low,2023-04-16,1292.47
C003567,DNI,48,affluent,Cusco,verified,medium,2024-08-14,2564.52
C003568,DNI,41,affluent,Lima,verified,low,2023-06-12,727.92
C003569,DNI,36,affluent,Lima,verified,low,2023-09-24,3123.11
C003570,DNI,54,sme,Piura,verified,medium,2024-07-16,1149.51
C003571,DNI,18,mass_market,Arequipa,verified,low,2023-10-06,3481.89
C003572,DNI,42,mass_market,Callao,verified,low,2023-10-30,3301.07
C003573,DNI,73,sme,Callao,verified,low,2024-08-09,2871.59
C003574,PASSPORT,27,premium,Cusco,verified,medium,2023-05-07,3789.63
C003575,DNI,35,sme,Surco,verified,medium,2023-09-03,3335.27
C003576,DNI,59,mass_market,Arequipa,verified,low,2023-08-22,2537.28
C003577,DNI,18,mass_market,Surco,rejected,low,2024-10-28,8160.44
C003578,DNI,46,mass_market,San Borja,verified,medium,2024-08-07,3700.86
C003579,DNI,30,affluent,Arequipa,verified,low,2024-03-14,4557.59
C003580,DNI,21,mass_market,Trujillo,verified,medium,2023-05-17,5378.66
C003581,DNI,74,mass_market,Surco,verified,low,2024-07-09,4304.78
C003582,DNI,29,sme,Cusco,verified,high,2023-05-29,9270.18
C003583,DNI,73,mass_market,Cusco,verified,medium,2023-02-25,3265.94
C003584,DNI,65,sme,Arequipa,verified,low,2024-11-18,2969.57
C003585,CE,36,mass_market,Lima,verified,low,2023-12-22,2085.44
C003586,DNI,43,mass_market,Trujillo,verified,low,2023-09-14,2589.06
C003587,DNI,61,mass_market,La Molina,verified,low,2023-03-04,1993.86
C003588,DNI,55,affluent,Trujillo,verified,low,2023-03-04,4326.29
C003589,DNI,33,mass_market,Cusco,verified,low,2023-01-29,1804.84
C003590,DNI,61,mass_market,San Borja,verified,low,2024-07-05,3104.43
C003591,DNI,42,premium,Surco,verified,low,2024-10-20,4055.18
C003592,DNI,73,mass_market,Surco,verified,medium,2024-08-22,3237.89
C003593,DNI,27,affluent,San Borja,verified,low,2024-07-21,1821.19
C003594,DNI,54,affluent,Miraflores,verified,medium,2023-10-27,4378.32
C003595,DNI,45,mass_market,Arequipa,verified,low,2024-12-05,2844.27
C003596,CE,45,affluent,Cusco,verified,low,2024-09-03,614.01
C003597,DNI,42,mass_market,Callao,verified,low,2023-08-03,1735.68
C003598,DNI,42,affluent,Piura,verified,low,2023-05-21,6442.18
C003599,DNI,68,mass_market,San Borja,verified,low,2024-05-21,6743.79
C003600,DNI,29,affluent,San Borja,verified,low,2024-07-14,3981.29
C003601,CE,25,mass_market,Trujillo,verified,high,2024-05-13,4588.18
C003602,DNI,53,affluent,Arequipa,verified,low,2024-09-18,1942.9
C003603,DNI,56,mass_market,Arequipa,verified,medium,2024-05-16,2583.55
C003604,DNI,41,mass_market,Callao,verified,low,2024-08-09,5880.82
C003605,DNI,40,mass_market,Piura,verified,low,2023-07-10,3767.83
C003606,DNI,54,mass_market,Arequipa,verified,low,2024-12-11,3089.37
C003607,DNI,28,sme,Lima,verified,medium,2024-11-05,2689.89
C003608,CE,34,mass_market,Cusco,verified,low,2024-10-12,5687.12
C003609,DNI,45,premium,Lima,verified,medium,2023-02-18,5525.44
C003610,DNI,73,premium,Miraflores,verified,low,2023-12-29,4261.26
C003611,DNI,70,affluent,Cusco,verified,low,2024-09-18,3091.62
C003612,DNI,20,mass_market,La Molina,verified,low,2024-11-10,2449.85
C003613,DNI,19,mass_market,Cusco,verified,low,2024-05-10,4364.06
C003614,CE,68,affluent,Cusco,verified,low,2023-10-04,1626.12
C003615,DNI,46,mass_market,Callao,verified,low,2023-02-16,1822.54
C003616,DNI,74,mass_market,Lima,verified,low,2023-08-04,1341.98
C003617,DNI,51,affluent,Piura,verified,low,2023-08-18,5880.38
C003618,DNI,31,sme,Trujillo,verified,low,2024-09-30,2005.47
C003619,DNI,50,affluent,Callao,verified,low,2023-11-19,3722.7
C003620,DNI,65,mass_market,Cusco,verified,low,2024-02-25,2782.05
C003621,DNI,64,affluent,Trujillo,verified,low,2023-08-13,14671.27
C003622,DNI,35,mass_market,Surco,verified,medium,2024-10-23,3801.11
C003623,DNI,46,mass_market,Trujillo,verified,medium,2023-10-14,1070.44
C003624,DNI,19,sme,San Borja,verified,low,2023-02-15,5690.14
C003625,DNI,28,mass_market,Callao,rejected,low,2023-01-14,2409.24
C003626,DNI,48,mass_market,Callao,verified,low,2024-09-24,2669.08
C003627,DNI,70,mass_market,San Borja,rejected,medium,2024-01-10,2059.29
C003628,DNI,66,sme,Surco,verified,medium,2024-12-03,3319.56
C003629,DNI,30,affluent,Arequipa,verified,low,2023-11-29,3295.73
C003630,DNI,61,affluent,Arequipa,verified,medium,2023-06-15,2090.14
C003631,DNI,43,affluent,Arequipa,verified,low,2024-05-21,2254.13
C003632,DNI,73,mass_market,Arequipa,verified,low,2023-04-27,3151.73
C003633,DNI,51,mass_market,Lima,verified,medium,2024-09-27,821.8
C003634,DNI,71,mass_market,San Borja,verified,medium,2024-07-19,1349.08
C003635,DNI,70,mass_market,Surco,verified,medium,2024-03-14,7468.85
C003636,DNI,67,mass_market,Cusco,verified,low,2023-10-31,3569.93
C003637,DNI,27,premium,Miraflores,verified,low,2024-04-01,2233.44
C003638,DNI,29,mass_market,Callao,verified,medium,2023-09-28,1172.81
C003639,DNI,66,mass_market,Trujillo,rejected,low,2024-12-11,2890.04
C003640,DNI,39,mass_market,Arequipa,verified,low,2023-08-04,5124.85
C003641,DNI,63,mass_market,Trujillo,verified,low,2023-04-23,12728.05
C003642,DNI,71,sme,Miraflores,verified,medium,2023-01-16,8439.1
C003643,DNI,48,mass_market,Callao,rejected,medium,2023-08-04,1830.21
C003644,DNI,36,mass_market,La Molina,verified,low,2024-03-02,2269.49
C003645,DNI,62,affluent,Piura,verified,medium,2023-05-15,1327.0
C003646,DNI,41,mass_market,Surco,verified,low,2023-02-12,1876.36
C003647,DNI,42,mass_market,Lima,pending,low,2023-10-11,2651.65
C003648,DNI,52,mass_market,Trujillo,verified,low,2023-04-08,2435.91
C003649,DNI,74,affluent,Arequipa,verified,low,2023-03-01,9228.13
C003650,DNI,25,premium,San Borja,verified,medium,2023-08-18,1446.0
C003651,DNI,22,affluent,Trujillo,verified,medium,2024-10-04,2907.93
C003652,DNI,39,mass_market,Callao,verified,low,2024-01-20,958.24
C003653,DNI,45,sme,La Molina,verified,medium,2023-06-08,3575.96
C003654,DNI,29,mass_market,Surco,verified,low,2024-04-15,1425.19
C003655,DNI,50,mass_market,San Borja,verified,low,2024-08-18,5466.78
C003656,DNI,70,mass_market,Piura,verified,medium,2023-07-27,2540.04
C003657,DNI,33,mass_market,Callao,verified,low,2023-06-23,1378.72
C003658,DNI,43,mass_market,La Molina,verified,medium,2023-03-22,937.78
C003659,DNI,29,affluent,San Borja,verified,low,2023-01-18,1740.19
C003660,DNI,40,sme,Piura,verified,medium,2024-12-08,3400.44
C003661,DNI,66,mass_market,Trujillo,verified,low,2023-10-18,3758.72
C003662,DNI,43,mass_market,Callao,verified,low,2023-12-26,2266.2
C003663,DNI,58,mass_market,Cusco,verified,low,2023-10-06,4960.14
C003664,DNI,30,mass_market,Piura,rejected,low,2024-02-01,1596.14
C003665,CE,40,affluent,La Molina,pending,low,2023-05-22,595.93
C003666,CE,48,mass_market,Cusco,verified,low,2024-11-07,3482.15
C003667,DNI,53,sme,Cusco,verified,medium,2024-05-31,6060.53
C003668,DNI,44,mass_market,Lima,verified,medium,2023-09-08,6091.4
C003669,DNI,53,mass_market,La Molina,verified,medium,2024-10-23,1458.41
C003670,DNI,64,mass_market,Cusco,verified,medium,2024-06-23,2209.27
C003671,DNI,59,mass_market,Trujillo,verified,medium,2023-08-25,4438.63
C003672,CE,40,mass_market,Callao,verified,low,2023-05-12,2111.37
C003673,DNI,55,affluent,Callao,verified,medium,2023-11-02,3158.84
C003674,PASSPORT,20,mass_market,Trujillo,verified,medium,2023-12-24,2010.14
C003675,DNI,47,affluent,Lima,verified,low,2023-10-12,1637.35
C003676,CE,74,mass_market,Surco,pending,low,2023-10-20,1820.73
C003677,DNI,49,mass_market,Lima,verified,low,2023-06-12,5042.46
C003678,DNI,32,mass_market,Callao,verified,medium,2024-02-23,3003.64
C003679,DNI,55,sme,Surco,verified,low,2024-04-12,6000.12
C003680,DNI,28,mass_market,Lima,verified,high,2024-10-03,3968.85
C003681,DNI,19,affluent,Cusco,verified,low,2024-07-23,7212.39
C003682,DNI,43,mass_market,Surco,verified,low,2024-05-21,4674.78
C003683,DNI,51,affluent,Callao,verified,high,2024-10-19,4526.2
C003684,DNI,18,mass_market,Trujillo,verified,low,2024-04-22,2789.82
C003685,DNI,28,affluent,Arequipa,pending,low,2023-12-28,15600.58
C003686,CE,22,affluent,Cusco,pending,low,2023-11-08,3171.58
C003687,DNI,43,premium,Cusco,verified,medium,2024-09-25,1006.89
C003688,DNI,23,mass_market,Arequipa,rejected,low,2024-12-04,3454.45
C003689,DNI,52,mass_market,Piura,verified,low,2023-09-02,1736.7
C003690,DNI,69,mass_market,Miraflores,verified,low,2024-04-21,5215.35
C003691,CE,22,sme,San Borja,verified,low,2024-09-06,4443.51
C003692,DNI,69,mass_market,La Molina,verified,low,2024-03-11,2682.94
C003693,DNI,26,affluent,Lima,verified,medium,2023-09-07,1829.25
C003694,DNI,45,mass_market,Miraflores,verified,medium,2023-01-22,3230.96
C003695,CE,36,mass_market,Lima,verified,medium,2024-04-21,2095.03
C003696,DNI,22,mass_market,Miraflores,verified,low,2024-07-25,4597.61
C003697,DNI,40,premium,Surco,pending,low,2024-05-25,4047.31
C003698,DNI,61,affluent,Trujillo,pending,high,2023-12-02,14984.65
C003699,DNI,61,premium,La Molina,verified,low,2024-10-07,2333.65
C003700,DNI,33,mass_market,La Molina,verified,low,2023-12-08,2522.78
C003701,CE,24,affluent,Lima,verified,high,2023-12-04,2737.7
C003702,DNI,31,affluent,Arequipa,verified,low,2024-04-24,2804.44
C003703,DNI,39,mass_market,Surco,verified,medium,2023-02-11,5244.28
C003704,DNI,26,sme,Piura,verified,low,2023-03-15,2560.63
C003705,DNI,64,premium,La Molina,verified,low,2023-01-22,8820.29
C003706,DNI,40,sme,San Borja,verified,medium,2023-08-08,4106.19
C003707,DNI,60,affluent,Lima,verified,low,2023-03-20,2282.09
C003708,DNI,21,mass_market,Cusco,verified,low,2023-08-23,1982.9
C003709,DNI,60,mass_market,San Borja,verified,low,2023-06-06,5284.22
C003710,DNI,43,premium,Callao,verified,low,2023-11-23,3028.09
C003711,DNI,58,mass_market,Lima,verified,low,2023-04-24,2995.85
C003712,DNI,23,affluent,Lima,verified,low,2024-08-30,2144.87
C003713,CE,48,affluent,Cusco,verified,low,2024-10-03,2881.9
C003714,DNI,34,affluent,Surco,verified,low,2024-09-12,2097.65
C003715,DNI,26,premium,Cusco,verified,low,2024-08-09,6304.01
C003716,DNI,44,mass_market,La Molina,verified,low,2023-10-02,4422.16
C003717,CE,72,mass_market,Trujillo,verified,low,2024-01-16,2707.76
C003718,DNI,23,mass_market,Lima,verified,low,2023-01-20,2685.96
C003719,DNI,23,mass_market,Callao,pending,medium,2024-11-03,3135.98
C003720,DNI,21,mass_market,Arequipa,verified,low,2023-07-28,2971.89
C003721,DNI,69,mass_market,Lima,verified,low,2024-08-28,1761.08
C003722,DNI,60,sme,Cusco,verified,low,2024-08-16,1047.93
C003723,DNI,20,premium,Miraflores,verified,low,2024-09-07,1922.27
C003724,DNI,41,mass_market,Lima,verified,low,2023-06-09,2777.52
C003725,DNI,73,mass_market,Lima,verified,medium,2024-07-26,1986.62
C003726,DNI,35,premium,Callao,verified,low,2023-02-07,4678.05
C003727,CE,49,mass_market,Callao,verified,low,2023-04-28,2627.97
C003728,DNI,65,mass_market,Lima,verified,medium,2024-01-25,8353.75
C003729,DNI,38,mass_market,Miraflores,verified,low,2024-11-10,2188.95
C003730,DNI,65,affluent,Trujillo,pending,low,2024-01-12,3220.83
C003731,DNI,46,mass_market,Piura,pending,low,2024-01-11,2543.07
C003732,DNI,49,premium,Miraflores,verified,high,2024-08-03,3796.66
C003733,DNI,42,mass_market,Miraflores,rejected,low,2024-08-17,5357.02
C003734,DNI,29,mass_market,Miraflores,verified,low,2023-02-11,4165.35
C003735,DNI,63,mass_market,Trujillo,verified,low,2024-09-02,975.61
C003736,DNI,26,mass_market,Surco,verified,medium,2024-04-14,3924.22
C003737,CE,24,affluent,Surco,verified,low,2024-04-02,1709.6
C003738,DNI,31,affluent,Miraflores,verified,high,2023-05-10,2513.99
C003739,DNI,37,affluent,Piura,verified,low,2023-01-28,4355.22
C003740,DNI,37,affluent,Cusco,verified,low,2024-09-20,1610.23
C003741,DNI,27,sme,San Borja,verified,low,2023-11-22,5629.47
C003742,DNI,28,sme,Surco,verified,low,2024-05-23,2454.4
C003743,DNI,56,affluent,Arequipa,verified,low,2024-09-10,9838.08
C003744,DNI,36,mass_market,Callao,verified,medium,2023-11-21,3095.71
C003745,DNI,36,mass_market,Trujillo,verified,low,2023-06-09,7615.48
C003746,DNI,70,mass_market,Trujillo,verified,low,2024-05-30,5760.18
C003747,CE,60,affluent,San Borja,verified,low,2024-10-22,2130.03
C003748,DNI,23,mass_market,Surco,verified,low,2023-09-11,1456.91
C003749,DNI,25,mass_market,Piura,verified,low,2023-09-05,3173.2
C003750,DNI,18,sme,Piura,verified,low,2023-12-19,2163.64
C003751,DNI,40,sme,Callao,verified,low,2024-02-02,7107.07
C003752,DNI,57,sme,Miraflores,verified,low,2024-08-04,2602.5
C003753,DNI,54,mass_market,Cusco,verified,low,2023-07-22,2526.97
C003754,CE,27,affluent,Surco,verified,low,2023-10-29,1383.34
C003755,DNI,19,mass_market,Piura,verified,low,2023-05-28,3753.97
C003756,DNI,53,mass_market,San Borja,verified,low,2023-08-09,1562.71
C003757,DNI,71,mass_market,Callao,verified,low,2024-11-28,3802.22
C003758,DNI,74,mass_market,Lima,verified,low,2024-07-13,4101.26
C003759,DNI,19,mass_market,Callao,verified,high,2023-09-20,1973.73
C003760,DNI,32,sme,Piura,verified,low,2023-10-23,5044.83
C003761,DNI,37,mass_market,Lima,verified,low,2023-11-11,2562.7
C003762,DNI,59,affluent,Arequipa,verified,low,2023-10-19,1327.19
C003763,DNI,38,mass_market,La Molina,rejected,low,2024-11-14,6973.75
C003764,DNI,47,mass_market,Callao,verified,medium,2023-01-31,1793.8
C003765,DNI,73,mass_market,San Borja,verified,low,2024-11-12,3939.81
C003766,DNI,41,mass_market,San Borja,verified,medium,2023-02-13,3767.58
C003767,CE,19,affluent,Cusco,verified,low,2024-07-08,3692.47
C003768,DNI,55,mass_market,Miraflores,verified,low,2023-05-14,3657.46
C003769,CE,39,mass_market,Callao,verified,medium,2023-12-15,1748.3
C003770,DNI,46,mass_market,Piura,verified,low,2023-08-07,7557.1
C003771,DNI,31,mass_market,La Molina,pending,medium,2024-03-25,5043.91
C003772,DNI,22,sme,Surco,verified,low,2024-05-18,3871.05
C003773,DNI,41,mass_market,Piura,verified,medium,2023-03-27,1432.05
C003774,DNI,43,affluent,San Borja,verified,low,2023-09-08,1740.45
C003775,DNI,19,affluent,Arequipa,verified,low,2023-09-22,4279.54
C003776,DNI,63,premium,Piura,verified,medium,2024-06-06,990.27
C003777,DNI,62,sme,Trujillo,verified,low,2023-03-21,3591.36
C003778,DNI,51,affluent,San Borja,verified,low,2024-09-12,1433.47
C003779,DNI,40,affluent,Callao,verified,medium,2024-04-05,1849.34
C003780,DNI,58,sme,Arequipa,verified,low,2024-09-21,1371.85
C003781,CE,52,mass_market,Trujillo,verified,low,2023-09-09,3413.04
C003782,DNI,32,mass_market,Lima,verified,medium,2023-01-18,5508.23
C003783,DNI,72,mass_market,La Molina,verified,low,2023-09-13,3609.81
C003784,DNI,20,sme,San Borja,verified,low,2023-09-02,3834.55
C003785,DNI,29,sme,Callao,verified,low,2023-06-02,3269.45
C003786,DNI,55,mass_market,Trujillo,verified,low,2024-08-31,4339.36
C003787,DNI,68,affluent,Trujillo,pending,low,2024-05-14,3854.12
C003788,DNI,34,mass_market,Miraflores,verified,low,2024-04-02,669.61
C003789,DNI,55,mass_market,Trujillo,verified,medium,2024-11-28,4907.25
C003790,DNI,44,premium,La Molina,verified,low,2024-06-25,4631.49
C003791,DNI,36,mass_market,Arequipa,verified,medium,2023-04-25,2442.38
C003792,DNI,66,mass_market,Arequipa,verified,medium,2024-03-22,1006.45
C003793,DNI,65,affluent,Trujillo,verified,medium,2023-12-19,3406.23
C003794,DNI,38,affluent,Callao,verified,low,2024-09-16,3567.65
C003795,DNI,57,mass_market,San Borja,verified,low,2024-06-24,2339.6
C003796,DNI,41,affluent,Callao,pending,low,2023-11-18,3303.33
C003797,DNI,41,mass_market,Cusco,verified,low,2024-04-03,5374.99
C003798,DNI,36,mass_market,San Borja,verified,low,2023-08-14,11143.78
C003799,DNI,48,mass_market,Lima,verified,medium,2023-12-27,3231.81
C003800,DNI,57,affluent,La Molina,verified,low,2024-06-14,3581.91
C003801,DNI,37,mass_market,Callao,verified,low,2023-04-22,1894.89
C003802,DNI,32,premium,Miraflores,verified,low,2023-07-31,2262.52
C003803,DNI,57,sme,Arequipa,verified,medium,2023-08-21,2766.05
C003804,DNI,52,premium,Trujillo,verified,medium,2023-06-08,5697.28
C003805,DNI,65,mass_market,San Borja,verified,low,2024-07-25,4677.07
C003806,CE,52,premium,Trujillo,verified,low,2023-11-20,8614.0
C003807,DNI,50,mass_market,Lima,verified,medium,2023-04-03,1313.4
C003808,PASSPORT,57,mass_market,Cusco,verified,low,2023-09-05,1439.35
C003809,DNI,73,mass_market,Trujillo,verified,low,2024-10-31,5465.14
C003810,DNI,58,mass_market,Callao,verified,low,2023-05-21,6613.53
C003811,DNI,71,affluent,San Borja,verified,low,2024-02-08,3035.77
C003812,DNI,61,mass_market,Miraflores,verified,low,2024-02-08,255.68
C003813,DNI,35,mass_market,Lima,verified,medium,2024-08-23,1980.41
C003814,DNI,34,affluent,Piura,verified,low,2024-10-28,3585.03
C003815,DNI,25,mass_market,La Molina,verified,low,2024-02-18,1817.69
C003816,CE,37,affluent,Cusco,verified,low,2024-03-15,3300.47
C003817,DNI,28,mass_market,Callao,verified,low,2023-08-21,8469.32
C003818,CE,47,sme,La Molina,verified,medium,2023-07-12,6531.38
C003819,DNI,44,sme,Miraflores,verified,medium,2023-04-09,4651.25
C003820,DNI,56,mass_market,La Molina,verified,low,2023-04-23,2877.14
C003821,DNI,31,mass_market,Arequipa,verified,medium,2024-09-10,2270.9
C003822,DNI,59,mass_market,San Borja,verified,low,2024-06-19,4522.24
C003823,DNI,32,sme,La Molina,verified,low,2023-10-08,3022.89
C003824,DNI,29,mass_market,Callao,pending,medium,2024-12-16,3080.47
C003825,CE,37,mass_market,Piura,verified,low,2024-06-06,1270.08
C003826,DNI,34,mass_market,Arequipa,verified,low,2023-12-16,2012.25
C003827,DNI,57,mass_market,Arequipa,verified,low,2023-11-12,4507.61
C003828,DNI,43,mass_market,La Molina,verified,medium,2024-12-17,1626.87
C003829,DNI,31,sme,Cusco,verified,low,2024-05-14,3450.03
C003830,DNI,42,mass_market,Surco,pending,low,2024-06-20,3740.13
C003831,DNI,43,mass_market,Cusco,verified,medium,2024-10-13,3862.18
C003832,DNI,64,sme,Trujillo,verified,medium,2024-09-26,4056.78
C003833,DNI,42,sme,Callao,verified,medium,2024-03-11,4210.13
C003834,CE,42,mass_market,Surco,verified,low,2024-06-06,2115.22
C003835,DNI,44,mass_market,San Borja,verified,low,2024-08-15,1329.81
C003836,DNI,60,mass_market,Arequipa,verified,low,2024-03-19,1843.75
C003837,DNI,29,premium,Callao,verified,medium,2024-09-12,4453.55
C003838,DNI,37,mass_market,Miraflores,verified,medium,2023-07-27,1539.99
C003839,DNI,33,premium,Trujillo,verified,high,2023-10-03,1681.87
C003840,DNI,42,affluent,Piura,verified,low,2024-05-11,1676.76
C003841,DNI,44,mass_market,Trujillo,rejected,low,2023-10-24,1080.0
C003842,DNI,69,mass_market,Callao,verified,low,2024-01-09,1586.28
C003843,DNI,35,mass_market,San Borja,verified,low,2024-07-28,5167.88
C003844,DNI,27,mass_market,Arequipa,verified,low,2023-07-03,2009.78
C003845,DNI,68,mass_market,Lima,verified,high,2023-02-01,1139.2
C003846,DNI,67,affluent,Lima,verified,low,2023-10-10,2249.8
C003847,DNI,47,premium,Callao,pending,low,2024-03-07,3947.35
C003848,DNI,18,affluent,La Molina,verified,low,2024-06-02,1089.07
C003849,DNI,71,affluent,Cusco,verified,low,2024-11-16,5035.76
C003850,DNI,21,mass_market,Trujillo,verified,medium,2024-04-06,1349.46
C003851,DNI,40,mass_market,San Borja,verified,low,2024-01-03,2398.22
C003852,DNI,24,mass_market,Trujillo,verified,low,2024-10-19,2381.42
C003853,DNI,47,affluent,Miraflores,verified,low,2023-09-09,2189.02
C003854,DNI,43,premium,Lima,verified,low,2023-06-15,2876.58
C003855,DNI,18,affluent,Arequipa,verified,low,2024-09-06,4574.3
C003856,DNI,46,mass_market,Miraflores,verified,low,2024-12-05,2914.81
C003857,DNI,42,mass_market,Arequipa,verified,low,2024-06-12,2136.4
C003858,DNI,57,affluent,Trujillo,verified,low,2024-08-24,3833.53
C003859,DNI,43,mass_market,San Borja,verified,low,2024-01-06,3340.9
C003860,DNI,34,sme,Lima,verified,low,2024-08-20,2062.7
C003861,DNI,48,sme,Trujillo,verified,low,2023-04-13,3051.13
C003862,DNI,25,affluent,Lima,verified,low,2024-08-16,1970.83
C003863,DNI,22,mass_market,Callao,verified,high,2023-05-06,1851.67
C003864,DNI,18,mass_market,Piura,pending,low,2023-02-07,4643.35
C003865,PASSPORT,32,mass_market,Piura,verified,low,2023-12-14,3811.69
C003866,DNI,53,mass_market,Arequipa,verified,medium,2023-08-01,4553.76
C003867,DNI,24,mass_market,Trujillo,verified,low,2023-11-15,4227.31
C003868,DNI,63,affluent,Surco,verified,low,2024-03-01,1829.92
C003869,DNI,61,affluent,Lima,pending,low,2023-09-04,5170.4
C003870,CE,70,mass_market,Lima,verified,medium,2024-10-09,2530.86
C003871,DNI,44,mass_market,Surco,verified,medium,2023-10-13,4969.48
C003872,DNI,52,mass_market,La Molina,verified,high,2023-08-19,2782.72
C003873,DNI,44,mass_market,Trujillo,verified,low,2023-11-16,3541.27
C003874,DNI,37,sme,Surco,verified,medium,2024-05-26,3600.31
C003875,DNI,35,mass_market,Piura,verified,low,2024-06-04,4662.28
C003876,DNI,57,mass_market,Lima,verified,low,2023-08-13,1213.18
C003877,DNI,19,mass_market,Piura,verified,medium,2024-05-20,1252.61
C003878,DNI,47,sme,Trujillo,pending,low,2023-04-17,4313.22
C003879,DNI,55,affluent,San Borja,verified,low,2024-11-29,3626.41
C003880,DNI,47,mass_market,San Borja,verified,low,2024-08-29,1945.74
C003881,DNI,24,mass_market,Arequipa,verified,medium,2024-12-07,3642.3
C003882,DNI,56,affluent,Piura,verified,low,2023-11-27,1374.19
C003883,DNI,30,premium,Piura,verified,low,2023-01-05,17950.25
C003884,DNI,50,mass_market,Piura,verified,low,2024-04-12,6132.54
C003885,DNI,57,sme,La Molina,verified,low,2024-05-30,4197.59
C003886,DNI,74,premium,Piura,verified,high,2023-06-12,3107.57
C003887,DNI,47,sme,San Borja,verified,low,2024-10-14,2121.12
C003888,DNI,47,affluent,La Molina,verified,low,2024-06-14,1450.11
C003889,DNI,40,affluent,Arequipa,pending,low,2023-03-23,2800.06
C003890,DNI,62,mass_market,Callao,verified,low,2024-04-25,1857.77
C003891,DNI,41,affluent,Miraflores,verified,low,2024-05-30,1918.32
C003892,DNI,37,mass_market,Arequipa,verified,low,2024-10-01,1367.56
C003893,PASSPORT,45,affluent,Cusco,verified,high,2023-07-06,3419.72
C003894,DNI,73,mass_market,La Molina,rejected,low,2023-05-26,2422.74
C003895,DNI,36,affluent,San Borja,verified,low,2023-06-01,4000.96
C003896,DNI,66,sme,San Borja,verified,low,2023-12-29,3833.0
C003897,DNI,30,mass_market,Trujillo,pending,low,2023-04-03,3381.94
C003898,DNI,33,sme,Lima,verified,low,2023-01-31,12870.49
C003899,DNI,73,mass_market,Piura,verified,low,2024-06-23,4689.3
C003900,DNI,32,sme,San Borja,rejected,high,2024-10-10,1490.23
C003901,DNI,28,mass_market,Piura,verified,low,2024-08-24,3836.46
C003902,DNI,29,mass_market,Surco,verified,low,2023-02-18,2893.7
C003903,DNI,39,sme,Lima,verified,low,2023-09-15,1425.33
C003904,DNI,42,mass_market,Surco,verified,low,2024-06-01,1363.9
C003905,DNI,20,sme,Piura,verified,low,2024-06-24,3824.8
C003906,DNI,41,mass_market,La Molina,verified,low,2024-02-14,4374.95
C003907,DNI,42,mass_market,Cusco,verified,low,2023-06-05,1676.66
C003908,DNI,26,mass_market,Lima,verified,low,2024-06-29,5082.67
C003909,DNI,45,affluent,La Molina,verified,medium,2024-03-15,3486.67
C003910,DNI,63,mass_market,San Borja,verified,low,2023-08-25,5754.41
C003911,DNI,47,mass_market,Cusco,pending,low,2024-10-11,5427.81
C003912,DNI,24,mass_market,Callao,verified,medium,2024-01-03,2732.19
C003913,DNI,28,mass_market,San Borja,verified,low,2023-02-26,7328.89
C003914,DNI,27,premium,Miraflores,verified,medium,2023-06-24,1606.38
C003915,DNI,20,premium,Arequipa,verified,low,2023-08-02,11099.57
C003916,DNI,36,mass_market,Lima,verified,low,2023-01-27,1838.43
C003917,DNI,19,affluent,Miraflores,verified,low,2023-04-29,2903.29
C003918,DNI,34,mass_market,Piura,verified,low,2023-05-27,2182.11
C003919,DNI,46,affluent,Lima,verified,low,2023-09-22,2423.01
C003920,DNI,19,sme,Arequipa,verified,medium,2024-02-07,14882.7
C003921,DNI,70,premium,Lima,verified,low,2023-09-15,2311.16
C003922,DNI,33,mass_market,La Molina,pending,low,2023-07-08,4760.51
C003923,DNI,66,affluent,Surco,verified,medium,2024-05-13,2618.95
C003924,DNI,27,mass_market,Trujillo,verified,medium,2024-12-10,4989.56
C003925,DNI,21,premium,La Molina,pending,low,2023-08-27,2209.92
C003926,DNI,60,mass_market,Arequipa,pending,low,2023-11-23,3431.91
C003927,DNI,43,affluent,Lima,pending,low,2023-03-11,4212.38
C003928,DNI,66,affluent,La Molina,verified,medium,2024-12-05,2004.21
C003929,DNI,41,affluent,Surco,verified,medium,2023-01-25,13585.38
C003930,DNI,29,mass_market,Miraflores,verified,low,2024-08-04,4335.18
C003931,DNI,38,premium,La Molina,verified,low,2023-06-05,2632.57
C003932,DNI,59,mass_market,Piura,verified,medium,2024-10-19,2031.48
C003933,DNI,33,affluent,Miraflores,verified,low,2023-08-07,3135.2
C003934,DNI,53,mass_market,Arequipa,verified,low,2024-07-14,1527.21
C003935,DNI,52,mass_market,Miraflores,verified,low,2024-01-14,7944.72
C003936,DNI,26,mass_market,Lima,verified,low,2023-07-13,3778.91
C003937,DNI,23,mass_market,Cusco,verified,low,2023-02-09,2840.14
C003938,DNI,61,mass_market,Cusco,verified,low,2024-08-19,5299.08
C003939,DNI,18,mass_market,Callao,verified,low,2023-12-09,2004.53
C003940,DNI,31,mass_market,Piura,verified,medium,2024-05-17,1578.49
C003941,DNI,41,affluent,Lima,verified,low,2024-03-25,2775.06
C003942,DNI,27,sme,Arequipa,verified,low,2023-12-02,3197.58
C003943,DNI,35,mass_market,San Borja,verified,low,2023-01-04,3991.1
C003944,DNI,62,mass_market,Cusco,pending,low,2024-05-31,1323.52
C003945,DNI,26,mass_market,Arequipa,verified,high,2024-05-11,2319.31
C003946,DNI,44,mass_market,Miraflores,verified,medium,2023-08-14,546.81
C003947,DNI,72,affluent,La Molina,verified,low,2023-05-30,1555.74
C003948,DNI,36,affluent,Cusco,verified,low,2023-08-26,4417.79
C003949,PASSPORT,53,mass_market,Lima,verified,low,2024-10-21,5057.18
C003950,DNI,20,mass_market,Cusco,verified,low,2023-04-13,1590.65
C003951,DNI,55,mass_market,Surco,pending,low,2023-06-24,2493.56
C003952,DNI,26,sme,Surco,verified,low,2024-04-05,3023.24
C003953,DNI,27,premium,Surco,verified,high,2023-02-03,5393.56
C003954,DNI,26,mass_market,Piura,pending,low,2024-11-14,6911.92
C003955,DNI,34,mass_market,Cusco,verified,low,2024-06-01,3242.81
C003956,DNI,59,sme,Callao,verified,low,2024-03-15,2582.88
C003957,DNI,55,premium,Arequipa,verified,low,2023-10-12,1347.45
C003958,DNI,65,mass_market,Surco,pending,low,2023-08-13,3163.51
C003959,DNI,66,mass_market,Miraflores,pending,low,2024-07-18,9332.03
C003960,DNI,60,mass_market,Lima,pending,medium,2023-09-14,6060.85
C003961,DNI,37,affluent,Piura,verified,low,2023-02-28,3281.88
C003962,DNI,24,mass_market,Trujillo,verified,low,2023-09-03,3522.26
C003963,DNI,21,mass_market,Surco,verified,low,2024-06-02,2041.25
C003964,DNI,74,affluent,Arequipa,verified,medium,2023-08-02,2449.34
C003965,DNI,27,mass_market,Miraflores,pending,low,2024-08-12,3233.04
C003966,DNI,38,affluent,Lima,verified,low,2024-12-01,3238.45
C003967,DNI,31,mass_market,La Molina,verified,medium,2023-08-04,5197.39
C003968,DNI,42,mass_market,San Borja,verified,low,2024-02-07,5060.12
C003969,DNI,34,affluent,Miraflores,verified,medium,2023-10-10,3969.17
C003970,DNI,45,mass_market,Callao,verified,low,2024-07-26,1720.67
C003971,DNI,31,premium,Miraflores,verified,low,2024-07-26,1756.75
C003972,DNI,69,mass_market,Miraflores,verified,low,2023-08-03,1829.25
C003973,DNI,72,mass_market,Callao,verified,low,2024-01-17,3393.23
C003974,DNI,30,affluent,La Molina,verified,low,2023-02-14,978.01
C003975,DNI,51,mass_market,Piura,verified,low,2023-06-21,2970.69
C003976,DNI,58,sme,Cusco,pending,low,2023-08-09,6468.85
C003977,DNI,20,mass_market,Lima,verified,medium,2024-01-20,4301.65
C003978,DNI,21,mass_market,Miraflores,pending,low,2023-04-05,2457.99
C003979,DNI,61,mass_market,Miraflores,verified,low,2023-02-13,2030.34
C003980,DNI,32,mass_market,Callao,verified,low,2023-08-16,4643.13
C003981,DNI,37,sme,Arequipa,verified,low,2024-07-27,3527.45
C003982,DNI,25,sme,Miraflores,verified,low,2023-11-13,2603.11
C003983,DNI,67,mass_market,Miraflores,verified,medium,2023-12-01,2156.05
C003984,DNI,22,mass_market,Callao,verified,low,2024-08-23,3108.86
C003985,DNI,19,sme,Arequipa,verified,low,2024-09-15,2523.32
C003986,DNI,45,premium,Callao,verified,low,2024-12-19,4588.96
C003987,DNI,39,mass_market,Piura,verified,low,2024-04-11,5899.62
C003988,DNI,26,mass_market,Miraflores,verified,medium,2024-12-15,1405.31
C003989,DNI,45,mass_market,Surco,verified,low,2023-10-24,1518.99
C003990,DNI,74,sme,Lima,verified,low,2024-06-28,6256.84
C003991,DNI,63,mass_market,Arequipa,verified,low,2024-05-03,3265.61
C003992,DNI,18,mass_market,Surco,verified,low,2023-08-03,1599.73
C003993,DNI,69,affluent,Callao,rejected,low,2024-06-07,5119.38
C003994,DNI,53,mass_market,Miraflores,verified,medium,2023-01-02,3597.26
C003995,DNI,66,mass_market,Callao,pending,medium,2024-10-22,10014.46
C003996,DNI,59,mass_market,Cusco,verified,low,2024-10-15,2619.09
C003997,DNI,19,mass_market,Cusco,verified,medium,2023-07-26,5485.08
C003998,DNI,55,mass_market,Piura,verified,low,2023-12-07,1343.64
C003999,DNI,43,mass_market,Miraflores,verified,low,2024-12-04,6424.12
C004000,DNI,48,mass_market,Miraflores,verified,low,2024-02-11,5010.49
C004001,DNI,68,affluent,Surco,verified,low,2023-11-02,7204.0
C004002,DNI,58,sme,Trujillo,verified,low,2024-05-21,5490.74
C004003,DNI,68,affluent,Miraflores,verified,medium,2024-04-13,2822.91
C004004,DNI,36,mass_market,Piura,verified,low,2024-12-16,1565.37
C004005,DNI,48,mass_market,Arequipa,verified,medium,2024-07-11,2140.66
C004006,DNI,26,mass_market,Arequipa,verified,medium,2024-05-09,1131.58
C004007,DNI,20,mass_market,Callao,verified,low,2023-09-18,1796.34
C004008,DNI,55,mass_market,Surco,verified,medium,2024-07-31,3767.71
C004009,DNI,23,affluent,La Molina,pending,low,2024-10-23,2903.69
C004010,DNI,66,mass_market,San Borja,verified,low,2024-08-04,2636.02
C004011,DNI,62,mass_market,Callao,verified,low,2023-12-30,1927.14
C004012,DNI,62,mass_market,Miraflores,verified,low,2024-05-28,1124.6
C004013,DNI,24,affluent,Callao,verified,low,2024-06-24,3294.95
C004014,DNI,58,mass_market,La Molina,verified,low,2024-07-26,3672.17
C004015,DNI,42,affluent,San Borja,verified,medium,2024-09-03,1727.86
C004016,DNI,42,mass_market,La Molina,pending,low,2024-03-30,2222.99
C004017,CE,67,sme,La Molina,verified,low,2023-05-24,6961.66
C004018,DNI,18,sme,Cusco,verified,low,2023-07-11,5640.48
C004019,DNI,71,mass_market,Arequipa,verified,low,2023-12-19,1317.6
C004020,DNI,39,mass_market,Trujillo,verified,low,2023-10-26,2845.37
C004021,DNI,37,mass_market,Miraflores,verified,medium,2024-04-04,6635.74
C004022,DNI,30,mass_market,Piura,verified,low,2024-03-02,2646.43
C004023,DNI,57,affluent,Surco,verified,low,2024-12-16,2571.08
C004024,DNI,38,sme,Callao,verified,medium,2023-01-31,5437.12
C004025,DNI,40,affluent,Miraflores,verified,medium,2023-11-28,5130.14
C004026,DNI,58,sme,Cusco,verified,low,2024-02-15,4986.14
C004027,DNI,50,mass_market,Arequipa,verified,low,2023-02-21,2580.94
C004028,DNI,26,mass_market,Callao,verified,medium,2024-01-19,4292.34
C004029,DNI,46,affluent,Surco,verified,high,2023-08-31,6782.56
C004030,DNI,69,mass_market,Trujillo,verified,low,2024-11-16,2900.3
C004031,DNI,72,affluent,Miraflores,verified,low,2024-09-03,2387.79
C004032,DNI,49,mass_market,Piura,verified,low,2024-02-21,5863.72
C004033,DNI,28,mass_market,Arequipa,verified,low,2024-04-19,9181.92
C004034,DNI,69,premium,Lima,verified,high,2024-01-27,9540.04
C004035,DNI,53,mass_market,Miraflores,verified,low,2024-01-24,2426.05
C004036,DNI,46,premium,La Molina,verified,medium,2024-07-26,2563.88
C004037,DNI,65,premium,La Molina,verified,low,2024-11-30,1692.5
C004038,DNI,48,affluent,Piura,verified,medium,2024-04-13,3180.93
C004039,DNI,31,affluent,San Borja,verified,low,2024-02-12,1651.16
C004040,DNI,69,affluent,Piura,verified,medium,2024-06-02,2231.33
C004041,DNI,71,sme,Arequipa,verified,high,2023-07-08,4383.58
C004042,DNI,70,mass_market,La Molina,verified,low,2024-08-17,3694.08
C004043,DNI,67,mass_market,Trujillo,verified,low,2023-12-17,1101.14
C004044,DNI,42,affluent,Trujillo,verified,low,2023-10-10,7070.32
C004045,DNI,71,mass_market,La Molina,pending,low,2024-09-27,1639.51
C004046,DNI,43,mass_market,Arequipa,verified,medium,2023-06-06,1757.22
C004047,DNI,39,mass_market,Cusco,verified,low,2024-08-21,1508.08
C004048,DNI,26,affluent,Surco,verified,medium,2023-05-28,2072.05
C004049,DNI,50,sme,Surco,verified,low,2023-03-11,1820.3
C004050,DNI,40,mass_market,Arequipa,verified,low,2024-01-05,1844.87
C004051,DNI,52,premium,Lima,verified,low,2024-08-10,768.66
C004052,CE,37,affluent,Surco,verified,low,2024-09-17,3201.77
C004053,DNI,50,sme,Callao,verified,low,2024-05-29,3386.78
C004054,DNI,52,affluent,Surco,verified,medium,2023-08-22,10243.76
C004055,DNI,63,affluent,Callao,verified,medium,2024-11-09,3895.15
C004056,DNI,47,mass_market,La Molina,verified,low,2024-09-02,2268.5
C004057,DNI,63,sme,Cusco,verified,low,2024-09-27,1540.11
C004058,DNI,72,mass_market,Piura,verified,low,2024-04-11,2827.22
C004059,DNI,47,sme,Cusco,verified,low,2024-07-10,3815.39
C004060,DNI,39,premium,Surco,verified,low,2023-10-14,2260.09
C004061,DNI,62,mass_market,Surco,verified,low,2024-09-09,3082.69
C004062,DNI,18,mass_market,Arequipa,verified,medium,2023-10-21,8463.73
C004063,DNI,32,affluent,Piura,pending,low,2024-04-25,2413.27
C004064,DNI,42,mass_market,Surco,verified,low,2023-05-14,1056.03
C004065,DNI,37,sme,San Borja,verified,high,2023-01-08,4819.46
C004066,DNI,24,mass_market,San Borja,verified,low,2023-01-28,3543.52
C004067,DNI,33,mass_market,Lima,verified,medium,2024-06-03,1164.51
C004068,DNI,69,premium,La Molina,verified,low,2023-11-06,3771.41
C004069,DNI,40,affluent,Callao,verified,low,2024-10-07,1721.89
C004070,DNI,38,sme,Cusco,verified,low,2024-06-24,3799.89
C004071,DNI,18,mass_market,La Molina,verified,low,2024-09-18,8509.98
C004072,DNI,64,affluent,Callao,verified,low,2024-05-08,2704.49
C004073,DNI,37,affluent,Callao,verified,low,2023-02-03,5408.89
C004074,DNI,64,affluent,Miraflores,verified,low,2023-01-07,1516.76
C004075,DNI,36,affluent,Surco,verified,low,2023-02-09,1292.48
C004076,DNI,23,affluent,Lima,verified,low,2023-11-26,9041.26
C004077,DNI,55,mass_market,Surco,verified,medium,2023-03-03,3530.87
C004078,DNI,49,mass_market,Lima,pending,medium,2023-03-27,4230.89
C004079,DNI,18,affluent,La Molina,verified,low,2024-12-25,5617.33
C004080,DNI,47,mass_market,Arequipa,verified,high,2023-04-26,2229.88
C004081,DNI,33,affluent,Arequipa,verified,low,2024-07-30,4692.94
C004082,DNI,44,mass_market,La Molina,verified,low,2023-10-24,4317.58
C004083,DNI,35,affluent,Piura,verified,low,2024-01-14,1462.43
C004084,DNI,30,affluent,San Borja,verified,medium,2024-11-12,6850.95
C004085,DNI,61,mass_market,Callao,verified,medium,2024-09-19,6116.67
C004086,DNI,67,mass_market,Lima,verified,low,2023-11-18,1471.38
C004087,DNI,45,mass_market,Trujillo,verified,low,2024-09-19,3328.1
C004088,DNI,27,affluent,Surco,verified,low,2024-01-30,2625.18
C004089,DNI,31,sme,La Molina,verified,low,2023-12-23,6503.33
C004090,DNI,69,mass_market,Callao,pending,low,2024-07-15,1372.19
C004091,DNI,46,affluent,Lima,verified,low,2024-02-23,21619.01
C004092,DNI,74,mass_market,Cusco,pending,low,2024-04-22,2708.18
C004093,DNI,28,mass_market,Piura,verified,low,2023-12-02,4474.48
C004094,DNI,67,premium,Surco,verified,medium,2024-08-13,6394.06
C004095,DNI,73,mass_market,Arequipa,verified,low,2023-01-20,2676.33
C004096,DNI,44,mass_market,La Molina,verified,low,2024-02-16,2798.34
C004097,DNI,61,mass_market,Arequipa,verified,low,2024-07-02,2260.73
C004098,DNI,34,mass_market,Lima,verified,high,2023-09-16,1831.69
C004099,DNI,73,mass_market,Arequipa,verified,low,2024-08-27,3461.73
C004100,DNI,20,mass_market,Surco,verified,low,2024-11-29,2767.23
C004101,DNI,48,affluent,San Borja,verified,low,2023-12-23,2252.61
C004102,DNI,38,mass_market,Callao,verified,low,2023-07-20,2326.15
C004103,DNI,50,mass_market,San Borja,verified,low,2024-02-15,4092.57
C004104,DNI,18,mass_market,La Molina,verified,low,2023-10-15,1922.42
C004105,DNI,23,mass_market,San Borja,verified,low,2023-02-17,2602.35
C004106,DNI,68,affluent,Miraflores,verified,low,2024-07-11,4886.67
C004107,DNI,73,premium,Callao,verified,low,2024-01-05,3415.14
C004108,DNI,21,mass_market,Lima,verified,low,2023-08-19,1673.62
C004109,DNI,39,sme,Callao,verified,high,2023-04-05,2942.08
C004110,DNI,30,affluent,Miraflores,verified,medium,2023-10-30,3790.91
C004111,DNI,61,affluent,Trujillo,pending,low,2023-08-06,5136.36
C004112,DNI,74,mass_market,San Borja,verified,low,2024-07-05,1967.54
C004113,DNI,47,mass_market,Callao,pending,medium,2024-01-22,2192.52
C004114,DNI,57,mass_market,Arequipa,verified,medium,2024-12-15,2033.8
C004115,CE,69,affluent,Lima,pending,medium,2024-09-19,2090.09
C004116,CE,43,mass_market,Cusco,verified,low,2023-04-01,3724.74
C004117,DNI,73,sme,La Molina,verified,low,2023-02-27,4133.87
C004118,DNI,56,mass_market,La Molina,verified,high,2024-03-09,5313.45
C004119,DNI,70,mass_market,La Molina,verified,high,2024-06-05,2835.16
C004120,DNI,56,affluent,Callao,verified,low,2024-04-27,1376.19
C004121,DNI,24,mass_market,San Borja,pending,high,2024-01-02,4307.91
C004122,DNI,31,mass_market,Callao,pending,medium,2024-02-11,3253.64
C004123,DNI,43,affluent,Surco,verified,low,2024-06-01,3080.92
C004124,DNI,35,sme,Arequipa,verified,low,2023-11-27,1471.63
C004125,CE,72,affluent,Cusco,pending,low,2024-11-30,2676.57
C004126,DNI,68,affluent,Cusco,verified,low,2023-08-23,1546.1
C004127,DNI,73,affluent,Arequipa,verified,high,2024-02-15,3885.79
C004128,DNI,41,premium,Miraflores,verified,low,2023-07-02,2353.26
C004129,DNI,74,mass_market,Piura,verified,medium,2023-10-14,2240.06
C004130,DNI,69,mass_market,Surco,verified,medium,2023-05-03,1279.93
C004131,DNI,68,mass_market,Lima,verified,low,2023-06-07,5244.33
C004132,DNI,42,mass_market,Cusco,verified,low,2023-11-19,2585.8
C004133,DNI,74,affluent,La Molina,verified,low,2023-01-13,3127.03
C004134,DNI,67,affluent,Callao,verified,low,2024-07-19,1989.19
C004135,DNI,49,affluent,Miraflores,verified,low,2024-07-08,1202.53
C004136,CE,23,mass_market,Piura,verified,low,2024-09-12,2225.21
C004137,DNI,33,affluent,Arequipa,verified,low,2024-11-08,2430.01
C004138,DNI,20,mass_market,Trujillo,verified,low,2024-09-09,3501.75
C004139,DNI,38,affluent,Lima,verified,low,2024-07-16,2452.18
C004140,DNI,49,affluent,Piura,verified,low,2023-07-23,2008.03
C004141,DNI,19,mass_market,La Molina,verified,high,2023-10-29,1303.96
C004142,DNI,64,mass_market,Piura,pending,low,2023-02-12,3061.47
C004143,DNI,37,mass_market,Cusco,verified,medium,2024-08-19,1923.48
C004144,DNI,28,sme,Callao,verified,high,2024-12-29,6163.77
C004145,DNI,68,sme,Arequipa,verified,medium,2024-10-31,3237.58
C004146,DNI,35,affluent,Piura,verified,low,2024-05-20,4060.89
C004147,DNI,71,mass_market,Lima,verified,medium,2024-09-30,2599.74
C004148,DNI,28,mass_market,Piura,verified,low,2023-07-10,3329.92
C004149,DNI,52,affluent,Trujillo,verified,low,2023-03-01,1826.41
C004150,DNI,53,affluent,Miraflores,verified,medium,2024-04-10,1559.28
C004151,CE,55,mass_market,Cusco,verified,low,2024-01-14,3005.87
C004152,DNI,29,mass_market,Callao,verified,high,2024-03-04,4079.44
C004153,DNI,48,affluent,La Molina,verified,low,2023-03-03,1022.29
C004154,DNI,70,mass_market,Arequipa,verified,low,2023-10-29,2265.37
C004155,DNI,53,mass_market,Arequipa,verified,low,2024-09-29,8210.48
C004156,DNI,47,mass_market,Miraflores,verified,medium,2023-06-21,3879.94
C004157,DNI,61,mass_market,San Borja,verified,low,2024-05-19,6944.5
C004158,DNI,21,sme,San Borja,verified,low,2023-03-04,2103.33
C004159,DNI,19,premium,La Molina,verified,low,2023-01-16,2317.29
C004160,DNI,61,affluent,Piura,verified,low,2024-11-21,5073.08
C004161,DNI,30,mass_market,Trujillo,verified,low,2023-04-11,4200.4
C004162,DNI,43,mass_market,Arequipa,verified,low,2023-06-25,2830.16
C004163,PASSPORT,46,mass_market,Piura,verified,low,2023-07-12,1488.64
C004164,DNI,65,mass_market,Arequipa,verified,low,2023-09-30,5632.27
C004165,DNI,53,affluent,Arequipa,verified,low,2024-04-11,11856.43
C004166,PASSPORT,45,mass_market,Piura,verified,medium,2023-06-24,1255.73
C004167,DNI,25,mass_market,Miraflores,verified,low,2023-08-22,6451.0
C004168,DNI,22,mass_market,San Borja,verified,low,2023-08-04,2304.07
C004169,DNI,49,mass_market,Surco,verified,low,2024-05-05,2481.43
C004170,DNI,47,mass_market,Lima,verified,low,2024-02-21,3457.5
C004171,DNI,31,mass_market,Miraflores,verified,low,2024-06-16,1536.04
C004172,PASSPORT,64,premium,Cusco,verified,low,2024-03-26,2920.69
C004173,CE,60,mass_market,Trujillo,verified,low,2023-10-07,1228.82
C004174,DNI,27,mass_market,Trujillo,rejected,low,2023-09-01,3873.24
C004175,DNI,27,sme,Lima,verified,low,2024-11-05,10183.74
C004176,DNI,73,premium,Trujillo,verified,low,2023-05-26,2096.99
C004177,DNI,23,affluent,Piura,verified,low,2023-03-08,2716.75
C004178,DNI,33,sme,Trujillo,verified,medium,2023-04-13,2791.37
C004179,DNI,43,mass_market,Surco,verified,low,2023-11-06,5128.44
C004180,DNI,38,mass_market,Trujillo,verified,low,2024-09-28,3725.9
C004181,DNI,53,mass_market,Arequipa,verified,medium,2023-04-27,4945.29
C004182,DNI,58,affluent,Miraflores,pending,low,2024-04-16,2256.5
C004183,DNI,59,affluent,Piura,verified,medium,2023-11-17,3783.72
C004184,DNI,47,mass_market,San Borja,verified,low,2024-03-10,467.64
C004185,DNI,22,mass_market,Trujillo,verified,medium,2024-01-05,4303.16
C004186,DNI,27,affluent,La Molina,verified,low,2024-11-30,1525.71
C004187,DNI,65,mass_market,La Molina,verified,low,2023-07-06,2489.47
C004188,DNI,48,affluent,La Molina,pending,low,2024-08-10,4491.26
C004189,CE,28,affluent,Trujillo,verified,medium,2024-04-13,1280.69
C004190,DNI,55,affluent,Cusco,verified,low,2024-10-22,5427.25
C004191,CE,24,affluent,Arequipa,rejected,medium,2024-12-07,2783.97
C004192,DNI,29,sme,Callao,verified,low,2024-04-17,6629.03
C004193,DNI,62,mass_market,Trujillo,verified,low,2024-07-09,1814.27
C004194,DNI,66,affluent,Cusco,verified,low,2024-03-29,1099.89
C004195,DNI,58,affluent,Callao,verified,low,2024-03-21,2933.87
C004196,CE,25,mass_market,Lima,verified,low,2024-11-12,4117.05
C004197,DNI,45,mass_market,Surco,verified,medium,2023-04-04,4311.39
C004198,DNI,33,mass_market,Arequipa,pending,medium,2023-02-07,1596.36
C004199,DNI,70,mass_market,Trujillo,verified,low,2024-04-26,1219.81
C004200,DNI,20,affluent,Miraflores,verified,high,2023-04-21,2510.46
C004201,DNI,54,sme,Piura,verified,low,2024-02-14,3960.18
C004202,DNI,49,mass_market,Miraflores,pending,low,2023-06-17,3851.36
C004203,DNI,38,mass_market,Miraflores,verified,medium,2024-07-19,7077.45
C004204,DNI,74,premium,Lima,verified,medium,2024-02-01,2427.46
C004205,DNI,72,mass_market,Piura,verified,low,2023-05-07,1080.64
C004206,DNI,62,mass_market,Lima,verified,low,2023-02-11,5756.97
C004207,DNI,35,affluent,Callao,verified,medium,2023-02-10,3318.8
C004208,DNI,70,mass_market,Lima,verified,low,2024-07-15,3481.45
C004209,DNI,65,mass_market,La Molina,pending,low,2024-05-01,4545.53
C004210,DNI,74,mass_market,Surco,verified,low,2024-11-01,5973.0
C004211,DNI,63,mass_market,La Molina,verified,high,2024-02-03,2943.45
C004212,DNI,28,affluent,Trujillo,verified,medium,2023-07-01,5693.63
C004213,DNI,67,mass_market,Callao,verified,medium,2023-06-30,4038.69
C004214,DNI,25,mass_market,Cusco,pending,low,2024-11-08,2078.56
C004215,DNI,29,affluent,Callao,verified,low,2024-12-18,2622.07
C004216,CE,68,sme,Cusco,verified,low,2024-04-08,4184.78
C004217,DNI,69,mass_market,Surco,verified,high,2023-02-19,2018.57
C004218,CE,19,mass_market,Lima,verified,low,2024-02-12,4853.97
C004219,DNI,58,affluent,Lima,pending,low,2024-02-05,3251.92
C004220,DNI,39,mass_market,Piura,verified,medium,2023-05-26,3677.14
C004221,DNI,26,mass_market,Trujillo,verified,low,2023-10-25,6583.21
C004222,DNI,31,affluent,Miraflores,verified,high,2023-05-25,3626.82
C004223,DNI,32,sme,San Borja,verified,low,2023-01-16,3100.37
C004224,DNI,28,sme,Callao,verified,low,2023-03-26,2848.58
C004225,DNI,30,affluent,Callao,verified,low,2023-08-04,2768.16
C004226,DNI,73,affluent,Trujillo,verified,medium,2024-04-26,3539.58
C004227,DNI,45,mass_market,La Molina,verified,medium,2023-02-21,6309.6
C004228,DNI,42,affluent,Arequipa,verified,low,2024-07-01,2129.25
C004229,CE,54,mass_market,Trujillo,verified,low,2023-04-17,2042.44
C004230,DNI,23,mass_market,San Borja,verified,medium,2023-08-07,6043.7
C004231,DNI,72,affluent,Lima,verified,low,2023-12-03,2183.36
C004232,DNI,54,affluent,Cusco,verified,low,2024-01-06,3357.17
C004233,DNI,50,mass_market,La Molina,verified,low,2023-09-11,2152.77
C004234,DNI,42,sme,La Molina,verified,medium,2024-02-09,1183.56
C004235,DNI,67,mass_market,Piura,verified,low,2024-08-02,3324.33
C004236,DNI,40,mass_market,Surco,verified,low,2024-11-29,5504.62
C004237,DNI,73,mass_market,San Borja,verified,high,2024-09-27,2880.93
C004238,DNI,25,affluent,La Molina,verified,low,2023-01-30,1319.61
C004239,DNI,34,affluent,San Borja,verified,low,2023-07-04,3165.25
C004240,CE,48,mass_market,Trujillo,verified,low,2023-10-16,1966.93
C004241,DNI,43,affluent,Cusco,verified,high,2023-12-25,705.76
C004242,DNI,72,mass_market,Cusco,verified,low,2024-04-18,2851.25
C004243,DNI,74,affluent,Callao,verified,low,2024-07-18,3962.88
C004244,DNI,28,mass_market,Lima,verified,low,2024-02-04,5697.25
C004245,DNI,47,mass_market,Callao,verified,low,2024-11-19,7834.33
C004246,DNI,28,premium,La Molina,verified,high,2023-05-13,4264.22
C004247,DNI,20,mass_market,Surco,verified,low,2024-05-16,4981.38
C004248,DNI,57,mass_market,Callao,verified,low,2024-05-17,1470.69
C004249,DNI,57,affluent,Callao,verified,low,2023-03-18,7273.58
C004250,DNI,74,premium,Callao,verified,low,2023-12-16,5985.22
C004251,DNI,73,mass_market,San Borja,verified,medium,2023-03-01,2435.94
C004252,DNI,70,mass_market,Trujillo,verified,low,2024-03-30,4336.89
C004253,PASSPORT,38,mass_market,Surco,verified,low,2024-04-09,4103.47
C004254,CE,52,mass_market,Cusco,verified,medium,2023-11-07,6691.66
C004255,DNI,45,mass_market,Piura,verified,low,2023-04-01,2743.23
C004256,DNI,39,affluent,San Borja,verified,low,2023-10-25,1977.47
C004257,DNI,59,premium,La Molina,pending,high,2023-11-21,2276.74
C004258,DNI,68,mass_market,Surco,verified,low,2023-10-07,4881.65
C004259,DNI,63,mass_market,Cusco,verified,low,2024-12-11,1036.98
C004260,DNI,35,mass_market,Surco,verified,medium,2023-04-28,573.41
C004261,CE,40,mass_market,Arequipa,verified,medium,2024-11-25,4874.81
C004262,DNI,43,sme,Arequipa,verified,low,2024-07-20,3467.34
C004263,DNI,52,mass_market,Callao,pending,low,2023-09-28,3011.38
C004264,DNI,46,mass_market,Callao,verified,medium,2024-05-31,1453.82
C004265,CE,69,affluent,Arequipa,verified,low,2023-04-11,1163.93
C004266,DNI,63,mass_market,Piura,verified,low,2024-01-23,2102.77
C004267,DNI,28,affluent,Cusco,verified,medium,2023-10-13,3637.06
C004268,DNI,59,mass_market,La Molina,verified,low,2023-02-22,2159.94
C004269,DNI,73,sme,Lima,verified,low,2024-12-30,4890.53
C004270,DNI,63,premium,Lima,verified,low,2023-08-28,1763.87
C004271,DNI,18,affluent,San Borja,verified,low,2023-08-02,2240.29
C004272,DNI,33,premium,Piura,verified,low,2024-09-07,4388.58
C004273,DNI,42,mass_market,Piura,verified,low,2023-12-27,2422.84
C004274,DNI,55,mass_market,La Molina,verified,medium,2023-12-30,2489.8
C004275,DNI,35,affluent,Surco,pending,medium,2024-12-01,2092.43
C004276,DNI,33,affluent,Lima,pending,low,2023-11-23,1889.53
C004277,DNI,36,mass_market,Surco,verified,low,2024-04-20,3622.06
C004278,DNI,33,mass_market,Surco,verified,medium,2024-09-02,3889.51
C004279,DNI,22,mass_market,Piura,verified,low,2023-04-07,3377.64
C004280,DNI,44,mass_market,Surco,rejected,low,2023-11-23,2124.09
C004281,DNI,61,mass_market,Lima,verified,medium,2023-03-14,2668.25
C004282,DNI,23,affluent,Cusco,verified,low,2023-09-13,7170.74
C004283,DNI,74,mass_market,Miraflores,verified,low,2023-06-19,1364.31
C004284,DNI,51,mass_market,Surco,verified,high,2023-11-29,8410.53
C004285,DNI,33,affluent,La Molina,verified,low,2023-06-06,3149.02
C004286,DNI,70,affluent,Trujillo,verified,low,2024-02-23,2699.79
C004287,DNI,40,sme,Callao,verified,low,2024-04-02,5035.95
C004288,DNI,60,affluent,La Molina,verified,low,2023-04-09,956.23
C004289,DNI,61,mass_market,Arequipa,verified,medium,2023-09-01,6368.86
C004290,CE,49,sme,Lima,verified,medium,2024-04-21,8281.25
C004291,DNI,60,mass_market,Trujillo,verified,low,2024-03-16,5422.89
C004292,DNI,40,mass_market,Callao,verified,low,2023-07-13,937.99
C004293,DNI,37,affluent,La Molina,verified,high,2024-01-10,4538.23
C004294,DNI,36,sme,Trujillo,pending,low,2024-10-23,7370.93
C004295,DNI,46,mass_market,Miraflores,verified,low,2024-01-02,6964.02
C004296,DNI,25,mass_market,Lima,verified,low,2023-06-04,1374.1
C004297,DNI,46,mass_market,Cusco,verified,low,2024-05-13,5213.45
C004298,DNI,35,mass_market,San Borja,verified,low,2024-06-17,8002.94
C004299,DNI,22,mass_market,Piura,verified,low,2024-04-02,3029.66
C004300,DNI,29,affluent,Miraflores,verified,medium,2024-09-19,1340.79
C004301,DNI,27,mass_market,Arequipa,verified,low,2023-04-23,4702.07
C004302,DNI,64,premium,Piura,verified,low,2024-12-23,5322.09
C004303,DNI,54,affluent,Cusco,verified,low,2023-01-24,2761.24
C004304,DNI,34,affluent,Miraflores,verified,low,2023-10-10,1548.59
C004305,DNI,49,sme,Callao,verified,low,2023-10-19,5115.5
C004306,DNI,72,mass_market,Trujillo,pending,low,2023-12-29,1953.06
C004307,DNI,21,mass_market,Lima,verified,low,2024-02-05,3709.09
C004308,DNI,48,affluent,Trujillo,verified,low,2024-07-21,7023.32
C004309,DNI,43,sme,Surco,verified,low,2023-09-23,1197.1
C004310,DNI,29,affluent,La Molina,verified,high,2023-02-23,4911.18
C004311,DNI,35,mass_market,Arequipa,verified,low,2024-09-11,2660.79
C004312,DNI,25,premium,Surco,pending,low,2024-12-14,2699.01
C004313,DNI,49,mass_market,Surco,verified,low,2024-12-14,3955.55
C004314,DNI,37,sme,Arequipa,verified,low,2024-02-26,1950.3
C004315,DNI,66,premium,La Molina,verified,medium,2024-04-18,1562.03
C004316,DNI,57,mass_market,Callao,verified,low,2024-12-30,1117.33
C004317,DNI,30,affluent,La Molina,verified,medium,2023-08-31,5869.18
C004318,DNI,40,mass_market,Lima,pending,low,2023-12-20,2429.84
C004319,DNI,20,mass_market,Trujillo,verified,medium,2024-01-23,4078.43
C004320,CE,52,mass_market,Callao,verified,low,2023-06-27,2282.97
C004321,DNI,56,affluent,San Borja,verified,low,2024-04-19,1573.46
C004322,DNI,67,premium,Trujillo,pending,low,2024-07-26,4267.45
C004323,DNI,38,affluent,Callao,verified,low,2024-02-09,3570.21
C004324,DNI,24,mass_market,La Molina,verified,low,2023-02-05,2616.79
C004325,DNI,71,sme,Arequipa,verified,low,2023-12-24,3519.39
C004326,DNI,43,premium,La Molina,verified,low,2024-07-11,1757.65
C004327,DNI,40,mass_market,San Borja,verified,low,2024-08-29,5341.86
C004328,DNI,49,premium,Callao,verified,low,2023-11-23,6068.2
C004329,DNI,19,mass_market,Lima,verified,low,2023-02-13,4526.11
C004330,DNI,56,sme,La Molina,verified,low,2023-11-16,2429.42
C004331,DNI,19,mass_market,Callao,verified,low,2024-10-19,3079.86
C004332,DNI,56,mass_market,Trujillo,verified,low,2024-04-16,7064.66
C004333,DNI,63,mass_market,San Borja,verified,low,2023-09-26,6030.84
C004334,DNI,32,affluent,Lima,verified,medium,2024-06-08,8925.15
C004335,DNI,33,mass_market,Callao,verified,low,2023-01-25,1940.53
C004336,DNI,73,mass_market,Miraflores,verified,low,2024-10-01,1847.12
C004337,DNI,43,affluent,La Molina,verified,low,2024-07-04,3209.61
C004338,DNI,25,sme,San Borja,pending,low,2023-06-06,3728.62
C004339,DNI,33,mass_market,Lima,verified,low,2023-07-04,2756.57
C004340,DNI,38,mass_market,Lima,verified,low,2023-06-23,2405.89
C004341,DNI,56,mass_market,Surco,verified,low,2024-01-29,5985.33
C004342,DNI,28,mass_market,Piura,verified,low,2023-07-05,2835.85
C004343,DNI,41,sme,San Borja,verified,low,2023-10-08,1527.88
C004344,DNI,53,sme,Lima,verified,low,2024-08-08,1628.1
C004345,DNI,35,affluent,Callao,verified,low,2023-10-22,3414.84
C004346,DNI,40,mass_market,Surco,verified,low,2024-06-11,15544.45
C004347,DNI,30,affluent,Piura,verified,low,2023-07-07,1742.77
C004348,DNI,66,affluent,Trujillo,verified,medium,2024-02-16,2506.94
C004349,DNI,61,sme,Callao,verified,medium,2024-11-14,11188.51
C004350,DNI,67,affluent,La Molina,rejected,low,2023-07-05,2283.91
C004351,DNI,59,affluent,Piura,verified,low,2024-06-27,3829.55
C004352,DNI,56,affluent,San Borja,verified,low,2024-07-28,8364.49
C004353,DNI,61,mass_market,La Molina,verified,low,2023-10-28,1766.38
C004354,CE,61,premium,Cusco,pending,medium,2023-11-05,2514.7
C004355,DNI,62,mass_market,Cusco,verified,low,2023-07-08,2283.81
C004356,DNI,18,affluent,San Borja,verified,medium,2024-02-15,1293.57
C004357,DNI,24,mass_market,Trujillo,verified,low,2024-06-21,7066.72
C004358,DNI,65,affluent,Piura,verified,medium,2024-01-22,2160.35
C004359,DNI,65,affluent,Surco,verified,low,2024-07-04,1841.0
C004360,DNI,38,mass_market,Miraflores,verified,low,2023-07-12,2334.52
C004361,DNI,33,mass_market,Lima,verified,low,2023-06-12,4968.42
C004362,CE,65,affluent,Miraflores,verified,medium,2023-02-22,3171.92
C004363,DNI,31,affluent,Cusco,verified,low,2024-04-19,1928.67
C004364,DNI,60,mass_market,Cusco,verified,medium,2023-06-23,3733.24
C004365,DNI,68,mass_market,Trujillo,verified,low,2023-07-15,4660.73
C004366,DNI,60,affluent,Miraflores,verified,low,2023-07-30,2942.25
C004367,DNI,19,mass_market,Miraflores,verified,high,2024-11-30,2619.87
C004368,DNI,48,mass_market,Surco,verified,medium,2024-01-25,5212.07
C004369,DNI,56,mass_market,Trujillo,verified,medium,2023-11-04,2701.19
C004370,DNI,26,mass_market,Trujillo,verified,low,2024-04-01,7219.24
C004371,DNI,58,mass_market,San Borja,verified,high,2023-11-27,1965.1
C004372,DNI,31,mass_market,La Molina,verified,medium,2024-12-26,1940.11
C004373,DNI,27,mass_market,Trujillo,verified,low,2024-05-09,1813.31
C004374,DNI,65,mass_market,Trujillo,verified,medium,2023-11-25,2613.99
C004375,DNI,41,mass_market,Callao,verified,low,2023-01-29,2985.07
C004376,DNI,67,mass_market,Piura,verified,low,2024-11-13,1437.84
C004377,DNI,50,mass_market,Piura,verified,low,2023-05-02,3143.89
C004378,DNI,73,sme,Arequipa,verified,low,2024-04-02,4068.15
C004379,DNI,51,mass_market,Miraflores,verified,low,2024-02-22,1331.39
C004380,DNI,37,mass_market,Lima,verified,low,2023-06-08,2238.04
C004381,DNI,45,mass_market,Miraflores,verified,low,2024-08-20,4072.93
C004382,DNI,21,mass_market,San Borja,verified,low,2024-05-30,1637.33
C004383,DNI,51,affluent,San Borja,verified,low,2023-01-02,2505.42
C004384,DNI,21,affluent,San Borja,verified,low,2024-10-06,5423.52
C004385,DNI,72,sme,La Molina,verified,low,2023-10-29,8001.23
C004386,DNI,23,affluent,Lima,rejected,low,2023-03-20,3796.95
C004387,DNI,39,premium,Piura,verified,medium,2024-10-20,2715.99
C004388,DNI,21,mass_market,Surco,verified,medium,2024-11-08,2262.51
C004389,DNI,67,mass_market,Piura,verified,low,2023-11-11,4919.27
C004390,DNI,22,mass_market,La Molina,pending,low,2023-11-24,5560.11
C004391,DNI,28,mass_market,San Borja,verified,low,2023-10-03,1578.07
C004392,DNI,62,mass_market,La Molina,verified,low,2024-12-16,4918.38
C004393,DNI,52,affluent,Piura,verified,medium,2024-03-27,2134.79
C004394,DNI,36,mass_market,Surco,verified,low,2024-07-18,1857.98
C004395,DNI,69,premium,Arequipa,verified,low,2024-04-30,2739.4
C004396,PASSPORT,28,sme,Lima,verified,low,2023-04-17,5142.98
C004397,DNI,28,mass_market,La Molina,verified,high,2024-07-20,3533.96
C004398,DNI,70,mass_market,Piura,verified,low,2023-09-03,3481.72
C004399,DNI,44,mass_market,Lima,verified,low,2023-06-13,3618.6
C004400,DNI,19,mass_market,Piura,verified,low,2024-06-10,3855.33
C004401,DNI,71,mass_market,Piura,verified,low,2023-01-01,2799.56
C004402,DNI,64,mass_market,Surco,pending,medium,2023-05-17,4219.78
C004403,DNI,71,mass_market,Arequipa,verified,low,2023-05-31,2073.88
C004404,DNI,25,mass_market,Lima,pending,low,2023-06-29,4264.39
C004405,DNI,51,premium,San Borja,verified,low,2024-05-01,4775.92
C004406,DNI,57,affluent,Lima,pending,low,2024-11-30,4378.78
C004407,DNI,73,premium,Trujillo,verified,low,2023-01-18,4505.55
C004408,DNI,37,mass_market,San Borja,verified,low,2023-08-13,3849.41
C004409,DNI,40,mass_market,Lima,verified,low,2023-04-15,5683.9
C004410,DNI,32,affluent,Callao,verified,low,2024-12-18,854.58
C004411,DNI,65,mass_market,Callao,verified,low,2024-11-28,4767.42
C004412,DNI,30,mass_market,Piura,verified,medium,2023-03-06,8835.22
C004413,DNI,72,affluent,San Borja,rejected,medium,2023-11-29,2117.43
C004414,DNI,48,affluent,Lima,pending,medium,2024-01-07,1991.11
C004415,DNI,66,mass_market,Piura,pending,low,2023-07-26,6047.95
C004416,DNI,63,mass_market,Miraflores,pending,low,2023-08-17,1790.58
C004417,DNI,31,mass_market,Piura,verified,low,2024-08-03,2065.86
C004418,DNI,18,mass_market,La Molina,rejected,low,2023-05-22,3273.03
C004419,CE,73,mass_market,Callao,verified,medium,2024-12-18,1920.95
C004420,DNI,44,mass_market,Miraflores,verified,medium,2024-11-16,4823.54
C004421,DNI,50,mass_market,Cusco,verified,medium,2024-12-09,1929.58
C004422,DNI,52,premium,La Molina,pending,low,2023-11-27,3634.94
C004423,DNI,71,affluent,San Borja,verified,medium,2024-12-09,3485.84
C004424,DNI,73,affluent,Piura,verified,medium,2023-09-28,7443.81
C004425,PASSPORT,32,mass_market,Callao,verified,low,2024-12-11,5658.51
C004426,PASSPORT,22,mass_market,Arequipa,verified,low,2023-11-21,2227.78
C004427,DNI,54,mass_market,Callao,pending,low,2024-06-10,1487.02
C004428,DNI,21,mass_market,Surco,verified,low,2024-12-28,4726.23
C004429,DNI,63,mass_market,Callao,verified,medium,2024-06-30,2081.06
C004430,DNI,37,affluent,Arequipa,verified,low,2023-03-10,2478.42
C004431,DNI,56,affluent,Arequipa,verified,low,2023-07-31,1664.19
C004432,DNI,39,mass_market,Piura,verified,low,2024-07-11,4330.58
C004433,DNI,41,mass_market,San Borja,verified,low,2024-01-17,2088.97
C004434,PASSPORT,64,premium,Arequipa,pending,low,2024-02-24,2924.06
C004435,DNI,28,mass_market,Callao,verified,high,2024-08-19,2949.15
C004436,DNI,63,mass_market,San Borja,verified,low,2023-02-17,3297.63
C004437,DNI,23,mass_market,Lima,pending,medium,2023-08-19,4289.4
C004438,DNI,44,affluent,Callao,verified,medium,2024-08-01,2608.29
C004439,DNI,27,premium,Trujillo,verified,low,2024-04-21,1982.7
C004440,DNI,56,mass_market,Piura,verified,medium,2023-03-30,1071.97
C004441,DNI,27,sme,La Molina,verified,low,2023-02-21,3154.06
C004442,DNI,63,sme,Piura,verified,low,2024-06-17,2734.35
C004443,DNI,43,mass_market,Arequipa,pending,low,2024-02-26,2016.74
C004444,DNI,54,mass_market,Cusco,verified,low,2024-09-02,3085.3
C004445,DNI,71,mass_market,Surco,verified,low,2024-03-21,4773.29
C004446,PASSPORT,50,premium,Trujillo,verified,medium,2023-05-11,5494.7
C004447,DNI,68,mass_market,Arequipa,verified,low,2024-08-22,1281.36
C004448,DNI,25,affluent,Callao,verified,low,2024-10-09,2444.33
C004449,DNI,68,mass_market,San Borja,verified,low,2024-01-09,5057.18
C004450,CE,66,affluent,Trujillo,verified,low,2024-07-04,7171.16
C004451,DNI,68,mass_market,Cusco,pending,low,2024-06-13,1901.7
C004452,DNI,45,affluent,La Molina,pending,low,2023-04-15,6361.87
C004453,DNI,65,sme,San Borja,verified,low,2024-01-22,1418.63
C004454,DNI,53,sme,Surco,verified,low,2024-10-19,5605.8
C004455,DNI,57,sme,Miraflores,verified,low,2023-12-02,2553.02
C004456,DNI,42,mass_market,Surco,verified,medium,2023-04-27,7041.33
C004457,DNI,53,affluent,Piura,verified,low,2023-01-01,2309.49
C004458,CE,30,mass_market,Trujillo,verified,low,2024-09-20,2513.82
C004459,DNI,24,mass_market,Piura,verified,medium,2024-06-21,2770.09
C004460,DNI,18,mass_market,Arequipa,verified,low,2024-03-11,1280.01
C004461,DNI,26,mass_market,Lima,verified,low,2024-05-10,1130.75
C004462,DNI,45,mass_market,Arequipa,verified,low,2023-01-12,3946.5
C004463,DNI,53,premium,La Molina,verified,medium,2023-10-21,5134.07
C004464,DNI,63,mass_market,Trujillo,verified,medium,2024-05-22,4163.73
C004465,DNI,47,affluent,Lima,verified,medium,2024-11-11,1495.65
C004466,DNI,26,mass_market,San Borja,verified,low,2024-07-18,3881.99
C004467,DNI,47,mass_market,Lima,verified,medium,2023-05-08,1729.15
C004468,DNI,52,mass_market,La Molina,pending,low,2023-03-17,3730.17
C004469,DNI,64,premium,Callao,verified,low,2023-09-26,5553.67
C004470,DNI,44,sme,Piura,verified,low,2023-05-26,3648.63
C004471,DNI,46,sme,Cusco,verified,low,2024-02-07,6685.48
C004472,DNI,22,premium,Arequipa,verified,low,2024-05-13,2744.92
C004473,DNI,18,mass_market,Trujillo,verified,low,2024-07-13,2646.1
C004474,DNI,60,mass_market,La Molina,verified,low,2023-07-18,3093.45
C004475,DNI,68,affluent,Miraflores,verified,low,2024-08-05,1424.46
C004476,DNI,22,mass_market,Cusco,verified,medium,2024-05-17,2388.4
C004477,DNI,71,mass_market,La Molina,pending,low,2024-08-26,2506.59
C004478,DNI,46,mass_market,Miraflores,verified,low,2024-02-07,2549.88
C004479,DNI,73,affluent,Miraflores,verified,low,2023-07-28,3454.94
C004480,DNI,34,affluent,Miraflores,verified,low,2023-12-08,1320.57
C004481,CE,68,mass_market,Callao,verified,low,2023-02-17,1587.49
C004482,CE,66,mass_market,Lima,rejected,medium,2024-06-24,5556.03
C004483,DNI,54,affluent,Surco,verified,low,2023-06-25,988.33
C004484,DNI,41,affluent,Arequipa,verified,low,2024-05-25,4183.92
C004485,DNI,69,mass_market,Miraflores,verified,low,2023-01-19,2427.32
C004486,DNI,44,affluent,La Molina,verified,medium,2024-05-09,3255.39
C004487,DNI,26,mass_market,San Borja,verified,low,2023-12-21,7023.06
C004488,DNI,71,mass_market,San Borja,verified,low,2024-07-12,2773.46
C004489,DNI,55,affluent,Trujillo,verified,low,2023-12-11,4204.72
C004490,DNI,70,affluent,Piura,verified,medium,2023-03-01,3078.54
C004491,DNI,30,mass_market,Miraflores,verified,medium,2024-11-18,2806.92
C004492,DNI,43,affluent,La Molina,verified,low,2023-08-17,2622.16
C004493,DNI,70,affluent,Miraflores,verified,medium,2023-05-27,4383.41
C004494,DNI,28,affluent,Callao,verified,low,2023-10-25,1993.44
C004495,DNI,72,affluent,Piura,verified,medium,2023-11-29,1599.41
C004496,DNI,41,affluent,Miraflores,verified,medium,2023-11-28,3105.6
C004497,DNI,72,mass_market,Arequipa,verified,low,2024-03-08,3314.4
C004498,DNI,50,mass_market,San Borja,verified,low,2024-02-03,1093.03
C004499,DNI,66,mass_market,Miraflores,verified,high,2024-11-30,2963.81
C004500,DNI,23,mass_market,Arequipa,verified,low,2023-12-01,1518.1
C004501,DNI,52,affluent,Arequipa,verified,high,2023-07-28,4208.09
C004502,PASSPORT,33,mass_market,Lima,verified,low,2024-02-15,1105.41
C004503,DNI,30,mass_market,Arequipa,verified,low,2024-08-09,8593.76
C004504,DNI,61,mass_market,Piura,rejected,low,2024-11-25,2474.99
C004505,DNI,74,mass_market,San Borja,verified,medium,2024-08-21,1852.46
C004506,DNI,28,mass_market,Trujillo,verified,low,2023-09-28,2551.32
C004507,CE,40,affluent,Callao,verified,low,2023-06-29,4047.88
C004508,DNI,19,mass_market,San Borja,verified,low,2024-02-19,4864.69
C004509,DNI,47,affluent,La Molina,verified,high,2023-12-12,2563.5
C004510,DNI,36,premium,Trujillo,verified,low,2024-06-02,1351.16
C004511,DNI,57,mass_market,Arequipa,verified,low,2024-03-13,1530.33
C004512,DNI,62,mass_market,Miraflores,pending,low,2023-01-13,3489.5
C004513,CE,63,mass_market,Lima,verified,medium,2024-02-08,5130.87
C004514,DNI,64,affluent,Trujillo,verified,low,2024-01-15,5511.61
C004515,DNI,66,affluent,La Molina,verified,low,2024-11-22,3269.69
C004516,DNI,32,mass_market,La Molina,verified,low,2024-02-25,5074.66
C004517,DNI,70,mass_market,Trujillo,verified,low,2023-06-29,8533.82
C004518,DNI,59,sme,Lima,verified,low,2024-09-29,5737.0
C004519,DNI,50,mass_market,Arequipa,verified,low,2023-10-10,4949.89
C004520,DNI,61,mass_market,Piura,verified,medium,2024-02-22,1912.93
C004521,CE,58,sme,La Molina,verified,low,2023-12-22,5061.61
C004522,DNI,72,affluent,Arequipa,verified,low,2024-12-02,3841.73
C004523,DNI,22,sme,Piura,verified,low,2023-01-16,4263.54
C004524,CE,39,affluent,Piura,rejected,medium,2023-11-11,5964.67
C004525,PASSPORT,44,sme,La Molina,verified,low,2024-06-16,3630.79
C004526,DNI,64,mass_market,Trujillo,verified,low,2023-01-16,2817.48
C004527,DNI,52,affluent,Piura,pending,low,2024-04-09,1655.03
C004528,DNI,36,sme,Miraflores,verified,low,2024-04-07,2532.38
C004529,DNI,56,affluent,San Borja,verified,medium,2024-06-28,3351.18
C004530,DNI,24,mass_market,Callao,verified,low,2024-11-24,3472.71
C004531,DNI,56,mass_market,La Molina,verified,low,2023-03-10,3408.86
C004532,DNI,51,mass_market,Cusco,verified,medium,2024-02-15,5052.96
C004533,DNI,51,mass_market,Piura,verified,low,2023-02-21,4797.98
C004534,DNI,44,mass_market,Surco,pending,low,2023-03-06,2880.88
C004535,DNI,61,affluent,Miraflores,verified,low,2024-04-11,1870.58
C004536,DNI,22,affluent,Cusco,verified,low,2023-09-29,3680.66
C004537,DNI,21,mass_market,Arequipa,verified,low,2024-03-14,10254.64
C004538,DNI,24,affluent,Callao,verified,low,2024-06-13,3557.04
C004539,DNI,65,mass_market,Lima,verified,high,2024-12-30,2533.21
C004540,PASSPORT,20,mass_market,Piura,verified,low,2023-09-30,4002.64
C004541,DNI,38,mass_market,Lima,verified,low,2024-04-03,4136.71
C004542,DNI,51,mass_market,Callao,verified,low,2023-06-22,4111.56
C004543,DNI,66,mass_market,Miraflores,rejected,low,2024-07-21,6342.85
C004544,DNI,26,mass_market,Miraflores,verified,medium,2024-06-04,3686.2
C004545,DNI,37,mass_market,Callao,verified,low,2024-05-11,6179.4
C004546,DNI,57,sme,Miraflores,verified,high,2024-06-17,3383.37
C004547,DNI,29,mass_market,Piura,verified,low,2023-03-13,6849.11
C004548,DNI,56,affluent,Callao,verified,low,2023-06-21,5788.94
C004549,DNI,63,affluent,La Molina,verified,low,2024-09-26,4949.24
C004550,DNI,45,affluent,Surco,verified,low,2024-08-25,4601.11
C004551,DNI,65,premium,Arequipa,verified,low,2023-10-19,10570.63
C004552,DNI,50,mass_market,San Borja,verified,medium,2023-09-09,5389.13
C004553,DNI,27,mass_market,Trujillo,verified,low,2024-02-13,1868.47
C004554,DNI,28,sme,Surco,verified,medium,2024-01-02,3412.65
C004555,DNI,24,mass_market,San Borja,verified,low,2023-09-13,2577.06
C004556,DNI,35,affluent,Trujillo,verified,low,2024-06-08,9278.56
C004557,CE,36,affluent,Lima,pending,low,2024-03-15,5933.03
C004558,DNI,31,affluent,Surco,verified,low,2023-12-01,9114.06
C004559,DNI,34,premium,Cusco,verified,medium,2024-09-21,1962.56
C004560,DNI,40,premium,Surco,verified,low,2024-03-10,5463.92
C004561,DNI,36,affluent,Miraflores,pending,medium,2024-11-20,1407.41
C004562,DNI,71,mass_market,Piura,verified,low,2024-04-05,1241.81
C004563,DNI,62,sme,Piura,verified,medium,2023-11-04,2396.28
C004564,DNI,72,mass_market,San Borja,pending,low,2024-11-03,6848.65
C004565,DNI,20,mass_market,Miraflores,verified,low,2023-04-05,1726.86
C004566,DNI,51,sme,Lima,verified,low,2024-02-13,2953.52
C004567,DNI,42,mass_market,Piura,verified,low,2023-06-17,5732.25
C004568,DNI,58,mass_market,Arequipa,verified,low,2023-03-28,4748.23
C004569,DNI,48,mass_market,Lima,verified,low,2023-01-03,10085.99
C004570,DNI,56,sme,Miraflores,verified,low,2024-01-07,2986.49
C004571,DNI,31,mass_market,Miraflores,verified,low,2024-06-11,2338.12
C004572,DNI,54,affluent,San Borja,verified,high,2024-10-03,1632.77
C004573,DNI,69,mass_market,La Molina,verified,low,2023-01-23,2434.75
C004574,DNI,64,affluent,Piura,verified,medium,2023-04-08,1624.61
C004575,DNI,37,affluent,Miraflores,verified,low,2024-10-31,1109.82
C004576,DNI,49,mass_market,Miraflores,verified,low,2024-06-05,8776.79
C004577,DNI,50,mass_market,Arequipa,verified,low,2023-11-17,3062.23
C004578,DNI,69,mass_market,Surco,verified,low,2024-06-17,12398.2
C004579,DNI,48,premium,Surco,verified,medium,2024-01-02,1878.81
C004580,DNI,24,affluent,Miraflores,verified,high,2023-07-03,2354.67
C004581,DNI,22,premium,Lima,verified,low,2024-02-21,1946.03
C004582,DNI,74,mass_market,Arequipa,verified,high,2024-12-29,2095.58
C004583,DNI,21,affluent,Lima,verified,low,2023-08-02,4819.77
C004584,CE,28,affluent,Trujillo,verified,high,2024-10-31,4070.33
C004585,PASSPORT,36,affluent,La Molina,verified,low,2023-07-29,4824.56
C004586,CE,55,premium,Surco,verified,high,2023-05-13,6236.97
C004587,DNI,37,mass_market,Surco,verified,medium,2023-02-22,5481.01
C004588,DNI,44,mass_market,Arequipa,verified,low,2024-11-25,1711.85
C004589,DNI,46,affluent,Callao,verified,low,2023-01-23,2234.78
C004590,DNI,35,affluent,Lima,verified,low,2023-04-16,3186.94
C004591,CE,54,affluent,Piura,verified,low,2024-08-25,23162.93
C004592,DNI,69,mass_market,Arequipa,verified,medium,2024-09-22,4558.82
C004593,DNI,64,mass_market,San Borja,verified,medium,2024-04-04,3161.11
C004594,DNI,70,mass_market,Callao,verified,medium,2024-10-11,4316.94
C004595,DNI,42,mass_market,Cusco,verified,low,2024-04-26,2139.41
C004596,DNI,37,affluent,Lima,verified,low,2023-04-30,3443.81
C004597,DNI,23,affluent,Callao,verified,low,2024-11-03,5039.51
C004598,DNI,53,mass_market,Arequipa,verified,medium,2023-07-27,2933.8
C004599,DNI,66,mass_market,Piura,verified,low,2023-11-14,1966.27
C004600,PASSPORT,32,mass_market,San Borja,verified,low,2023-12-04,2855.98
C004601,DNI,35,mass_market,La Molina,verified,low,2023-06-04,2500.47
C004602,DNI,55,affluent,Callao,verified,low,2023-06-04,1413.15
C004603,DNI,73,sme,La Molina,verified,low,2024-01-29,2176.88
C004604,DNI,42,mass_market,Miraflores,verified,low,2024-05-19,1385.69
C004605,DNI,37,affluent,Surco,verified,high,2023-11-09,1509.85
C004606,DNI,39,sme,Trujillo,verified,low,2023-09-16,1591.58
C004607,DNI,68,sme,Surco,verified,medium,2023-06-06,5036.16
C004608,DNI,29,mass_market,Cusco,pending,low,2023-01-14,6761.78
C004609,DNI,58,premium,Piura,verified,medium,2023-03-18,1280.69
C004610,DNI,57,mass_market,San Borja,verified,low,2023-12-05,7108.89
C004611,DNI,64,mass_market,La Molina,verified,medium,2024-02-13,1604.19
C004612,DNI,50,mass_market,Arequipa,verified,medium,2024-01-29,4495.28
C004613,DNI,46,mass_market,La Molina,verified,low,2023-08-08,3436.49
C004614,DNI,19,mass_market,Piura,verified,medium,2024-03-08,4228.99
C004615,DNI,43,mass_market,Arequipa,verified,low,2024-03-30,1570.02
C004616,DNI,74,mass_market,Arequipa,verified,low,2024-10-15,1100.15
C004617,DNI,49,sme,Cusco,pending,low,2023-05-20,1916.78
C004618,DNI,20,sme,Piura,verified,medium,2024-05-12,3769.8
C004619,CE,47,mass_market,Callao,verified,medium,2024-10-15,8745.52
C004620,DNI,36,sme,Surco,verified,low,2024-10-02,1691.98
C004621,DNI,27,sme,Miraflores,verified,low,2024-06-13,2823.24
C004622,DNI,42,affluent,La Molina,verified,medium,2024-11-06,1974.37
C004623,DNI,63,mass_market,Callao,verified,medium,2023-04-06,2952.85
C004624,DNI,36,affluent,Miraflores,verified,high,2023-01-28,1030.78
C004625,DNI,60,premium,San Borja,verified,low,2023-08-18,6794.87
C004626,DNI,38,affluent,Trujillo,pending,low,2024-02-20,3020.63
C004627,DNI,23,mass_market,La Molina,pending,low,2024-03-31,4936.64
C004628,CE,68,mass_market,Cusco,verified,low,2023-01-25,2623.56
C004629,DNI,31,affluent,Miraflores,verified,low,2024-11-17,3310.47
C004630,DNI,25,mass_market,Arequipa,rejected,low,2024-02-08,5546.26
C004631,DNI,19,mass_market,Callao,verified,low,2024-11-03,3204.93
C004632,DNI,71,mass_market,Surco,verified,low,2024-06-25,3269.0
C004633,CE,35,sme,Cusco,verified,low,2023-06-14,1926.25
C004634,DNI,74,sme,La Molina,verified,low,2023-07-27,2221.79
C004635,DNI,39,mass_market,Piura,verified,low,2024-09-05,1707.78
C004636,DNI,74,premium,Callao,verified,low,2024-01-08,1986.42
C004637,DNI,47,mass_market,Cusco,verified,low,2024-09-09,5932.35
C004638,DNI,53,affluent,Trujillo,pending,low,2023-03-10,8060.53
C004639,DNI,45,affluent,La Molina,verified,medium,2024-06-03,1501.17
C004640,DNI,52,sme,San Borja,verified,low,2024-09-26,3704.65
C004641,DNI,19,premium,Surco,verified,medium,2023-12-19,2503.06
C004642,DNI,73,mass_market,San Borja,pending,low,2023-04-11,6427.45
C004643,DNI,53,sme,Miraflores,verified,medium,2023-01-01,3210.47
C004644,DNI,35,mass_market,Piura,verified,low,2023-12-17,2968.73
C004645,DNI,60,affluent,Miraflores,pending,low,2023-01-07,1979.06
C004646,CE,26,affluent,Surco,verified,medium,2023-11-14,1283.72
C004647,DNI,45,affluent,Callao,verified,low,2024-09-14,4530.18
C004648,DNI,25,mass_market,Miraflores,pending,medium,2024-05-23,3619.67
C004649,CE,70,sme,Piura,verified,low,2023-07-05,3668.71
C004650,PASSPORT,25,mass_market,Lima,verified,medium,2024-12-28,2143.87
C004651,DNI,22,mass_market,Lima,verified,medium,2024-04-06,2751.3
C004652,DNI,30,affluent,Cusco,verified,high,2023-12-09,4605.88
C004653,DNI,24,mass_market,Cusco,verified,low,2024-09-26,5116.17
C004654,DNI,38,sme,La Molina,verified,low,2024-12-13,1559.06
C004655,DNI,46,mass_market,Cusco,verified,high,2023-01-08,2104.13
C004656,DNI,54,mass_market,Trujillo,verified,medium,2024-07-29,1387.92
C004657,DNI,62,sme,Cusco,verified,low,2023-05-16,3329.89
C004658,DNI,69,mass_market,Trujillo,verified,low,2024-01-18,4848.31
C004659,DNI,65,mass_market,Cusco,verified,low,2023-07-05,2557.3
C004660,DNI,31,affluent,San Borja,verified,high,2024-09-30,2070.26
C004661,DNI,54,mass_market,Arequipa,verified,low,2024-01-07,2478.93
C004662,DNI,72,affluent,Trujillo,verified,low,2024-07-14,10598.55
C004663,DNI,68,mass_market,Callao,verified,low,2023-06-15,5741.99
C004664,DNI,21,sme,La Molina,verified,medium,2024-09-30,4456.19
C004665,DNI,73,sme,Surco,verified,medium,2023-11-17,3554.74
C004666,DNI,39,affluent,Trujillo,verified,low,2024-11-19,2960.14
C004667,DNI,73,mass_market,Miraflores,verified,low,2024-12-15,1810.49
C004668,DNI,28,sme,Arequipa,pending,high,2023-06-06,1662.49
C004669,DNI,51,affluent,San Borja,verified,medium,2023-10-12,2181.24
C004670,DNI,62,affluent,Lima,verified,low,2023-01-28,1764.14
C004671,CE,33,mass_market,San Borja,verified,medium,2023-12-17,2133.89
C004672,DNI,26,sme,Cusco,verified,low,2023-03-24,2818.49
C004673,DNI,33,affluent,La Molina,verified,medium,2024-09-15,2939.76
C004674,DNI,56,mass_market,Arequipa,verified,low,2024-10-27,2119.19
C004675,DNI,33,mass_market,Miraflores,verified,low,2024-01-05,3914.2
C004676,DNI,48,sme,Trujillo,verified,medium,2024-06-24,2686.64
C004677,DNI,48,mass_market,San Borja,verified,low,2024-01-30,3354.59
C004678,DNI,30,premium,Arequipa,verified,low,2024-04-24,1979.25
C004679,DNI,22,affluent,Trujillo,verified,low,2023-08-01,4363.72
C004680,DNI,64,affluent,La Molina,verified,low,2024-09-05,2221.27
C004681,DNI,56,mass_market,Surco,verified,medium,2023-12-26,7220.68
C004682,DNI,35,mass_market,Lima,verified,low,2023-08-02,2633.99
C004683,DNI,37,premium,La Molina,verified,low,2023-10-31,2829.69
C004684,DNI,72,mass_market,Cusco,verified,low,2023-06-04,4131.82
C004685,DNI,19,affluent,Piura,verified,low,2024-01-15,4658.82
C004686,CE,57,mass_market,Surco,verified,low,2023-07-19,4943.24
C004687,DNI,47,mass_market,Cusco,verified,medium,2024-11-10,7915.46
C004688,DNI,27,mass_market,San Borja,verified,low,2023-08-26,4289.98
C004689,DNI,59,mass_market,Surco,verified,medium,2024-11-01,2873.13
C004690,DNI,28,premium,Cusco,verified,low,2024-12-05,2227.63
C004691,DNI,70,mass_market,Surco,verified,low,2023-06-16,2769.42
C004692,DNI,46,mass_market,La Molina,verified,low,2023-08-14,6742.66
C004693,DNI,70,mass_market,Arequipa,verified,low,2023-09-08,1390.15
C004694,DNI,57,mass_market,Lima,verified,medium,2023-10-07,1899.88
C004695,DNI,33,mass_market,Lima,verified,low,2024-04-20,2642.7
C004696,DNI,65,sme,Cusco,verified,low,2024-05-12,1886.02
C004697,DNI,45,mass_market,Cusco,verified,high,2024-06-18,2380.76
C004698,DNI,34,mass_market,Surco,verified,low,2024-12-01,8050.01
C004699,DNI,55,mass_market,San Borja,rejected,low,2024-02-15,2530.19
C004700,DNI,67,premium,Cusco,verified,high,2024-03-04,3738.38
C004701,DNI,66,mass_market,Surco,verified,low,2024-06-22,1197.5
C004702,DNI,61,mass_market,Callao,verified,medium,2024-03-18,1625.64
C004703,DNI,32,affluent,Lima,pending,low,2023-07-29,4978.96
C004704,DNI,48,affluent,Cusco,verified,low,2024-06-30,7460.78
C004705,DNI,24,mass_market,La Molina,verified,low,2024-12-10,3366.99
C004706,DNI,63,mass_market,Miraflores,verified,low,2024-05-05,2519.19
C004707,CE,47,affluent,Surco,verified,low,2024-04-15,3916.25
C004708,DNI,53,mass_market,Lima,rejected,low,2024-11-16,714.38
C004709,DNI,66,sme,Cusco,verified,medium,2024-12-30,3381.3
C004710,DNI,43,affluent,Arequipa,pending,medium,2024-07-21,1676.79
C004711,DNI,28,mass_market,Surco,verified,low,2024-10-25,4613.54
C004712,DNI,23,mass_market,San Borja,verified,low,2024-04-07,892.69
C004713,DNI,59,mass_market,Cusco,verified,low,2024-07-03,2109.89
C004714,DNI,46,affluent,Surco,verified,medium,2024-04-21,2914.53
C004715,DNI,45,mass_market,Cusco,verified,low,2023-07-17,1960.62
C004716,DNI,32,mass_market,Piura,verified,low,2024-06-04,2424.75
C004717,DNI,46,affluent,Miraflores,pending,low,2024-05-13,4902.2
C004718,DNI,23,premium,Trujillo,rejected,high,2024-05-25,2941.07
C004719,DNI,65,mass_market,Trujillo,verified,low,2024-11-20,1786.8
C004720,DNI,29,premium,Piura,verified,low,2023-11-21,5000.13
C004721,DNI,68,mass_market,Surco,verified,low,2024-11-18,3422.2
C004722,DNI,33,mass_market,San Borja,verified,medium,2024-04-11,3501.22
C004723,DNI,63,mass_market,Cusco,verified,medium,2024-08-18,1824.61
C004724,DNI,55,mass_market,Surco,verified,medium,2023-05-19,734.23
C004725,DNI,26,mass_market,Arequipa,pending,medium,2023-08-30,1810.99
C004726,DNI,39,mass_market,San Borja,verified,low,2023-11-12,1712.44
C004727,PASSPORT,50,sme,Arequipa,verified,low,2024-10-28,2127.47
C004728,DNI,43,sme,Piura,verified,medium,2023-05-15,1876.15
C004729,DNI,71,affluent,La Molina,verified,low,2023-07-07,3171.58
C004730,DNI,57,mass_market,Trujillo,verified,low,2024-11-20,4839.09
C004731,DNI,24,mass_market,Trujillo,verified,medium,2024-08-01,5387.78
C004732,DNI,63,mass_market,Cusco,pending,medium,2023-03-10,4724.26
C004733,DNI,49,affluent,Miraflores,verified,high,2024-03-14,1819.48
C004734,DNI,57,premium,Piura,verified,high,2023-03-18,3079.11
C004735,DNI,60,mass_market,Surco,verified,low,2024-02-04,7050.41
C004736,DNI,41,mass_market,Piura,verified,medium,2024-01-09,1246.88
C004737,DNI,58,mass_market,Surco,verified,low,2023-01-12,6257.44
C004738,DNI,68,mass_market,Piura,verified,low,2024-05-01,1723.55
C004739,DNI,56,mass_market,La Molina,verified,low,2024-02-21,3503.69
C004740,DNI,55,affluent,Callao,verified,low,2023-07-26,3740.71
C004741,DNI,67,affluent,Miraflores,verified,high,2023-12-07,3309.17
C004742,DNI,54,mass_market,Surco,verified,low,2024-09-11,10154.38
C004743,DNI,36,mass_market,Miraflores,pending,low,2024-12-21,2526.38
C004744,DNI,60,premium,San Borja,verified,low,2023-11-07,1209.89
C004745,DNI,22,mass_market,Piura,verified,low,2023-11-04,3626.58
C004746,DNI,47,mass_market,Cusco,verified,low,2023-10-20,2714.81
C004747,DNI,42,mass_market,Lima,pending,low,2024-09-16,4044.61
C004748,DNI,47,mass_market,San Borja,verified,low,2024-01-11,4842.34
C004749,DNI,73,mass_market,Arequipa,verified,low,2024-06-10,2926.23
C004750,DNI,42,sme,Trujillo,verified,low,2023-12-06,3789.43
C004751,DNI,26,mass_market,Lima,verified,low,2023-03-24,3227.07
C004752,DNI,44,mass_market,La Molina,verified,low,2024-07-30,7986.74
C004753,DNI,41,affluent,Piura,verified,high,2024-03-27,2431.32
C004754,CE,57,mass_market,Callao,pending,low,2023-01-03,2042.87
C004755,DNI,60,sme,La Molina,verified,low,2024-03-31,4838.7
C004756,DNI,71,sme,Surco,verified,medium,2023-08-24,1788.18
C004757,CE,55,mass_market,Lima,verified,medium,2024-01-24,3698.52
C004758,DNI,32,affluent,Trujillo,verified,medium,2024-01-28,2715.49
C004759,DNI,55,mass_market,Cusco,verified,high,2024-10-02,2819.38
C004760,DNI,43,premium,Callao,pending,low,2023-01-30,11390.3
C004761,DNI,71,mass_market,Miraflores,verified,high,2024-08-05,5876.68
C004762,DNI,47,premium,Piura,verified,high,2023-05-28,5228.44
C004763,DNI,28,affluent,Surco,verified,medium,2024-08-27,3991.07
C004764,DNI,46,mass_market,Piura,rejected,low,2023-10-10,2037.88
C004765,DNI,32,mass_market,La Molina,verified,medium,2024-12-29,3442.02
C004766,DNI,61,premium,Lima,verified,low,2023-08-26,4108.56
C004767,DNI,26,sme,La Molina,verified,medium,2023-11-15,3325.72
C004768,DNI,59,mass_market,Lima,verified,low,2023-12-03,3140.42
C004769,DNI,46,affluent,Cusco,verified,medium,2023-01-31,2395.63
C004770,DNI,32,mass_market,Trujillo,verified,low,2024-09-17,3464.77
C004771,DNI,34,mass_market,Miraflores,verified,low,2024-09-05,2232.63
C004772,DNI,33,mass_market,Cusco,verified,medium,2024-08-27,4389.11
C004773,DNI,39,mass_market,San Borja,verified,low,2023-07-26,983.7
C004774,DNI,57,sme,Trujillo,verified,low,2023-08-17,6293.73
C004775,DNI,66,mass_market,Cusco,verified,low,2024-08-05,1448.93
C004776,DNI,60,sme,Callao,verified,medium,2023-12-08,1657.41
C004777,DNI,28,mass_market,Piura,verified,low,2024-04-04,3732.64
C004778,DNI,55,mass_market,La Molina,verified,low,2023-05-16,4011.69
C004779,DNI,42,mass_market,Trujillo,verified,low,2023-10-11,9349.26
C004780,DNI,71,mass_market,Callao,verified,low,2023-12-17,3508.54
C004781,DNI,47,mass_market,La Molina,verified,low,2023-01-17,2915.36
C004782,DNI,19,mass_market,San Borja,verified,low,2023-08-03,3311.69
C004783,DNI,18,affluent,Arequipa,verified,low,2024-01-30,7149.29
C004784,DNI,69,mass_market,Trujillo,verified,low,2024-02-03,11309.74
C004785,DNI,55,mass_market,Callao,verified,medium,2024-02-18,2692.86
C004786,DNI,74,mass_market,La Molina,verified,medium,2023-09-01,4017.94
C004787,DNI,54,sme,La Molina,verified,low,2023-04-05,2861.46
C004788,DNI,72,sme,Cusco,verified,low,2024-09-24,2830.34
C004789,DNI,71,mass_market,Lima,rejected,low,2023-01-06,8378.95
C004790,CE,71,mass_market,Cusco,verified,medium,2023-03-28,1791.57
C004791,DNI,26,mass_market,Callao,verified,low,2023-07-08,825.63
C004792,DNI,22,premium,Surco,verified,low,2024-09-06,3549.61
C004793,DNI,67,mass_market,Piura,rejected,low,2024-09-07,5770.73
C004794,DNI,41,mass_market,Trujillo,rejected,low,2024-02-24,3364.19
C004795,DNI,44,mass_market,Cusco,verified,low,2023-03-08,3929.28
C004796,DNI,47,mass_market,La Molina,verified,medium,2024-09-09,4508.94
C004797,DNI,68,mass_market,La Molina,verified,medium,2023-09-05,3168.46
C004798,DNI,32,affluent,Arequipa,verified,low,2023-07-26,4047.96
C004799,DNI,64,mass_market,Trujillo,verified,low,2023-07-24,4010.96
C004800,DNI,26,affluent,Arequipa,verified,low,2023-11-15,1015.13
C004801,DNI,63,mass_market,Piura,pending,medium,2023-03-24,3173.62
C004802,DNI,54,mass_market,San Borja,verified,low,2024-02-28,1255.1
C004803,DNI,47,sme,Cusco,verified,low,2023-03-23,2919.03
C004804,DNI,66,mass_market,Miraflores,verified,low,2024-07-02,2270.14
C004805,DNI,32,sme,Callao,verified,medium,2024-12-25,5264.31
C004806,DNI,37,mass_market,Callao,verified,low,2024-05-01,3409.86
C004807,DNI,74,mass_market,San Borja,verified,low,2023-05-13,3867.08
C004808,DNI,66,premium,Trujillo,verified,low,2023-04-25,2683.03
C004809,DNI,73,mass_market,Cusco,verified,medium,2024-01-12,5317.19
C004810,DNI,73,sme,Piura,verified,low,2023-07-30,1238.27
C004811,DNI,42,mass_market,Lima,verified,low,2023-05-12,1821.61
C004812,DNI,26,sme,Arequipa,verified,low,2024-01-09,6047.92
C004813,DNI,62,mass_market,San Borja,verified,low,2023-06-03,2345.83
C004814,DNI,39,mass_market,Lima,verified,low,2024-02-27,915.79
C004815,DNI,30,affluent,Arequipa,verified,high,2024-01-01,6627.3
C004816,DNI,54,premium,San Borja,verified,low,2024-11-24,5390.08
C004817,DNI,45,sme,Callao,verified,low,2023-05-27,4407.37
C004818,DNI,31,sme,Callao,verified,low,2023-05-07,3139.83
C004819,DNI,47,sme,La Molina,verified,low,2023-11-04,7430.96
C004820,DNI,56,mass_market,Arequipa,verified,low,2024-12-15,5956.51
C004821,DNI,74,mass_market,Miraflores,verified,medium,2023-04-28,6983.61
C004822,CE,22,mass_market,Piura,verified,low,2024-07-26,4370.03
C004823,DNI,29,mass_market,Surco,verified,high,2023-08-19,3189.24
C004824,DNI,52,mass_market,Trujillo,verified,low,2024-03-26,2393.37
C004825,DNI,58,mass_market,Trujillo,verified,low,2024-05-14,1483.4
C004826,DNI,59,mass_market,Arequipa,verified,low,2024-10-23,3928.94
C004827,DNI,18,affluent,San Borja,verified,low,2023-05-25,4113.16
C004828,DNI,63,mass_market,San Borja,verified,low,2024-09-14,2459.27
C004829,DNI,18,mass_market,Surco,verified,low,2024-11-09,4177.74
C004830,DNI,59,mass_market,Piura,verified,low,2024-12-01,2483.2
C004831,DNI,60,affluent,Cusco,verified,low,2023-02-18,4803.43
C004832,DNI,37,affluent,Piura,verified,low,2023-04-17,1835.08
C004833,DNI,51,affluent,Cusco,verified,low,2023-04-03,1668.51
C004834,DNI,72,mass_market,Surco,verified,medium,2024-09-27,2611.5
C004835,DNI,51,mass_market,Cusco,verified,low,2023-05-20,4702.42
C004836,PASSPORT,72,mass_market,Miraflores,pending,low,2023-11-10,1576.04
C004837,DNI,41,mass_market,La Molina,verified,low,2023-01-11,5309.9
C004838,DNI,45,mass_market,Piura,verified,medium,2024-03-23,1207.83
C004839,DNI,28,mass_market,Cusco,verified,low,2024-01-30,2602.66
C004840,DNI,25,mass_market,Callao,verified,medium,2024-05-19,1370.33
C004841,DNI,52,premium,Miraflores,verified,low,2024-01-13,709.5
C004842,DNI,58,premium,Piura,verified,low,2023-12-27,3646.59
C004843,CE,33,mass_market,Cusco,verified,low,2024-11-13,2703.23
C004844,DNI,33,mass_market,Callao,verified,high,2024-07-01,1382.43
C004845,DNI,59,mass_market,Surco,verified,medium,2024-10-03,2243.66
C004846,DNI,23,mass_market,Surco,verified,medium,2024-07-26,3800.94
C004847,CE,37,premium,Arequipa,verified,low,2024-07-14,2434.55
C004848,DNI,73,mass_market,Trujillo,verified,medium,2024-01-31,2672.38
C004849,DNI,69,affluent,Lima,pending,low,2023-07-05,2394.31
C004850,DNI,69,mass_market,Callao,verified,low,2023-08-09,2164.04
C004851,DNI,28,premium,Arequipa,verified,low,2024-06-01,2148.58
C004852,DNI,25,mass_market,Miraflores,verified,low,2023-10-27,2114.17
C004853,DNI,37,affluent,Cusco,verified,medium,2023-06-24,1969.97
C004854,DNI,49,mass_market,Piura,verified,low,2024-01-06,1703.58
C004855,DNI,50,affluent,San Borja,rejected,low,2024-05-23,2419.12
C004856,DNI,23,mass_market,Callao,verified,low,2023-07-23,2096.53
C004857,DNI,45,mass_market,Lima,verified,low,2024-08-30,1653.36
C004858,DNI,25,premium,San Borja,verified,low,2023-10-09,4542.84
C004859,DNI,31,sme,La Molina,verified,medium,2024-10-08,5872.0
C004860,DNI,20,sme,Lima,verified,low,2024-02-20,2980.79
C004861,DNI,19,affluent,Arequipa,verified,low,2023-02-02,3091.96
C004862,DNI,39,sme,Lima,verified,low,2023-03-23,2036.71
C004863,DNI,50,mass_market,Cusco,rejected,low,2024-04-27,5360.79
C004864,DNI,60,mass_market,Piura,verified,low,2023-05-28,7754.28
C004865,DNI,38,mass_market,Miraflores,verified,low,2024-08-29,2724.15
C004866,DNI,23,affluent,San Borja,verified,low,2024-05-09,2237.7
C004867,DNI,57,mass_market,Lima,verified,low,2023-06-19,3596.84
C004868,DNI,24,mass_market,Cusco,verified,medium,2024-12-23,3200.02
C004869,DNI,23,affluent,Surco,verified,low,2024-12-03,2264.06
C004870,DNI,67,sme,Lima,verified,high,2023-01-07,3862.84
C004871,DNI,61,mass_market,Lima,verified,medium,2024-01-15,4993.97
C004872,DNI,25,mass_market,Trujillo,verified,low,2024-03-09,1934.88
C004873,DNI,41,mass_market,San Borja,verified,low,2023-02-03,12065.66
C004874,DNI,44,mass_market,Trujillo,verified,low,2024-07-16,1282.9
C004875,DNI,70,mass_market,Trujillo,verified,medium,2024-09-23,1866.03
C004876,DNI,68,affluent,Piura,verified,low,2023-05-18,3390.33
C004877,DNI,45,affluent,Cusco,verified,medium,2024-01-02,10257.66
C004878,DNI,73,affluent,Trujillo,verified,low,2023-04-16,2187.63
C004879,DNI,22,mass_market,Lima,verified,low,2023-02-01,1658.78
C004880,DNI,36,sme,Arequipa,verified,low,2024-09-27,4032.26
C004881,CE,26,mass_market,Arequipa,verified,low,2024-11-12,2600.02
C004882,DNI,42,mass_market,Surco,pending,low,2024-06-07,4297.94
C004883,DNI,61,sme,Arequipa,verified,low,2023-06-17,2867.14
C004884,DNI,64,mass_market,Surco,pending,medium,2023-03-19,1860.42
C004885,DNI,72,mass_market,Arequipa,verified,medium,2024-06-29,10849.58
C004886,DNI,62,sme,La Molina,pending,low,2023-07-28,587.04
C004887,PASSPORT,73,mass_market,Surco,verified,low,2024-02-15,8112.26
C004888,DNI,30,affluent,Callao,verified,low,2023-01-08,4980.54
C004889,DNI,70,mass_market,San Borja,pending,medium,2023-08-15,1978.17
C004890,DNI,70,affluent,San Borja,verified,low,2023-06-24,8348.45
C004891,DNI,54,mass_market,San Borja,verified,low,2023-03-22,1402.09
C004892,DNI,19,mass_market,Cusco,verified,low,2023-02-26,5189.85
C004893,DNI,68,affluent,Piura,verified,low,2023-05-15,948.18
C004894,DNI,57,mass_market,Miraflores,verified,high,2023-08-26,1587.26
C004895,DNI,31,mass_market,Piura,verified,medium,2024-04-16,1585.1
C004896,DNI,48,mass_market,Surco,verified,low,2023-08-05,1972.66
C004897,DNI,23,mass_market,Piura,verified,medium,2023-01-26,3000.01
C004898,CE,42,mass_market,Arequipa,pending,medium,2023-07-06,1892.61
C004899,CE,56,mass_market,Surco,verified,low,2024-09-21,972.6
C004900,DNI,63,sme,Piura,verified,medium,2024-12-09,3846.42
C004901,DNI,48,mass_market,Piura,verified,low,2023-04-26,3062.3
C004902,DNI,55,mass_market,Trujillo,verified,low,2024-09-05,3732.79
C004903,DNI,33,mass_market,La Molina,verified,low,2023-06-12,3276.58
C004904,CE,44,mass_market,Cusco,verified,high,2024-02-18,5038.33
C004905,DNI,47,premium,Surco,verified,low,2023-06-27,2859.74
C004906,DNI,21,mass_market,Miraflores,verified,medium,2023-10-07,5202.46
C004907,DNI,56,premium,San Borja,verified,low,2023-07-31,1945.68
C004908,DNI,33,mass_market,Lima,verified,low,2023-02-23,2007.67
C004909,DNI,53,affluent,Callao,verified,high,2023-03-08,6353.88
C004910,DNI,24,mass_market,Piura,verified,medium,2024-06-27,6283.09
C004911,DNI,38,sme,San Borja,verified,low,2024-06-03,4086.97
C004912,DNI,19,affluent,Arequipa,verified,low,2024-05-13,1828.02
C004913,DNI,72,mass_market,Callao,verified,low,2024-03-06,1748.83
C004914,DNI,25,mass_market,La Molina,verified,low,2024-12-27,6188.42
C004915,DNI,59,mass_market,San Borja,verified,low,2023-02-15,6002.71
C004916,DNI,44,sme,Trujillo,verified,low,2024-08-14,2878.52
C004917,DNI,19,mass_market,San Borja,verified,low,2023-02-04,10807.94
C004918,DNI,23,mass_market,La Molina,pending,low,2023-07-08,3836.8
C004919,DNI,21,affluent,San Borja,verified,low,2023-03-30,1621.39
C004920,DNI,38,mass_market,Piura,verified,low,2023-12-01,2561.64
C004921,DNI,18,premium,San Borja,verified,low,2023-05-16,2989.94
C004922,DNI,55,affluent,Trujillo,verified,medium,2024-06-29,3126.03
C004923,DNI,29,affluent,Cusco,verified,medium,2023-04-23,5928.35
C004924,CE,44,sme,La Molina,verified,low,2023-06-21,1761.71
C004925,DNI,31,mass_market,Trujillo,verified,low,2023-12-05,1433.2
C004926,DNI,32,mass_market,Surco,verified,low,2024-07-08,4151.72
C004927,PASSPORT,41,mass_market,San Borja,verified,medium,2024-06-08,2255.57
C004928,DNI,35,mass_market,Miraflores,verified,low,2023-06-23,11304.19
C004929,DNI,34,affluent,San Borja,verified,low,2024-09-28,5007.9
C004930,DNI,26,sme,La Molina,verified,high,2023-11-28,2232.85
C004931,DNI,64,mass_market,Callao,verified,low,2023-07-26,5808.45
C004932,DNI,35,mass_market,Trujillo,verified,low,2023-12-09,4454.75
C004933,DNI,73,premium,Miraflores,pending,low,2023-04-14,4223.98
C004934,DNI,70,mass_market,Surco,verified,low,2024-10-03,2787.12
C004935,DNI,35,mass_market,Arequipa,rejected,low,2023-02-09,3756.52
C004936,DNI,22,mass_market,Surco,verified,medium,2023-01-23,937.65
C004937,DNI,65,sme,Trujillo,verified,low,2023-09-09,6151.18
C004938,DNI,26,affluent,Callao,verified,low,2023-10-17,450.41
C004939,DNI,71,affluent,Trujillo,verified,low,2023-07-21,2337.49
C004940,DNI,52,sme,Lima,verified,medium,2023-06-04,1239.37
C004941,DNI,61,mass_market,Miraflores,verified,medium,2024-07-20,2263.19
C004942,DNI,73,mass_market,Callao,verified,low,2023-04-16,2861.88
C004943,DNI,63,sme,Miraflores,verified,low,2023-09-17,1543.43
C004944,PASSPORT,18,mass_market,Trujillo,verified,low,2023-07-19,648.1
C004945,DNI,58,affluent,Cusco,verified,low,2023-08-05,3340.53
C004946,DNI,26,premium,Miraflores,verified,low,2024-02-15,9391.33
C004947,DNI,49,affluent,Lima,verified,low,2024-07-12,2457.24
C004948,DNI,37,affluent,Piura,verified,high,2023-04-27,5052.47
C004949,DNI,30,sme,Callao,verified,low,2024-02-28,6818.62
C004950,DNI,57,sme,Lima,verified,low,2023-07-31,1048.36
C004951,DNI,28,mass_market,Lima,verified,low,2023-06-04,2318.09
C004952,DNI,63,mass_market,Arequipa,verified,low,2023-09-20,1477.32
C004953,DNI,65,mass_market,Cusco,pending,low,2024-05-21,1913.23
C004954,DNI,60,affluent,San Borja,verified,low,2023-05-31,7601.54
C004955,DNI,68,mass_market,Cusco,verified,low,2023-07-31,3371.2
C004956,DNI,71,affluent,La Molina,verified,medium,2023-07-11,4600.19
C004957,DNI,59,mass_market,Arequipa,verified,medium,2023-04-08,2909.85
C004958,DNI,43,affluent,Trujillo,pending,low,2024-06-24,1531.8
C004959,DNI,57,mass_market,Trujillo,verified,low,2024-12-01,4328.44
C004960,DNI,28,affluent,Surco,verified,low,2023-06-21,5936.75
C004961,DNI,42,mass_market,San Borja,verified,low,2024-01-06,3549.48
C004962,PASSPORT,57,mass_market,La Molina,verified,low,2024-12-09,3901.12
C004963,DNI,42,mass_market,Miraflores,verified,low,2023-06-04,1511.5
C004964,DNI,37,affluent,Cusco,verified,low,2023-05-20,4397.43
C004965,DNI,59,mass_market,Callao,verified,medium,2023-09-13,6249.82
C004966,DNI,66,mass_market,Lima,verified,low,2024-11-06,3723.88
C004967,DNI,72,premium,Miraflores,verified,medium,2024-10-07,1109.62
C004968,DNI,28,affluent,Surco,verified,low,2024-02-20,7329.01
C004969,DNI,61,premium,Cusco,verified,medium,2023-11-25,1772.86
C004970,DNI,27,mass_market,Callao,verified,low,2024-01-13,3689.63
C004971,DNI,69,mass_market,Surco,verified,medium,2023-09-23,5034.84
C004972,DNI,66,sme,Lima,pending,low,2024-06-24,5398.03
C004973,DNI,20,mass_market,Arequipa,verified,low,2023-05-19,1107.62
C004974,DNI,56,affluent,San Borja,verified,low,2024-08-19,3179.47
C004975,DNI,44,mass_market,Arequipa,verified,low,2024-05-26,3065.79
C004976,DNI,52,mass_market,Callao,verified,low,2023-09-06,6577.86
C004977,DNI,66,mass_market,Arequipa,verified,low,2023-11-04,3836.43
C004978,CE,72,mass_market,Callao,verified,low,2024-07-26,6610.83
C004979,DNI,57,mass_market,La Molina,verified,low,2023-08-07,4011.64
C004980,DNI,48,mass_market,La Molina,verified,low,2024-08-06,2861.81
C004981,DNI,38,premium,Piura,verified,medium,2023-10-20,3316.36
C004982,CE,39,mass_market,Piura,verified,medium,2024-02-14,6891.05
C004983,DNI,36,affluent,Arequipa,verified,low,2023-07-17,1460.72
C004984,DNI,31,sme,Trujillo,verified,low,2023-03-21,4906.3
C004985,DNI,54,affluent,Arequipa,verified,medium,2024-01-20,2110.78
C004986,DNI,68,mass_market,Arequipa,pending,medium,2023-05-17,1875.51
C004987,DNI,62,affluent,Trujillo,verified,low,2023-08-01,5233.76
C004988,DNI,67,affluent,San Borja,verified,medium,2024-09-10,1834.09
C004989,DNI,40,affluent,Cusco,verified,low,2023-07-26,3667.96
C004990,DNI,43,affluent,Trujillo,verified,low,2024-10-25,2278.07
C004991,DNI,60,premium,Callao,verified,low,2023-05-13,815.4
C004992,DNI,72,affluent,Cusco,verified,low,2023-06-15,3876.72
C004993,DNI,61,mass_market,Lima,verified,low,2024-05-17,3195.43
C004994,DNI,57,affluent,San Borja,verified,low,2024-03-05,1042.58
C004995,DNI,29,mass_market,Lima,verified,low,2023-06-29,2029.97
C004996,CE,18,sme,Piura,verified,medium,2023-05-01,1103.4
C004997,DNI,67,mass_market,Miraflores,pending,low,2023-06-23,4457.88
C004998,DNI,51,mass_market,La Molina,verified,low,2023-11-27,6395.8
C004999,PASSPORT,61,sme,Lima,verified,low,2023-03-09,4756.27
C005000,DNI,36,affluent,Surco,verified,low,2024-11-29,5135.96
C005001,DNI,40,mass_market,Arequipa,verified,medium,2023-05-18,2242.16
C005002,DNI,24,mass_market,Callao,verified,medium,2023-11-04,4027.13
C005003,DNI,24,sme,Lima,verified,low,2023-11-26,2966.13
C005004,DNI,18,mass_market,Lima,verified,low,2023-08-26,3300.81
C005005,CE,35,sme,Miraflores,verified,low,2024-06-13,5047.19
C005006,DNI,25,mass_market,Piura,verified,high,2023-03-17,5690.3
C005007,DNI,42,affluent,Arequipa,verified,low,2023-05-31,2405.79
C005008,DNI,59,sme,Arequipa,verified,low,2024-09-11,1374.43
C005009,DNI,46,mass_market,Miraflores,verified,low,2024-10-26,2689.01
C005010,DNI,40,mass_market,Trujillo,verified,medium,2023-11-12,2642.29
C005011,CE,46,mass_market,Miraflores,verified,low,2023-02-06,3486.06
C005012,CE,18,affluent,Surco,verified,low,2024-10-19,4713.32
C005013,CE,32,mass_market,Cusco,verified,low,2023-05-06,1040.0
C005014,DNI,32,affluent,Surco,verified,low,2024-09-11,2061.11
C005015,DNI,45,mass_market,Miraflores,verified,low,2023-10-13,1754.36
C005016,DNI,53,mass_market,La Molina,verified,low,2023-08-28,5931.26
C005017,DNI,59,mass_market,Trujillo,verified,low,2024-09-05,2658.18
C005018,DNI,57,mass_market,La Molina,verified,medium,2023-08-08,2248.26
C005019,DNI,49,affluent,Surco,verified,low,2023-01-07,4008.07
C005020,CE,63,sme,Arequipa,verified,low,2023-08-04,2151.34
C005021,DNI,30,affluent,Surco,verified,medium,2024-11-11,2956.15
C005022,DNI,38,mass_market,San Borja,verified,low,2024-08-08,8084.78
C005023,DNI,66,premium,Piura,verified,medium,2023-10-20,7962.19
C005024,DNI,56,affluent,Callao,verified,medium,2024-06-22,2382.58
C005025,DNI,55,premium,San Borja,verified,low,2024-04-28,2696.48
C005026,DNI,26,mass_market,Miraflores,verified,low,2023-02-12,2120.77
C005027,DNI,37,mass_market,Lima,verified,low,2023-11-03,1033.57
C005028,CE,37,mass_market,La Molina,verified,medium,2023-04-03,5270.62
C005029,DNI,25,affluent,Cusco,verified,low,2024-08-05,11290.74
C005030,DNI,31,mass_market,San Borja,verified,low,2023-09-26,2335.78
C005031,DNI,37,mass_market,Trujillo,verified,low,2024-09-12,1902.19
C005032,DNI,52,mass_market,La Molina,verified,medium,2024-11-23,2565.57
C005033,DNI,72,affluent,San Borja,verified,medium,2023-08-03,3123.71
C005034,DNI,62,affluent,Arequipa,verified,medium,2023-04-24,1596.32
C005035,DNI,38,mass_market,Callao,verified,low,2023-07-04,2316.56
C005036,DNI,58,mass_market,Surco,verified,low,2023-05-05,5209.26
C005037,DNI,70,affluent,Surco,rejected,low,2023-04-15,3197.29
C005038,DNI,58,premium,San Borja,verified,low,2023-08-25,5995.19
C005039,DNI,71,affluent,Miraflores,pending,low,2024-10-14,3643.22
C005040,DNI,39,premium,Trujillo,verified,low,2023-06-07,1637.78
C005041,DNI,60,affluent,Miraflores,verified,low,2024-04-18,2171.54
C005042,DNI,23,affluent,La Molina,verified,medium,2024-05-19,3417.37
C005043,DNI,72,mass_market,Piura,verified,low,2023-10-01,1607.73
C005044,DNI,61,affluent,Callao,verified,medium,2023-04-27,1497.01
C005045,DNI,44,affluent,Callao,pending,low,2024-07-27,1547.34
C005046,DNI,21,affluent,Surco,verified,low,2024-06-19,3958.78
C005047,DNI,21,mass_market,Callao,verified,low,2023-03-01,2437.11
C005048,DNI,74,mass_market,Miraflores,verified,low,2024-02-05,5712.11
C005049,DNI,45,mass_market,Trujillo,pending,low,2023-06-29,1820.69
C005050,DNI,72,mass_market,Trujillo,verified,low,2023-08-20,771.57
C005051,PASSPORT,44,mass_market,Surco,verified,medium,2024-04-20,2774.18
C005052,DNI,71,sme,San Borja,verified,medium,2024-10-16,7377.24
C005053,DNI,34,mass_market,Trujillo,verified,low,2023-09-02,3038.18
C005054,DNI,56,mass_market,Miraflores,verified,medium,2024-08-15,1401.57
C005055,DNI,55,mass_market,Lima,verified,low,2024-09-29,1220.05
C005056,CE,69,affluent,San Borja,verified,high,2024-10-10,5760.88
C005057,DNI,46,mass_market,Piura,verified,low,2024-07-21,1912.01
C005058,DNI,57,mass_market,Cusco,verified,high,2023-08-01,6960.37
C005059,CE,24,affluent,Arequipa,verified,medium,2024-08-28,4271.63
C005060,CE,25,mass_market,Callao,verified,medium,2024-04-03,1952.25
C005061,DNI,58,premium,Callao,verified,low,2023-05-08,5664.22
C005062,DNI,50,premium,Lima,verified,low,2023-08-05,1793.38
C005063,DNI,49,mass_market,San Borja,verified,low,2024-12-11,1344.75
C005064,DNI,52,mass_market,Surco,verified,low,2023-01-20,1850.65
C005065,DNI,35,affluent,Miraflores,verified,low,2024-07-20,4549.65
C005066,CE,68,mass_market,Lima,verified,high,2023-03-01,5574.08
C005067,DNI,60,mass_market,Arequipa,verified,low,2024-11-05,2397.51
C005068,DNI,33,mass_market,Trujillo,verified,low,2024-12-14,1066.81
C005069,DNI,35,premium,Surco,verified,low,2023-05-09,1266.2
C005070,DNI,55,mass_market,Cusco,verified,low,2024-07-10,1657.05
C005071,DNI,42,affluent,Surco,verified,low,2023-07-16,1463.08
C005072,DNI,51,affluent,Lima,verified,low,2024-05-06,3449.51
C005073,DNI,21,mass_market,Piura,verified,low,2024-11-08,8655.62
C005074,DNI,22,mass_market,Lima,verified,medium,2024-05-18,4617.82
C005075,DNI,70,premium,Lima,verified,low,2023-09-04,1602.74
C005076,DNI,31,mass_market,Lima,verified,medium,2023-09-17,2034.68
C005077,DNI,18,affluent,Surco,verified,high,2023-12-13,2265.14
C005078,DNI,39,mass_market,Lima,verified,low,2023-07-16,3692.53
C005079,DNI,63,mass_market,San Borja,verified,medium,2023-04-17,7074.06
C005080,DNI,38,mass_market,Surco,rejected,low,2024-09-04,2305.22
C005081,DNI,30,mass_market,Trujillo,verified,low,2023-06-09,6948.82
C005082,DNI,71,mass_market,San Borja,verified,low,2024-02-26,9482.0
C005083,CE,65,sme,Arequipa,verified,low,2024-08-29,2459.1
C005084,DNI,53,mass_market,Trujillo,verified,high,2023-07-26,2424.54
C005085,DNI,46,mass_market,Cusco,verified,low,2023-11-09,2444.66
C005086,DNI,55,mass_market,Callao,verified,low,2024-03-07,3085.19
C005087,DNI,26,affluent,Surco,verified,low,2023-08-23,2447.94
C005088,DNI,50,mass_market,Callao,verified,low,2023-11-23,4847.88
C005089,DNI,39,affluent,Surco,pending,medium,2024-04-23,1271.74
C005090,DNI,34,mass_market,Trujillo,verified,low,2024-03-03,2221.54
C005091,DNI,40,mass_market,Cusco,verified,low,2024-10-27,3572.59
C005092,DNI,53,mass_market,Miraflores,verified,low,2023-04-10,4810.45
C005093,DNI,23,sme,Miraflores,verified,low,2023-08-26,9970.71
C005094,DNI,65,mass_market,San Borja,verified,low,2023-04-17,1467.09
C005095,DNI,56,mass_market,Lima,verified,low,2023-12-30,2082.61
C005096,DNI,46,mass_market,Lima,verified,low,2024-10-03,857.03
C005097,DNI,44,sme,Miraflores,verified,medium,2024-05-07,1619.01
C005098,CE,22,mass_market,Trujillo,verified,low,2023-02-12,1126.75
C005099,DNI,26,mass_market,Cusco,verified,medium,2024-07-28,2237.88
C005100,DNI,41,mass_market,San Borja,verified,high,2023-03-14,2629.11
C005101,DNI,36,mass_market,Trujillo,verified,high,2024-11-28,3859.14
C005102,DNI,50,affluent,Lima,verified,low,2024-09-20,2529.48
C005103,DNI,47,affluent,San Borja,verified,high,2023-10-31,3860.17
C005104,DNI,57,mass_market,Callao,verified,medium,2023-01-05,3173.98
C005105,DNI,69,mass_market,La Molina,verified,medium,2024-08-10,1688.63
C005106,DNI,72,mass_market,Arequipa,rejected,low,2023-12-15,1179.15
C005107,DNI,21,mass_market,San Borja,verified,low,2024-02-04,4109.37
C005108,DNI,72,mass_market,Lima,rejected,high,2024-08-17,7372.98
C005109,CE,49,affluent,Trujillo,verified,low,2024-03-08,12021.62
C005110,DNI,66,premium,Callao,verified,low,2024-07-25,4986.55
C005111,DNI,18,premium,Arequipa,verified,low,2023-04-17,6645.09
C005112,DNI,51,sme,Arequipa,verified,medium,2023-04-27,3842.21
C005113,DNI,38,affluent,San Borja,verified,low,2024-01-18,3519.61
C005114,DNI,48,affluent,Arequipa,verified,medium,2023-03-23,3168.62
C005115,DNI,31,mass_market,Callao,pending,low,2024-10-14,2812.43
C005116,CE,43,affluent,Cusco,verified,low,2024-02-14,4162.59
C005117,DNI,39,mass_market,Trujillo,verified,low,2023-03-11,2238.75
C005118,DNI,51,mass_market,San Borja,verified,low,2024-01-22,2748.76
C005119,DNI,50,affluent,Arequipa,verified,low,2024-06-07,1559.5
C005120,DNI,74,mass_market,Cusco,verified,low,2023-10-24,3870.77
C005121,DNI,30,mass_market,Trujillo,verified,low,2024-09-08,1758.99
C005122,DNI,49,premium,Surco,verified,low,2024-12-19,3036.8
C005123,PASSPORT,72,mass_market,Cusco,verified,low,2023-03-06,3925.58
C005124,DNI,25,mass_market,Surco,verified,low,2024-07-28,4114.37
C005125,DNI,39,sme,Surco,verified,low,2023-06-27,4556.59
C005126,DNI,58,affluent,Cusco,verified,low,2023-01-08,2650.99
C005127,DNI,73,mass_market,Arequipa,pending,low,2023-06-08,3894.56
C005128,DNI,37,mass_market,Surco,pending,medium,2023-01-11,2280.97
C005129,DNI,38,mass_market,Arequipa,verified,low,2024-02-15,1008.3
C005130,DNI,51,sme,Arequipa,verified,low,2024-08-29,3990.49
C005131,DNI,66,affluent,Trujillo,verified,low,2023-06-04,3512.8
C005132,DNI,47,mass_market,Piura,verified,low,2023-07-25,5204.76
C005133,DNI,23,mass_market,Callao,verified,low,2023-04-25,2939.78
C005134,DNI,52,mass_market,Arequipa,pending,low,2024-01-14,1234.3
C005135,DNI,44,premium,Trujillo,verified,low,2024-08-21,2834.45
C005136,DNI,37,mass_market,La Molina,verified,low,2024-12-09,4854.3
C005137,DNI,66,affluent,Surco,verified,low,2023-12-16,3873.13
C005138,CE,55,mass_market,San Borja,rejected,low,2023-04-08,2749.82
C005139,DNI,57,affluent,Arequipa,pending,low,2023-01-19,1193.97
C005140,DNI,31,premium,Cusco,verified,low,2023-11-09,1695.43
C005141,DNI,27,affluent,Surco,verified,high,2024-06-11,3875.7
C005142,DNI,69,mass_market,Surco,verified,low,2024-07-10,1192.93
C005143,DNI,59,affluent,La Molina,verified,medium,2024-10-28,2502.3
C005144,DNI,32,affluent,San Borja,verified,low,2024-03-20,3044.62
C005145,DNI,57,mass_market,Trujillo,verified,medium,2023-08-19,5610.89
C005146,DNI,60,sme,La Molina,verified,low,2024-10-30,4179.6
C005147,DNI,65,affluent,Callao,verified,low,2024-09-16,5062.15
C005148,DNI,20,sme,Surco,verified,low,2023-12-25,3519.31
C005149,DNI,32,affluent,Arequipa,verified,low,2024-01-18,1872.49
C005150,DNI,62,mass_market,Arequipa,verified,low,2024-05-26,2127.04
C005151,DNI,48,mass_market,La Molina,verified,low,2023-02-13,1784.76
C005152,DNI,28,mass_market,Callao,verified,low,2023-12-31,4125.45
C005153,DNI,63,sme,Miraflores,verified,low,2024-09-13,2035.19
C005154,DNI,56,affluent,Lima,pending,low,2023-04-21,2400.18
C005155,DNI,36,affluent,Cusco,verified,low,2023-08-11,3018.06
C005156,DNI,32,mass_market,Cusco,verified,low,2024-01-21,7351.96
C005157,DNI,55,mass_market,Miraflores,verified,low,2023-09-22,4278.78
C005158,DNI,37,affluent,Surco,verified,low,2023-09-28,1948.73
C005159,DNI,39,mass_market,Trujillo,verified,medium,2023-07-31,3240.61
C005160,DNI,24,mass_market,San Borja,verified,medium,2024-05-10,7392.5
C005161,DNI,73,affluent,Miraflores,verified,low,2023-11-10,4181.18
C005162,DNI,31,mass_market,Callao,pending,low,2024-01-22,1237.64
C005163,DNI,71,mass_market,Arequipa,verified,low,2023-09-04,1801.94
C005164,DNI,21,mass_market,Lima,verified,low,2024-07-20,1727.51
C005165,DNI,26,mass_market,Surco,verified,medium,2023-12-16,6584.02
C005166,DNI,56,premium,Lima,verified,low,2023-03-13,5948.86
C005167,CE,42,mass_market,San Borja,verified,low,2023-10-23,2113.77
C005168,DNI,64,mass_market,Arequipa,verified,low,2023-08-01,2088.87
C005169,CE,52,mass_market,Callao,verified,high,2023-10-22,3055.14
C005170,DNI,54,affluent,Cusco,verified,medium,2023-06-20,3105.93
C005171,DNI,66,mass_market,San Borja,verified,medium,2023-09-03,1755.87
C005172,DNI,44,affluent,Miraflores,verified,low,2023-05-21,2599.25
C005173,DNI,45,mass_market,Cusco,pending,low,2024-09-07,1340.13
C005174,DNI,41,mass_market,Cusco,verified,medium,2024-09-08,6001.57
C005175,DNI,50,mass_market,Callao,verified,low,2023-08-28,1132.09
C005176,DNI,50,sme,Miraflores,verified,low,2023-11-07,1125.19
C005177,DNI,33,sme,La Molina,verified,low,2024-02-20,3786.78
C005178,DNI,40,mass_market,San Borja,verified,low,2024-02-02,1509.78
C005179,DNI,63,mass_market,Trujillo,pending,low,2023-01-22,2263.05
C005180,DNI,28,sme,Piura,pending,medium,2023-03-19,3086.35
C005181,DNI,63,mass_market,Arequipa,verified,low,2024-04-19,4321.75
C005182,DNI,57,sme,Callao,verified,medium,2024-12-07,2639.66
C005183,DNI,36,mass_market,Arequipa,verified,medium,2023-12-19,7931.08
C005184,CE,51,premium,San Borja,verified,high,2024-01-06,2980.24
C005185,DNI,40,affluent,Miraflores,verified,low,2023-01-21,5738.41
C005186,CE,27,premium,Trujillo,verified,low,2024-05-21,3474.5
C005187,DNI,54,affluent,Piura,verified,high,2023-06-09,9625.44
C005188,CE,64,mass_market,Lima,verified,low,2023-12-27,5335.3
C005189,DNI,18,premium,Trujillo,verified,low,2024-07-09,3053.09
C005190,DNI,19,mass_market,Callao,verified,low,2023-10-24,4212.69
C005191,DNI,68,mass_market,Arequipa,verified,low,2023-12-18,2582.6
C005192,DNI,39,affluent,Trujillo,verified,low,2023-06-29,2568.31
C005193,DNI,34,affluent,Surco,verified,low,2024-04-16,1455.53
C005194,DNI,64,premium,Miraflores,verified,low,2024-01-30,1911.14
C005195,DNI,41,mass_market,Miraflores,verified,low,2024-09-04,9260.69
C005196,DNI,67,affluent,Surco,verified,medium,2024-09-18,1537.3
C005197,CE,38,affluent,Cusco,verified,low,2023-08-01,2078.66
C005198,DNI,57,mass_market,Cusco,verified,low,2024-06-13,2831.2
C005199,DNI,46,mass_market,San Borja,verified,high,2024-01-30,2883.54
C005200,DNI,70,mass_market,La Molina,verified,low,2023-01-27,3681.4
C005201,DNI,31,mass_market,Lima,verified,medium,2024-03-24,2303.04
C005202,DNI,25,premium,Surco,verified,low,2024-03-13,3808.37
C005203,DNI,47,affluent,San Borja,verified,low,2023-10-12,5587.64
C005204,DNI,39,affluent,Arequipa,verified,low,2024-10-22,5982.82
C005205,DNI,40,premium,Surco,verified,low,2024-10-10,2573.1
C005206,DNI,57,mass_market,La Molina,verified,low,2023-07-08,4172.37
C005207,DNI,68,sme,Surco,verified,low,2024-12-02,1587.04
C005208,DNI,30,mass_market,La Molina,verified,low,2023-07-18,2004.31
C005209,DNI,45,sme,La Molina,verified,medium,2023-04-12,1563.13
C005210,DNI,47,mass_market,La Molina,pending,low,2024-04-23,2906.89
C005211,DNI,22,premium,Miraflores,verified,medium,2024-08-25,1858.32
C005212,DNI,27,mass_market,Trujillo,verified,low,2023-08-12,1291.58
C005213,DNI,56,mass_market,Miraflores,verified,low,2024-05-31,2410.76
C005214,DNI,26,affluent,San Borja,verified,high,2024-06-10,1152.03
C005215,DNI,31,mass_market,Miraflores,verified,high,2024-03-16,6185.46
C005216,DNI,55,affluent,Miraflores,pending,low,2024-05-31,2193.74
C005217,DNI,27,mass_market,Arequipa,verified,medium,2023-08-18,5125.19
C005218,DNI,50,affluent,Surco,verified,low,2023-04-24,2274.15
C005219,DNI,28,mass_market,Miraflores,verified,low,2024-05-30,1545.01
C005220,CE,57,mass_market,Piura,verified,low,2023-07-03,5690.41
C005221,DNI,23,mass_market,La Molina,verified,high,2024-12-25,3130.0
C005222,DNI,34,mass_market,Surco,verified,high,2023-02-03,8415.24
C005223,DNI,53,mass_market,Cusco,verified,low,2023-10-23,2306.33
C005224,CE,23,mass_market,Arequipa,verified,medium,2024-03-28,2333.88
C005225,DNI,64,mass_market,Trujillo,verified,medium,2024-12-08,5180.39
C005226,DNI,27,mass_market,Arequipa,verified,low,2024-05-19,5200.26
C005227,DNI,66,affluent,La Molina,verified,low,2024-02-10,3243.43
C005228,DNI,59,sme,Surco,verified,low,2023-05-07,18664.85
C005229,DNI,22,mass_market,Trujillo,rejected,low,2023-05-22,2554.7
C005230,DNI,36,affluent,Lima,verified,medium,2024-10-09,1482.96
C005231,DNI,24,affluent,Callao,verified,low,2023-05-08,1717.45
C005232,DNI,41,mass_market,Arequipa,pending,low,2024-11-16,2562.9
C005233,DNI,68,affluent,Trujillo,verified,low,2024-12-30,6872.8
C005234,DNI,59,mass_market,San Borja,verified,low,2024-09-17,2690.58
C005235,CE,36,mass_market,Trujillo,verified,low,2023-12-16,7053.85
C005236,DNI,28,mass_market,Callao,verified,low,2024-06-07,3785.5
C005237,DNI,20,affluent,La Molina,rejected,low,2024-04-07,5409.18
C005238,DNI,47,affluent,Surco,verified,low,2023-09-01,3688.38
C005239,DNI,60,mass_market,Lima,verified,medium,2024-07-17,3672.35
C005240,DNI,55,mass_market,San Borja,verified,low,2023-07-05,4509.72
C005241,DNI,23,premium,Trujillo,verified,low,2023-08-21,2182.68
C005242,CE,64,mass_market,Piura,pending,low,2024-05-28,2195.92
C005243,DNI,52,mass_market,Miraflores,verified,low,2023-01-01,3612.85
C005244,DNI,39,sme,La Molina,verified,medium,2023-08-27,8669.89
C005245,DNI,74,affluent,Arequipa,verified,low,2023-02-24,1277.4
C005246,CE,28,affluent,Arequipa,pending,medium,2024-05-09,976.47
C005247,DNI,25,affluent,Callao,verified,low,2024-09-07,2578.44
C005248,DNI,44,sme,La Molina,verified,low,2024-02-22,5255.16
C005249,DNI,46,mass_market,San Borja,verified,medium,2024-03-23,3066.39
C005250,DNI,72,mass_market,Cusco,verified,low,2023-12-04,1566.92
C005251,DNI,72,mass_market,Lima,verified,low,2023-10-04,3113.5
C005252,DNI,25,premium,San Borja,verified,high,2023-01-10,1149.25
C005253,DNI,40,affluent,Lima,verified,low,2023-12-07,4212.89
C005254,DNI,46,mass_market,Surco,verified,low,2023-04-14,2514.91
C005255,DNI,33,sme,Surco,verified,low,2023-12-11,2849.45
C005256,DNI,52,mass_market,La Molina,verified,low,2024-01-05,3770.46
C005257,DNI,25,mass_market,La Molina,verified,medium,2023-07-17,3338.01
C005258,DNI,25,mass_market,Arequipa,pending,low,2023-01-14,2213.45
C005259,DNI,62,mass_market,Miraflores,verified,high,2024-11-10,5263.16
C005260,DNI,50,sme,Callao,verified,low,2023-12-04,4620.75
C005261,DNI,59,mass_market,Miraflores,verified,low,2024-06-25,1123.43
C005262,DNI,22,sme,San Borja,verified,low,2024-04-01,2626.39
C005263,DNI,54,affluent,Arequipa,rejected,low,2024-06-09,1645.57
C005264,DNI,34,mass_market,Lima,verified,low,2024-03-11,1484.11
C005265,DNI,39,premium,Cusco,verified,low,2024-01-01,4001.1
C005266,DNI,31,mass_market,Trujillo,verified,medium,2024-02-05,2367.07
C005267,DNI,55,mass_market,Piura,verified,low,2024-07-27,2755.83
C005268,DNI,49,mass_market,Surco,verified,low,2024-04-26,2062.5
C005269,DNI,31,sme,Miraflores,pending,medium,2023-04-20,3654.07
C005270,DNI,61,mass_market,Callao,verified,high,2024-02-10,4329.0
C005271,DNI,37,mass_market,Cusco,verified,low,2023-11-05,9834.38
C005272,DNI,39,mass_market,Cusco,verified,medium,2023-06-09,2698.53
C005273,DNI,47,mass_market,Surco,verified,low,2023-02-24,1343.95
C005274,DNI,71,affluent,Piura,verified,low,2023-09-13,2259.41
C005275,DNI,50,mass_market,La Molina,verified,medium,2024-06-17,4749.92
C005276,DNI,22,mass_market,Cusco,verified,medium,2024-02-26,1948.95
C005277,DNI,35,mass_market,San Borja,verified,medium,2024-09-06,1319.26
C005278,DNI,63,mass_market,San Borja,verified,medium,2023-09-21,1971.4
C005279,DNI,24,premium,La Molina,verified,low,2023-08-21,2223.08
C005280,DNI,46,mass_market,Lima,verified,low,2024-11-10,1643.42
C005281,DNI,74,premium,Arequipa,verified,low,2023-08-21,3359.72
C005282,DNI,64,mass_market,La Molina,verified,low,2024-05-31,2854.17
C005283,DNI,26,mass_market,Piura,verified,low,2023-02-14,4602.42
C005284,DNI,64,sme,San Borja,verified,low,2024-07-11,2332.69
C005285,DNI,65,mass_market,Cusco,verified,medium,2024-11-06,4051.88
C005286,DNI,58,affluent,San Borja,verified,medium,2024-11-11,2273.9
C005287,DNI,24,premium,Trujillo,verified,low,2024-03-11,1601.53
C005288,DNI,24,mass_market,Arequipa,verified,low,2023-12-01,2211.31
C005289,DNI,66,mass_market,Callao,verified,low,2024-02-08,1224.09
C005290,DNI,60,affluent,Trujillo,verified,low,2023-06-13,7970.63
C005291,DNI,23,mass_market,Lima,verified,high,2023-09-13,3223.99
C005292,DNI,63,mass_market,Surco,verified,low,2023-03-07,1924.7
C005293,DNI,64,mass_market,Trujillo,verified,low,2023-03-29,2421.87
C005294,DNI,70,mass_market,Lima,verified,medium,2023-08-28,774.52
C005295,DNI,57,affluent,Lima,verified,medium,2023-11-07,6560.97
C005296,DNI,73,mass_market,Callao,pending,low,2024-07-24,6217.36
C005297,DNI,44,mass_market,Surco,verified,low,2024-11-12,3162.59
C005298,DNI,21,affluent,Miraflores,verified,medium,2023-09-15,3553.56
C005299,DNI,18,mass_market,La Molina,pending,low,2024-07-11,1484.42
C005300,DNI,23,mass_market,Cusco,verified,medium,2024-05-28,1544.98
C005301,DNI,48,affluent,Piura,verified,low,2024-03-09,1172.02
C005302,DNI,18,mass_market,Piura,pending,low,2023-05-09,2728.24
C005303,DNI,70,affluent,Piura,verified,low,2023-11-22,5343.14
C005304,DNI,22,sme,Miraflores,verified,low,2023-01-17,2414.46
C005305,DNI,36,mass_market,La Molina,verified,low,2024-11-29,3609.17
C005306,DNI,22,mass_market,Piura,verified,low,2023-12-08,5106.96
C005307,DNI,71,mass_market,La Molina,verified,low,2024-09-19,1220.17
C005308,DNI,22,mass_market,Cusco,verified,low,2023-09-06,8226.05
C005309,DNI,66,sme,Piura,verified,low,2024-12-10,5633.73
C005310,DNI,48,sme,Surco,verified,low,2023-06-26,3954.62
C005311,DNI,61,mass_market,Lima,verified,high,2023-12-23,4955.49
C005312,DNI,24,affluent,Piura,pending,low,2024-05-09,5085.21
C005313,DNI,32,premium,La Molina,verified,low,2023-02-04,3501.52
C005314,DNI,68,premium,Lima,verified,low,2024-02-11,6539.09
C005315,DNI,72,mass_market,Callao,verified,medium,2024-10-08,2323.98
C005316,DNI,70,mass_market,Piura,verified,low,2023-01-10,3842.95
C005317,DNI,30,mass_market,Piura,verified,low,2024-11-25,6166.6
C005318,DNI,29,premium,Trujillo,verified,low,2024-12-14,678.47
C005319,DNI,36,mass_market,Lima,pending,medium,2024-06-14,3792.88
C005320,PASSPORT,30,affluent,Piura,verified,low,2024-06-18,4440.55
C005321,DNI,44,mass_market,Surco,verified,low,2023-04-05,1164.86
C005322,DNI,55,mass_market,Cusco,verified,low,2024-07-29,3480.74
C005323,DNI,50,mass_market,Lima,verified,low,2024-03-25,1926.5
C005324,DNI,23,premium,Cusco,verified,low,2023-08-08,3707.98
C005325,DNI,30,mass_market,Arequipa,verified,low,2023-04-06,2829.2
C005326,DNI,30,affluent,La Molina,pending,low,2024-01-16,1771.39
C005327,DNI,30,mass_market,Callao,verified,low,2024-10-30,5487.98
C005328,DNI,37,mass_market,Trujillo,verified,low,2023-07-26,2368.23
C005329,CE,53,mass_market,Surco,pending,low,2023-09-03,3458.12
C005330,DNI,54,mass_market,Callao,verified,low,2024-12-11,6140.9
C005331,DNI,62,mass_market,Trujillo,verified,medium,2024-05-24,1800.5
C005332,DNI,26,mass_market,Callao,pending,low,2023-03-24,2994.18
C005333,DNI,34,mass_market,Callao,verified,low,2023-11-13,2270.08
C005334,DNI,52,mass_market,San Borja,verified,low,2024-10-06,2566.51
C005335,DNI,69,premium,La Molina,verified,low,2023-04-15,9758.04
C005336,DNI,35,premium,Miraflores,verified,low,2024-01-05,3832.32
C005337,DNI,42,mass_market,Trujillo,verified,low,2024-08-03,3542.1
C005338,DNI,32,affluent,Surco,verified,low,2024-11-26,3976.86
C005339,PASSPORT,40,sme,Lima,verified,high,2024-09-21,3776.84
C005340,DNI,18,mass_market,Callao,verified,low,2023-06-29,1092.04
C005341,DNI,58,sme,Callao,verified,low,2024-08-24,10543.01
C005342,DNI,55,premium,Trujillo,verified,low,2024-08-22,1332.21
C005343,DNI,35,mass_market,Arequipa,verified,low,2023-03-24,7730.48
C005344,DNI,18,mass_market,Miraflores,verified,low,2024-06-15,4187.71
C005345,DNI,71,premium,Callao,verified,low,2024-09-10,3292.59
C005346,DNI,56,mass_market,Piura,verified,low,2024-05-15,2519.92
C005347,DNI,27,mass_market,San Borja,verified,medium,2023-12-14,12491.93
C005348,DNI,48,mass_market,Cusco,verified,low,2023-09-29,4156.67
C005349,DNI,55,mass_market,San Borja,verified,low,2023-11-27,3010.1
C005350,DNI,24,affluent,Miraflores,verified,medium,2024-09-01,2220.76
C005351,DNI,55,affluent,Piura,verified,low,2024-07-22,2079.05
C005352,DNI,25,premium,San Borja,verified,low,2024-10-22,3065.1
C005353,DNI,51,mass_market,Cusco,verified,low,2024-01-24,1786.78
C005354,DNI,26,mass_market,Lima,verified,low,2023-05-17,4332.1
C005355,DNI,42,mass_market,La Molina,verified,low,2023-12-27,2089.95
C005356,DNI,44,mass_market,Lima,verified,low,2023-10-09,5180.86
C005357,DNI,58,mass_market,La Molina,rejected,medium,2023-07-21,5117.51
C005358,DNI,24,premium,Arequipa,verified,low,2024-06-14,2891.44
C005359,DNI,49,sme,Arequipa,verified,medium,2023-01-16,4101.74
C005360,DNI,26,mass_market,Arequipa,verified,medium,2024-07-21,4216.24
C005361,DNI,34,affluent,San Borja,verified,low,2023-04-24,1333.71
C005362,DNI,52,mass_market,Arequipa,verified,medium,2023-03-09,7726.65
C005363,CE,65,mass_market,La Molina,verified,low,2024-08-12,2589.81
C005364,DNI,33,affluent,Lima,verified,medium,2023-01-30,4370.21
C005365,DNI,19,mass_market,Trujillo,verified,low,2024-06-02,4438.15
C005366,DNI,60,premium,Callao,verified,medium,2024-10-25,758.05
C005367,DNI,48,affluent,La Molina,verified,low,2023-01-22,2077.02
C005368,DNI,33,mass_market,Lima,verified,medium,2024-03-06,4732.47
C005369,DNI,64,affluent,Lima,verified,low,2023-01-30,3084.79
C005370,DNI,50,mass_market,Callao,verified,low,2024-11-09,4354.36
C005371,DNI,38,mass_market,Piura,verified,low,2024-10-21,3136.31
C005372,DNI,34,mass_market,Trujillo,rejected,low,2024-02-14,5861.5
C005373,DNI,52,mass_market,Piura,verified,low,2023-02-18,3173.91
C005374,DNI,71,affluent,Piura,pending,low,2023-11-21,6524.04
C005375,DNI,71,mass_market,Lima,verified,low,2024-05-02,1738.86
C005376,DNI,68,affluent,Cusco,verified,low,2023-10-25,2778.87
C005377,DNI,69,affluent,Surco,verified,low,2023-06-30,2150.88
C005378,DNI,24,mass_market,La Molina,verified,low,2023-05-02,3691.36
C005379,DNI,71,sme,San Borja,verified,medium,2023-05-04,2557.36
C005380,DNI,46,mass_market,Piura,verified,low,2024-03-28,2627.45
C005381,DNI,28,mass_market,Arequipa,verified,low,2023-09-23,2023.08
C005382,DNI,47,mass_market,San Borja,verified,low,2023-01-28,2313.68
C005383,DNI,35,mass_market,Miraflores,verified,medium,2023-09-16,2964.16
C005384,DNI,74,mass_market,Cusco,verified,low,2023-03-18,980.69
C005385,DNI,63,affluent,San Borja,verified,low,2024-03-07,840.53
C005386,CE,33,mass_market,Callao,verified,low,2024-12-06,3079.52
C005387,DNI,23,mass_market,Surco,verified,high,2023-02-04,649.99
C005388,DNI,19,premium,Trujillo,verified,low,2024-03-11,2680.54
C005389,DNI,72,affluent,Callao,verified,medium,2023-04-24,2422.51
C005390,DNI,60,sme,Piura,verified,low,2023-03-03,4016.32
C005391,DNI,60,mass_market,Cusco,verified,medium,2023-02-21,2059.85
C005392,CE,27,affluent,Cusco,verified,low,2023-04-26,7067.3
C005393,DNI,21,sme,Piura,verified,low,2023-02-16,4752.8
C005394,DNI,66,affluent,Surco,verified,low,2024-03-13,1297.56
C005395,CE,27,affluent,Lima,verified,medium,2024-02-16,2549.39
C005396,DNI,26,mass_market,San Borja,verified,low,2023-04-11,6904.66
C005397,DNI,62,mass_market,Arequipa,verified,low,2023-10-06,2031.04
C005398,DNI,60,mass_market,Piura,pending,low,2023-04-17,2895.49
C005399,DNI,59,mass_market,Arequipa,verified,low,2023-02-04,6452.8
C005400,DNI,41,sme,San Borja,verified,low,2023-12-25,2214.26
C005401,DNI,22,mass_market,Surco,verified,low,2023-01-02,5528.32
C005402,DNI,52,premium,Lima,verified,low,2024-05-06,1807.14
C005403,CE,21,premium,Trujillo,verified,low,2023-09-29,609.0
C005404,DNI,52,mass_market,Surco,verified,medium,2023-05-24,5858.75
C005405,DNI,59,mass_market,Arequipa,pending,low,2024-03-10,3794.49
C005406,DNI,73,sme,Cusco,verified,medium,2024-03-26,3934.39
C005407,DNI,30,premium,Cusco,verified,low,2024-08-26,1634.14
C005408,DNI,54,mass_market,Miraflores,pending,low,2024-07-19,1707.28
C005409,DNI,49,mass_market,La Molina,verified,low,2023-08-16,5612.44
C005410,DNI,62,mass_market,Callao,pending,low,2024-06-28,3407.6
C005411,DNI,73,affluent,Callao,verified,low,2023-08-02,2794.47
C005412,DNI,18,mass_market,Piura,verified,low,2024-10-09,3366.1
C005413,DNI,74,affluent,Arequipa,verified,medium,2023-09-05,6834.09
C005414,DNI,28,mass_market,Callao,verified,low,2024-02-12,4438.31
C005415,DNI,43,mass_market,Callao,verified,low,2023-02-22,2296.05
C005416,DNI,20,mass_market,Surco,verified,low,2024-07-29,1377.58
C005417,DNI,66,mass_market,Trujillo,verified,medium,2023-11-10,4119.26
C005418,DNI,68,mass_market,Arequipa,verified,low,2024-01-09,1793.31
C005419,DNI,30,mass_market,Miraflores,pending,medium,2023-02-06,1555.72
C005420,DNI,49,mass_market,Trujillo,verified,low,2024-12-24,6146.65
C005421,DNI,65,mass_market,Miraflores,verified,medium,2024-06-07,4816.6
C005422,DNI,67,mass_market,Arequipa,verified,low,2023-03-25,3685.37
C005423,DNI,40,premium,Lima,verified,low,2023-04-04,1508.52
C005424,DNI,69,mass_market,Lima,rejected,medium,2024-02-19,7975.23
C005425,DNI,40,mass_market,Callao,verified,low,2023-12-08,5249.44
C005426,DNI,68,affluent,Piura,verified,low,2024-12-19,2522.28
C005427,DNI,47,premium,Cusco,verified,low,2024-07-03,2245.3
C005428,DNI,23,mass_market,Surco,verified,low,2024-02-25,3112.46
C005429,DNI,72,affluent,Callao,verified,low,2023-12-14,2291.29
C005430,DNI,24,affluent,La Molina,verified,low,2024-12-15,10061.98
C005431,DNI,64,affluent,Lima,verified,low,2024-08-09,2411.39
C005432,DNI,47,mass_market,Callao,verified,high,2023-05-08,1656.83
C005433,DNI,54,affluent,Cusco,verified,low,2023-06-01,7141.15
C005434,DNI,65,mass_market,Miraflores,verified,low,2024-06-05,2179.86
C005435,DNI,49,affluent,Miraflores,verified,low,2023-02-07,4594.14
C005436,DNI,23,affluent,San Borja,verified,low,2024-03-02,4321.96
C005437,DNI,52,mass_market,Surco,verified,low,2023-04-15,2886.47
C005438,DNI,49,sme,Piura,verified,low,2023-06-14,1745.6
C005439,DNI,29,mass_market,Miraflores,verified,low,2024-06-27,2903.0
C005440,DNI,21,sme,San Borja,verified,high,2023-07-31,1566.46
C005441,DNI,49,mass_market,Lima,verified,high,2024-06-09,2942.32
C005442,DNI,71,mass_market,Miraflores,verified,low,2023-05-12,4559.78
C005443,DNI,52,mass_market,Piura,verified,low,2023-06-01,7667.75
C005444,DNI,65,premium,Callao,verified,medium,2023-04-06,1638.74
C005445,DNI,33,mass_market,Cusco,verified,low,2024-05-17,2597.35
C005446,CE,72,mass_market,La Molina,verified,medium,2024-06-05,2233.56
C005447,DNI,68,mass_market,Miraflores,verified,medium,2024-01-09,3465.31
C005448,DNI,32,affluent,La Molina,verified,low,2023-01-16,1290.78
C005449,DNI,58,mass_market,La Molina,verified,low,2024-11-09,1788.68
C005450,DNI,69,mass_market,La Molina,verified,medium,2024-08-30,1175.43
C005451,DNI,19,mass_market,Trujillo,verified,medium,2023-01-18,1351.45
C005452,DNI,23,mass_market,La Molina,pending,low,2024-02-13,2073.01
C005453,DNI,31,mass_market,Trujillo,verified,low,2023-01-07,7472.5
C005454,DNI,58,mass_market,Cusco,verified,medium,2024-11-26,3608.98
C005455,CE,46,affluent,La Molina,verified,low,2023-09-02,3089.45
C005456,DNI,59,mass_market,San Borja,verified,low,2024-08-16,6252.82
C005457,CE,43,mass_market,La Molina,verified,low,2024-10-04,3681.14
C005458,DNI,35,mass_market,Arequipa,verified,high,2023-05-09,3876.42
C005459,DNI,64,premium,Surco,verified,medium,2024-03-30,2298.1
C005460,DNI,21,premium,San Borja,pending,medium,2024-08-08,2099.53
C005461,DNI,54,sme,Piura,verified,low,2024-07-24,1449.36
C005462,DNI,74,mass_market,Miraflores,verified,low,2023-03-13,2141.8
C005463,DNI,72,mass_market,Cusco,verified,medium,2023-06-09,2554.76
C005464,DNI,70,mass_market,Cusco,verified,low,2023-03-28,3603.26
C005465,DNI,55,mass_market,Arequipa,verified,medium,2024-02-05,2921.3
C005466,DNI,42,mass_market,Arequipa,pending,low,2024-04-06,2438.68
C005467,DNI,64,affluent,Arequipa,verified,medium,2024-06-12,1805.47
C005468,PASSPORT,69,sme,Arequipa,verified,medium,2023-03-30,3712.72
C005469,DNI,46,sme,Arequipa,verified,low,2024-10-22,2267.04
C005470,DNI,51,mass_market,Lima,verified,low,2023-01-06,3621.3
C005471,DNI,33,affluent,Callao,verified,low,2024-08-18,1040.75
C005472,DNI,54,mass_market,Cusco,verified,medium,2023-03-25,3586.86
C005473,CE,47,mass_market,Arequipa,verified,low,2023-09-07,4495.35
C005474,CE,40,affluent,Miraflores,pending,medium,2024-10-27,4191.2
C005475,CE,53,mass_market,Lima,verified,low,2024-02-20,2675.27
C005476,DNI,45,mass_market,San Borja,verified,low,2023-03-13,4931.63
C005477,PASSPORT,18,mass_market,San Borja,verified,low,2024-09-12,1480.11
C005478,DNI,25,affluent,Trujillo,verified,low,2023-04-22,2838.23
C005479,CE,70,affluent,Callao,verified,high,2023-06-21,2680.16
C005480,DNI,59,mass_market,San Borja,verified,low,2024-11-29,5271.23
C005481,DNI,32,sme,Arequipa,verified,low,2023-09-30,981.15
C005482,DNI,51,mass_market,Cusco,verified,low,2024-06-13,1665.75
C005483,DNI,36,mass_market,Trujillo,verified,low,2024-11-10,7793.05
C005484,DNI,61,affluent,Surco,verified,low,2023-11-15,783.04
C005485,DNI,47,affluent,Lima,verified,low,2023-03-23,4665.42
C005486,DNI,27,premium,Surco,verified,medium,2023-03-16,2028.03
C005487,DNI,61,mass_market,Surco,verified,low,2024-03-04,3429.21
C005488,DNI,70,affluent,Arequipa,verified,low,2024-04-04,6487.16
C005489,DNI,44,affluent,Surco,verified,low,2023-12-12,3502.61
C005490,DNI,37,sme,Surco,verified,medium,2023-09-06,6561.62
C005491,CE,42,mass_market,San Borja,verified,low,2024-10-04,2273.8
C005492,DNI,26,affluent,Piura,verified,high,2024-01-22,2445.25
C005493,DNI,57,affluent,Trujillo,verified,low,2024-12-13,4595.18
C005494,DNI,51,mass_market,Surco,verified,low,2023-12-29,2340.95
C005495,DNI,38,mass_market,Callao,verified,low,2023-10-23,4140.37
C005496,DNI,41,mass_market,Miraflores,verified,low,2023-03-09,5716.39
C005497,DNI,73,affluent,Trujillo,verified,medium,2024-03-13,4805.83
C005498,PASSPORT,24,sme,Callao,verified,low,2024-06-15,1250.88
C005499,DNI,21,affluent,Miraflores,pending,low,2024-08-27,2470.66
C005500,CE,68,affluent,Surco,verified,low,2023-05-13,3480.77
C005501,DNI,25,mass_market,Piura,verified,low,2023-10-22,2606.75
C005502,DNI,73,mass_market,La Molina,verified,low,2023-10-23,3113.96
C005503,DNI,30,mass_market,Cusco,rejected,low,2024-10-08,3506.2
C005504,DNI,38,mass_market,Callao,verified,low,2023-02-02,2231.41
C005505,CE,52,mass_market,Surco,verified,low,2024-01-09,2680.1
C005506,DNI,22,mass_market,Trujillo,verified,low,2023-02-01,1556.87
C005507,DNI,69,mass_market,San Borja,verified,medium,2024-07-08,2292.02
C005508,DNI,25,mass_market,Surco,verified,medium,2023-11-01,1287.33
C005509,DNI,19,mass_market,La Molina,verified,low,2023-04-18,3178.21
C005510,DNI,41,mass_market,Surco,verified,low,2023-04-06,2680.42
C005511,DNI,59,mass_market,Surco,verified,low,2023-03-07,1801.39
C005512,DNI,71,premium,Cusco,pending,medium,2024-06-04,7957.68
C005513,PASSPORT,33,sme,San Borja,verified,low,2023-08-18,2604.57
C005514,DNI,21,affluent,Callao,verified,low,2023-12-24,3489.82
C005515,DNI,47,mass_market,Arequipa,verified,low,2024-02-06,2098.03
C005516,DNI,63,affluent,Arequipa,verified,low,2023-04-09,2373.47
C005517,DNI,47,sme,Trujillo,verified,low,2023-09-28,3563.25
C005518,DNI,52,affluent,Piura,verified,low,2023-12-28,2483.1
C005519,DNI,59,mass_market,Surco,verified,low,2023-06-13,2986.38
C005520,DNI,30,affluent,Trujillo,verified,low,2024-06-11,4645.96
C005521,DNI,54,sme,Piura,verified,low,2023-06-18,2241.91
C005522,DNI,71,affluent,Callao,verified,low,2023-01-21,1432.69
C005523,DNI,66,affluent,Callao,verified,low,2024-06-23,1287.62
C005524,DNI,66,mass_market,San Borja,rejected,medium,2024-08-17,6575.73
C005525,DNI,28,mass_market,Arequipa,verified,low,2024-02-01,4974.75
C005526,DNI,36,mass_market,Arequipa,verified,medium,2023-02-05,4275.64
C005527,DNI,35,affluent,Trujillo,verified,low,2024-05-09,2345.31
C005528,DNI,34,mass_market,Cusco,verified,low,2023-11-10,1431.97
C005529,CE,28,mass_market,Arequipa,verified,medium,2024-05-04,2552.26
C005530,DNI,32,mass_market,Cusco,verified,medium,2023-10-03,2831.76
C005531,DNI,25,mass_market,Cusco,verified,low,2023-08-21,1599.82
C005532,DNI,61,mass_market,Callao,verified,medium,2024-09-07,1328.34
C005533,DNI,46,affluent,San Borja,verified,low,2024-03-11,1150.93
C005534,DNI,34,affluent,Trujillo,verified,low,2023-01-06,4279.39
C005535,DNI,43,mass_market,Miraflores,pending,low,2024-06-18,1536.18
C005536,DNI,73,mass_market,Trujillo,verified,low,2024-11-12,3533.96
C005537,DNI,22,mass_market,Cusco,verified,low,2024-10-25,2395.17
C005538,DNI,21,sme,Piura,verified,low,2023-09-01,4122.85
C005539,DNI,73,mass_market,Piura,verified,low,2023-08-29,3585.68
C005540,DNI,41,mass_market,San Borja,verified,low,2024-07-11,2623.95
C005541,DNI,28,mass_market,Callao,verified,high,2023-09-30,3202.7
C005542,DNI,47,affluent,Callao,verified,low,2023-03-16,2805.44
C005543,DNI,57,sme,Cusco,verified,low,2023-10-10,2125.07
C005544,DNI,65,sme,Cusco,pending,low,2024-12-08,5110.46
C005545,DNI,65,affluent,La Molina,verified,low,2024-06-18,2362.11
C005546,CE,52,mass_market,La Molina,verified,low,2023-03-28,2841.91
C005547,DNI,61,mass_market,Cusco,verified,low,2024-09-24,1368.79
C005548,DNI,73,mass_market,Arequipa,verified,low,2023-05-29,3465.89
C005549,DNI,62,mass_market,Trujillo,verified,medium,2023-05-30,2130.65
C005550,DNI,50,mass_market,Arequipa,verified,low,2024-07-30,2293.27
C005551,DNI,53,mass_market,Callao,verified,low,2023-06-09,1878.52
C005552,DNI,38,mass_market,Miraflores,pending,low,2024-03-21,2784.44
C005553,DNI,55,premium,Trujillo,verified,low,2023-03-23,988.75
C005554,DNI,22,affluent,Arequipa,verified,low,2023-01-07,4338.55
C005555,DNI,22,sme,Arequipa,verified,low,2023-07-01,2918.24
C005556,DNI,38,affluent,Lima,verified,medium,2024-06-09,2305.36
C005557,DNI,42,mass_market,Trujillo,pending,medium,2024-04-22,1272.16
C005558,DNI,27,affluent,Miraflores,verified,low,2023-07-02,3782.67
C005559,DNI,36,mass_market,San Borja,verified,low,2023-11-10,2103.0
C005560,DNI,49,affluent,San Borja,verified,high,2024-07-09,6114.07
C005561,DNI,35,mass_market,Arequipa,verified,low,2023-06-23,3895.1
C005562,DNI,51,premium,Cusco,verified,high,2023-01-14,6933.09
C005563,DNI,65,mass_market,Miraflores,verified,medium,2023-10-27,3214.2
C005564,DNI,32,mass_market,Miraflores,verified,medium,2023-03-14,5392.71
C005565,DNI,41,premium,Callao,verified,low,2024-05-28,3844.98
C005566,DNI,22,mass_market,Piura,verified,low,2024-12-22,2326.13
C005567,DNI,70,affluent,Lima,verified,low,2024-08-24,3304.25
C005568,DNI,71,affluent,Callao,verified,medium,2023-12-09,1884.29
C005569,DNI,49,sme,Miraflores,verified,low,2024-01-31,9300.55
C005570,DNI,26,premium,Surco,verified,medium,2023-11-29,2820.09
C005571,DNI,72,premium,Cusco,verified,low,2023-12-21,3024.24
C005572,DNI,22,mass_market,Miraflores,verified,low,2024-07-12,3694.1
C005573,PASSPORT,22,sme,Lima,verified,medium,2023-06-12,1639.55
C005574,DNI,58,affluent,Miraflores,verified,low,2023-04-26,6165.68
C005575,DNI,58,affluent,Trujillo,pending,low,2024-02-07,1696.07
C005576,DNI,51,mass_market,Trujillo,verified,low,2023-03-20,1497.71
C005577,DNI,24,affluent,La Molina,pending,low,2024-03-22,2720.07
C005578,DNI,43,premium,Lima,verified,low,2023-01-08,1474.96
C005579,CE,18,sme,Arequipa,verified,low,2023-01-23,7037.92
C005580,DNI,69,mass_market,Piura,verified,low,2024-06-26,2625.73
C005581,DNI,51,mass_market,Arequipa,verified,medium,2024-02-18,506.92
C005582,DNI,43,mass_market,Piura,verified,medium,2024-11-12,3327.48
C005583,DNI,74,sme,Piura,verified,low,2024-10-03,4041.73
C005584,DNI,49,affluent,Piura,verified,low,2024-02-13,2364.24
C005585,DNI,29,mass_market,San Borja,verified,low,2024-10-30,1414.11
C005586,DNI,23,mass_market,Piura,verified,medium,2023-01-22,2816.31
C005587,DNI,37,mass_market,Miraflores,verified,low,2024-09-29,2287.15
C005588,CE,36,mass_market,Surco,verified,high,2024-02-07,1743.13
C005589,DNI,33,premium,Lima,verified,low,2024-11-11,1660.54
C005590,CE,21,affluent,Surco,verified,medium,2024-11-08,3248.44
C005591,DNI,49,mass_market,La Molina,verified,low,2023-06-06,4898.39
C005592,CE,35,mass_market,Miraflores,verified,medium,2023-11-26,3842.39
C005593,DNI,22,mass_market,Piura,verified,low,2023-01-22,1152.4
C005594,DNI,74,premium,San Borja,verified,low,2024-04-16,4181.87
C005595,DNI,71,mass_market,Callao,verified,low,2023-09-21,4559.01
C005596,DNI,67,mass_market,Arequipa,pending,medium,2023-10-30,6415.89
C005597,DNI,23,mass_market,Trujillo,verified,low,2024-12-24,1767.92
C005598,DNI,74,affluent,Lima,verified,low,2024-04-09,2889.59
C005599,CE,31,affluent,Surco,verified,low,2023-06-13,4073.01
C005600,DNI,69,affluent,Miraflores,pending,low,2023-05-16,2230.2
C005601,DNI,66,mass_market,Callao,verified,low,2023-09-09,4038.18
C005602,DNI,35,mass_market,Cusco,verified,high,2023-07-24,2941.83
C005603,DNI,70,mass_market,Cusco,verified,low,2023-10-29,1871.41
C005604,DNI,27,affluent,Trujillo,verified,low,2023-08-30,1961.21
C005605,DNI,40,mass_market,Cusco,verified,low,2023-03-02,5926.03
C005606,DNI,73,affluent,Arequipa,verified,medium,2024-04-09,1723.25
C005607,DNI,68,sme,La Molina,verified,high,2023-10-29,1568.07
C005608,CE,74,sme,Cusco,verified,low,2024-04-16,3602.59
C005609,DNI,35,mass_market,Trujillo,verified,low,2024-01-29,2931.25
C005610,DNI,21,mass_market,La Molina,verified,low,2024-08-29,1448.97
C005611,DNI,69,mass_market,Arequipa,verified,low,2024-10-21,2240.2
C005612,DNI,49,affluent,Trujillo,verified,low,2023-09-16,1902.21
C005613,PASSPORT,64,sme,Cusco,verified,low,2024-06-25,2094.53
C005614,DNI,23,mass_market,Piura,verified,low,2024-06-13,11952.95
C005615,DNI,43,mass_market,Lima,pending,low,2023-07-06,2523.95
C005616,DNI,23,sme,Cusco,verified,low,2023-07-31,1835.94
C005617,DNI,52,sme,Trujillo,pending,high,2023-02-04,9063.25
C005618,DNI,58,mass_market,Lima,verified,low,2023-05-27,4858.77
C005619,DNI,60,affluent,Lima,verified,low,2023-10-09,4441.09
C005620,DNI,22,mass_market,La Molina,verified,low,2024-06-30,1885.22
C005621,CE,31,mass_market,Arequipa,verified,low,2024-08-10,5740.58
C005622,CE,19,sme,Cusco,verified,low,2024-08-06,4670.17
C005623,DNI,71,sme,Callao,verified,medium,2023-09-06,3232.14
C005624,DNI,68,affluent,Piura,verified,low,2023-02-26,1159.84
C005625,DNI,57,mass_market,Arequipa,verified,low,2023-11-01,2948.48
C005626,DNI,30,sme,Callao,verified,low,2024-06-05,7719.17
C005627,DNI,68,mass_market,Callao,verified,low,2024-12-25,3365.09
C005628,DNI,22,mass_market,Surco,verified,low,2023-12-27,2423.44
C005629,DNI,64,mass_market,La Molina,verified,medium,2023-08-25,2628.97
C005630,DNI,53,mass_market,San Borja,verified,low,2023-08-22,2730.97
C005631,DNI,53,affluent,Miraflores,verified,medium,2023-08-11,1920.25
C005632,DNI,67,affluent,Miraflores,verified,medium,2024-09-07,2914.1
C005633,DNI,73,mass_market,La Molina,verified,low,2023-11-23,6591.29
C005634,DNI,36,mass_market,La Molina,verified,low,2023-04-08,6193.16
C005635,DNI,37,mass_market,Callao,pending,low,2023-08-14,1968.67
C005636,DNI,39,mass_market,La Molina,verified,low,2024-05-03,6013.39
C005637,CE,48,affluent,Callao,verified,low,2024-04-22,4530.68
C005638,DNI,58,sme,Arequipa,verified,low,2023-11-30,4223.15
C005639,DNI,64,mass_market,San Borja,verified,low,2024-07-08,3780.27
C005640,DNI,61,mass_market,Surco,verified,low,2024-05-26,1787.0
C005641,DNI,21,affluent,Callao,verified,low,2024-01-17,2384.95
C005642,DNI,20,sme,La Molina,verified,low,2024-02-27,4713.12
C005643,DNI,54,mass_market,Lima,verified,low,2023-12-14,1534.9
C005644,DNI,42,mass_market,Cusco,verified,low,2023-06-02,1681.72
C005645,DNI,66,affluent,Miraflores,verified,medium,2024-03-27,3527.73
C005646,DNI,54,mass_market,San Borja,verified,low,2023-10-17,1930.93
C005647,CE,21,mass_market,Cusco,verified,low,2023-04-29,4689.78
C005648,DNI,70,affluent,Trujillo,verified,low,2023-08-02,1968.8
C005649,DNI,56,affluent,La Molina,verified,low,2024-07-18,3409.8
C005650,DNI,24,affluent,Callao,verified,low,2024-03-14,3570.42
C005651,PASSPORT,24,affluent,Surco,verified,high,2024-07-18,2286.66
C005652,DNI,66,affluent,Lima,verified,low,2024-09-20,2612.84
C005653,DNI,42,mass_market,Surco,verified,high,2024-03-22,2050.82
C005654,CE,32,mass_market,Cusco,verified,medium,2023-02-11,2950.61
C005655,DNI,24,mass_market,Lima,verified,low,2024-01-30,1756.49
C005656,DNI,64,mass_market,Piura,verified,low,2023-09-04,2636.14
C005657,DNI,69,affluent,Miraflores,verified,medium,2023-10-18,4499.27
C005658,DNI,21,sme,La Molina,verified,low,2023-09-05,1595.25
C005659,DNI,51,premium,Trujillo,pending,low,2024-09-04,2280.41
C005660,CE,71,affluent,Cusco,verified,low,2024-08-21,3964.14
C005661,CE,62,mass_market,Callao,verified,low,2024-03-24,950.79
C005662,DNI,61,mass_market,Miraflores,verified,low,2023-03-25,8271.5
C005663,DNI,59,sme,Trujillo,verified,low,2023-08-09,5296.98
C005664,DNI,36,affluent,Surco,verified,high,2024-10-27,1279.1
C005665,DNI,64,affluent,Miraflores,verified,low,2023-02-20,937.01
C005666,DNI,66,affluent,Trujillo,verified,medium,2024-07-03,3029.91
C005667,DNI,70,affluent,Trujillo,verified,low,2023-07-06,1609.8
C005668,DNI,55,sme,Surco,verified,low,2024-06-08,5058.48
C005669,DNI,44,mass_market,Trujillo,verified,medium,2023-08-11,3702.27
C005670,DNI,22,affluent,San Borja,verified,medium,2024-04-09,3190.26
C005671,DNI,70,sme,Lima,pending,low,2024-02-23,2178.43
C005672,DNI,30,mass_market,San Borja,verified,low,2023-03-28,7186.82
C005673,DNI,63,affluent,Surco,verified,low,2023-09-16,4511.56
C005674,DNI,73,mass_market,Arequipa,pending,medium,2023-06-30,4153.64
C005675,DNI,31,premium,Miraflores,verified,low,2023-11-07,5767.71
C005676,DNI,47,mass_market,Piura,verified,low,2023-06-22,1702.11
C005677,DNI,64,affluent,Callao,verified,low,2023-11-18,6042.7
C005678,DNI,65,mass_market,Callao,verified,low,2024-12-07,2577.22
C005679,DNI,27,affluent,Cusco,verified,medium,2023-12-06,3583.52
C005680,CE,49,mass_market,Cusco,verified,low,2024-05-10,2735.16
C005681,DNI,18,mass_market,Surco,verified,low,2023-09-02,1061.22
C005682,DNI,41,mass_market,Cusco,verified,medium,2024-05-19,5046.96
C005683,DNI,46,sme,Callao,verified,medium,2023-11-25,1092.84
C005684,DNI,60,mass_market,San Borja,pending,low,2023-07-15,1751.83
C005685,DNI,24,mass_market,Piura,verified,high,2023-03-03,2323.77
C005686,CE,48,affluent,Callao,pending,low,2023-01-25,1017.91
C005687,DNI,34,mass_market,San Borja,verified,high,2024-07-17,1627.27
C005688,DNI,47,sme,Arequipa,verified,medium,2024-07-15,3410.63
C005689,DNI,42,mass_market,Surco,verified,low,2024-01-13,2463.51
C005690,DNI,45,affluent,La Molina,verified,low,2023-10-22,2577.86
C005691,DNI,53,mass_market,Arequipa,verified,low,2023-02-21,1802.17
C005692,DNI,24,mass_market,Arequipa,verified,low,2023-02-09,3057.64
C005693,DNI,52,affluent,Callao,verified,low,2024-07-25,2492.68
C005694,DNI,73,affluent,Surco,verified,low,2024-12-28,1208.9
C005695,DNI,37,affluent,Lima,verified,low,2024-04-01,2669.09
C005696,DNI,31,mass_market,Trujillo,verified,medium,2024-12-09,1505.6
C005697,DNI,67,mass_market,Arequipa,verified,low,2023-01-02,4884.07
C005698,DNI,67,mass_market,Cusco,verified,low,2024-04-13,2403.48
C005699,DNI,73,premium,San Borja,verified,low,2023-04-16,11930.32
C005700,DNI,47,mass_market,Lima,verified,low,2023-08-04,5073.55
C005701,DNI,73,mass_market,Surco,verified,low,2024-11-09,2774.85
C005702,DNI,18,mass_market,La Molina,verified,medium,2024-02-18,4099.88
C005703,DNI,55,affluent,Piura,verified,low,2023-07-29,944.46
C005704,DNI,58,mass_market,Lima,pending,low,2023-02-27,5060.95
C005705,DNI,42,sme,La Molina,verified,low,2023-02-12,1898.54
C005706,DNI,51,mass_market,Callao,verified,low,2023-05-18,3131.77
C005707,DNI,25,sme,Miraflores,pending,low,2024-09-12,1997.81
C005708,DNI,73,mass_market,Trujillo,pending,low,2024-05-03,2118.1
C005709,DNI,37,affluent,Callao,verified,low,2024-07-13,2698.3
C005710,CE,47,sme,Surco,verified,medium,2024-09-29,3109.63
C005711,DNI,21,mass_market,Miraflores,verified,low,2024-04-13,2937.15
C005712,DNI,38,premium,La Molina,verified,low,2024-12-26,2977.71
C005713,DNI,44,mass_market,Miraflores,verified,high,2024-10-01,1219.11
C005714,DNI,27,premium,Piura,verified,low,2024-01-24,10749.64
C005715,DNI,40,affluent,Cusco,verified,low,2023-07-17,3386.63
C005716,CE,50,mass_market,Cusco,pending,high,2023-07-21,3792.05
C005717,DNI,28,mass_market,Callao,verified,high,2023-07-11,2472.55
C005718,DNI,58,mass_market,Callao,verified,low,2023-04-17,1843.12
C005719,DNI,36,mass_market,Surco,verified,low,2024-12-06,3239.16
C005720,DNI,28,mass_market,Surco,verified,low,2023-11-23,3495.05
C005721,DNI,21,mass_market,San Borja,verified,medium,2024-10-05,6099.7
C005722,DNI,40,mass_market,Piura,verified,medium,2023-12-23,9345.87
C005723,PASSPORT,22,affluent,Surco,rejected,low,2024-08-17,6716.77
C005724,DNI,70,mass_market,Arequipa,verified,medium,2024-05-15,1128.23
C005725,DNI,66,mass_market,Piura,verified,low,2023-10-11,2314.09
C005726,DNI,67,affluent,San Borja,verified,low,2024-04-12,3585.67
C005727,DNI,22,mass_market,Cusco,verified,medium,2024-05-22,2391.9
C005728,DNI,35,mass_market,Lima,verified,low,2023-04-16,2909.96
C005729,DNI,34,mass_market,San Borja,verified,low,2023-10-21,916.15
C005730,DNI,20,premium,San Borja,verified,high,2023-03-07,4928.63
C005731,DNI,60,sme,Callao,verified,low,2023-07-14,1062.63
C005732,CE,66,mass_market,Trujillo,verified,low,2023-07-07,1255.3
C005733,DNI,25,affluent,Miraflores,pending,medium,2023-02-16,1706.04
C005734,DNI,73,mass_market,Cusco,verified,high,2023-12-28,2825.26
C005735,DNI,57,affluent,La Molina,verified,medium,2024-06-20,1221.09
C005736,DNI,40,affluent,La Molina,verified,low,2024-07-31,1663.67
C005737,DNI,40,affluent,Surco,verified,low,2024-05-01,5607.83
C005738,DNI,19,mass_market,Cusco,verified,low,2024-08-01,2802.32
C005739,DNI,74,mass_market,Arequipa,verified,low,2024-12-09,3783.67
C005740,CE,56,mass_market,Surco,verified,high,2023-09-03,1510.3
C005741,DNI,38,sme,Surco,verified,medium,2024-09-03,2893.99
C005742,DNI,69,affluent,San Borja,verified,low,2023-06-27,2766.32
C005743,PASSPORT,41,sme,Cusco,verified,low,2023-04-25,1924.85
C005744,DNI,70,premium,Miraflores,verified,medium,2024-11-10,2898.38
C005745,DNI,55,mass_market,Surco,verified,medium,2024-09-22,1052.93
C005746,CE,37,affluent,Trujillo,pending,low,2023-06-14,3794.22
C005747,DNI,67,affluent,Piura,verified,low,2023-08-07,2392.94
C005748,DNI,56,premium,Arequipa,verified,low,2023-07-16,2587.71
C005749,DNI,67,premium,Arequipa,rejected,medium,2024-02-05,4762.23
C005750,DNI,44,affluent,Surco,verified,low,2024-11-11,3780.53
C005751,CE,61,mass_market,Trujillo,pending,low,2023-03-17,2502.17
C005752,DNI,56,affluent,Piura,verified,low,2024-03-01,1613.04
C005753,DNI,24,mass_market,Lima,verified,low,2023-10-14,6190.45
C005754,DNI,50,affluent,Callao,verified,low,2024-06-28,1426.43
C005755,DNI,46,sme,Callao,verified,high,2023-10-26,4213.93
C005756,DNI,27,mass_market,Callao,verified,high,2024-12-07,1238.22
C005757,CE,27,affluent,San Borja,verified,medium,2023-10-21,4938.57
C005758,DNI,29,mass_market,Arequipa,verified,medium,2024-03-22,5196.97
C005759,DNI,20,mass_market,La Molina,verified,low,2024-02-18,1041.13
C005760,DNI,20,mass_market,La Molina,verified,low,2024-03-06,3816.67
C005761,DNI,30,affluent,San Borja,verified,medium,2023-08-18,3646.7
C005762,DNI,62,premium,Surco,verified,low,2023-04-06,4388.21
C005763,DNI,48,premium,Cusco,verified,low,2024-03-14,3644.16
C005764,DNI,44,mass_market,Cusco,verified,low,2023-06-20,1755.88
C005765,DNI,23,sme,Callao,verified,low,2023-11-13,2645.25
C005766,DNI,44,affluent,Cusco,verified,low,2024-06-27,7446.92
C005767,DNI,52,mass_market,Surco,verified,low,2024-05-05,1620.84
C005768,DNI,64,mass_market,Lima,verified,low,2024-01-23,3560.2
C005769,CE,26,mass_market,San Borja,verified,low,2024-07-10,5614.96
C005770,DNI,70,sme,Lima,pending,medium,2023-03-13,1728.63
C005771,DNI,23,affluent,Arequipa,rejected,low,2024-06-15,1367.54
C005772,DNI,23,affluent,Cusco,verified,low,2023-08-27,1485.7
C005773,DNI,57,mass_market,Piura,verified,low,2024-12-11,3704.24
C005774,DNI,43,affluent,Callao,verified,medium,2024-07-30,1478.77
C005775,DNI,60,mass_market,San Borja,verified,low,2024-11-30,2767.09
C005776,DNI,36,mass_market,Callao,rejected,low,2023-03-30,6337.24
C005777,DNI,33,affluent,Cusco,verified,high,2024-12-13,2898.01
C005778,DNI,58,mass_market,Miraflores,verified,low,2024-06-18,1943.42
C005779,DNI,40,sme,Cusco,verified,low,2024-10-03,3193.83
C005780,DNI,28,mass_market,San Borja,verified,low,2023-06-03,2870.47
C005781,PASSPORT,33,affluent,La Molina,verified,low,2024-08-12,3823.65
C005782,DNI,46,mass_market,San Borja,verified,high,2023-07-09,7262.86
C005783,DNI,55,affluent,Trujillo,verified,low,2024-02-19,3707.91
C005784,DNI,66,mass_market,Piura,verified,low,2023-06-03,9123.24
C005785,DNI,65,mass_market,Cusco,verified,low,2024-09-16,3829.22
C005786,DNI,37,sme,Trujillo,verified,low,2023-12-05,1954.65
C005787,DNI,38,mass_market,La Molina,verified,low,2024-09-20,10494.08
C005788,DNI,45,sme,Surco,verified,low,2024-05-31,2783.18
C005789,DNI,67,premium,Surco,verified,low,2023-02-04,1668.72
C005790,DNI,50,mass_market,Piura,verified,low,2024-11-01,10700.55
C005791,DNI,67,mass_market,Arequipa,verified,medium,2024-12-22,1991.78
C005792,DNI,57,affluent,Piura,verified,low,2024-06-09,1949.22
C005793,PASSPORT,43,premium,Piura,verified,low,2024-06-20,2201.05
C005794,DNI,71,sme,Piura,verified,low,2023-08-06,3263.46
C005795,DNI,27,mass_market,Piura,verified,medium,2023-09-11,4973.97
C005796,DNI,51,affluent,Piura,verified,low,2023-07-22,694.48
C005797,DNI,26,mass_market,Lima,verified,low,2023-04-11,4962.06
C005798,DNI,73,premium,La Molina,verified,low,2023-12-27,2197.35
C005799,DNI,53,premium,San Borja,verified,low,2024-12-11,2375.37
C005800,DNI,28,mass_market,Cusco,verified,low,2023-06-27,7656.85
C005801,DNI,27,mass_market,Trujillo,verified,low,2023-10-03,3352.02
C005802,DNI,63,mass_market,Piura,verified,low,2023-11-08,3813.24
C005803,DNI,24,mass_market,Arequipa,verified,medium,2024-10-03,2902.4
C005804,DNI,68,sme,Callao,verified,low,2024-02-14,4536.92
C005805,DNI,55,mass_market,Cusco,verified,low,2023-10-15,7258.34
C005806,DNI,33,mass_market,Callao,verified,low,2024-10-14,764.11
C005807,CE,68,mass_market,Trujillo,verified,low,2024-06-08,5412.9
C005808,DNI,43,premium,Trujillo,verified,low,2024-02-05,6980.45
C005809,DNI,49,affluent,Cusco,verified,low,2023-08-05,3926.82
C005810,DNI,48,mass_market,Arequipa,verified,low,2024-11-28,2053.81
C005811,DNI,68,mass_market,Lima,verified,low,2024-04-14,1581.69
C005812,DNI,49,premium,Surco,verified,low,2023-01-27,10927.25
C005813,DNI,62,sme,Trujillo,pending,medium,2024-12-30,1812.13
C005814,DNI,29,mass_market,Arequipa,verified,low,2024-02-26,6868.51
C005815,DNI,44,mass_market,Trujillo,verified,medium,2023-01-14,3695.17
C005816,DNI,74,mass_market,Miraflores,verified,high,2024-05-15,9183.9
C005817,DNI,39,mass_market,Surco,verified,low,2024-10-15,2502.28
C005818,DNI,32,affluent,Trujillo,verified,high,2023-11-21,1231.31
C005819,DNI,25,premium,Arequipa,verified,low,2023-11-20,2984.52
C005820,DNI,21,mass_market,Trujillo,pending,low,2024-07-20,1316.13
C005821,DNI,69,sme,Callao,verified,low,2024-12-03,12995.82
C005822,DNI,25,mass_market,Cusco,verified,low,2023-10-12,4214.24
C005823,DNI,40,affluent,Cusco,verified,low,2023-03-30,4573.22
C005824,CE,70,affluent,Trujillo,verified,low,2023-02-14,4574.82
C005825,DNI,33,mass_market,Arequipa,verified,low,2024-10-05,2035.56
C005826,DNI,65,mass_market,Callao,verified,low,2024-05-12,2772.16
C005827,DNI,51,affluent,Lima,verified,low,2024-05-12,3167.51
C005828,DNI,39,mass_market,Lima,verified,high,2024-07-31,8683.14
C005829,DNI,66,mass_market,Callao,verified,high,2024-10-21,1577.5
C005830,DNI,40,mass_market,San Borja,pending,high,2023-05-25,1996.76
C005831,DNI,74,premium,Arequipa,verified,medium,2024-06-01,2441.55
C005832,DNI,22,mass_market,Lima,verified,low,2023-03-23,2058.01
C005833,DNI,54,sme,San Borja,verified,low,2024-09-26,1336.21
C005834,DNI,61,mass_market,Arequipa,verified,low,2023-06-16,673.45
C005835,DNI,24,affluent,Callao,verified,high,2023-04-15,1091.42
C005836,PASSPORT,54,affluent,Piura,verified,low,2024-05-02,5455.97
C005837,DNI,43,sme,San Borja,verified,low,2023-11-06,2967.51
C005838,DNI,45,mass_market,San Borja,verified,low,2023-03-23,4719.92
C005839,DNI,21,affluent,Trujillo,verified,low,2023-04-04,2163.79
C005840,DNI,66,affluent,La Molina,verified,low,2023-11-17,2824.02
C005841,DNI,49,mass_market,La Molina,verified,low,2023-12-09,7238.99
C005842,DNI,55,mass_market,Arequipa,verified,low,2023-12-27,7002.32
C005843,DNI,63,mass_market,Trujillo,verified,low,2023-03-07,5004.46
C005844,DNI,26,mass_market,Cusco,verified,medium,2024-09-15,3332.01
C005845,DNI,53,sme,Surco,verified,medium,2024-03-04,3963.5
C005846,DNI,43,mass_market,Piura,verified,low,2024-02-05,3655.0
C005847,DNI,28,mass_market,Surco,verified,medium,2023-06-20,2719.46
C005848,DNI,37,affluent,San Borja,verified,medium,2024-07-31,2386.53
C005849,DNI,70,mass_market,Miraflores,verified,low,2023-03-09,5526.46
C005850,DNI,65,mass_market,Lima,verified,medium,2024-05-06,1461.77
C005851,CE,65,mass_market,Lima,verified,medium,2023-02-03,6755.06
C005852,CE,65,premium,Trujillo,verified,low,2023-01-01,2561.91
C005853,DNI,55,sme,La Molina,verified,low,2023-05-31,1447.03
C005854,DNI,32,sme,Miraflores,verified,low,2023-09-15,2208.29
C005855,DNI,52,mass_market,Trujillo,verified,medium,2024-09-19,1842.86
C005856,DNI,26,affluent,San Borja,pending,low,2024-08-10,2171.95
C005857,DNI,50,mass_market,Miraflores,verified,low,2023-01-19,2150.22
C005858,DNI,28,mass_market,Lima,verified,low,2023-02-04,2103.73
C005859,DNI,39,mass_market,Arequipa,verified,low,2024-01-06,2516.5
C005860,DNI,23,affluent,San Borja,verified,low,2024-05-05,2876.63
C005861,DNI,73,mass_market,Trujillo,rejected,low,2023-08-29,4537.46
C005862,DNI,54,mass_market,Cusco,verified,medium,2023-01-07,2605.23
C005863,DNI,74,mass_market,Callao,verified,medium,2024-07-02,3566.4
C005864,DNI,74,mass_market,San Borja,verified,low,2024-01-06,2993.33
C005865,DNI,67,affluent,San Borja,verified,low,2024-10-26,4013.1
C005866,DNI,38,mass_market,Cusco,verified,low,2023-09-07,3058.47
C005867,DNI,29,affluent,Piura,verified,medium,2023-04-25,2088.6
C005868,DNI,24,mass_market,Arequipa,verified,low,2024-07-06,1799.01
C005869,DNI,19,sme,Cusco,verified,low,2023-12-03,3346.35
C005870,DNI,56,affluent,Surco,verified,high,2024-07-27,6005.06
C005871,CE,58,mass_market,Surco,verified,medium,2024-11-11,2628.01
C005872,DNI,41,mass_market,San Borja,verified,low,2023-05-22,2027.43
C005873,DNI,43,affluent,Piura,verified,low,2024-04-29,2589.2
C005874,CE,42,sme,Lima,verified,low,2024-03-13,2189.07
C005875,DNI,37,mass_market,Piura,verified,medium,2023-03-29,2065.57
C005876,CE,57,mass_market,Surco,verified,low,2024-04-07,1347.52
C005877,DNI,58,sme,Piura,verified,low,2023-02-17,2606.01
C005878,DNI,59,affluent,Piura,verified,low,2024-04-25,3393.7
C005879,DNI,61,mass_market,Arequipa,verified,low,2024-06-07,1644.11
C005880,DNI,19,mass_market,San Borja,verified,low,2023-07-30,1838.88
C005881,DNI,59,mass_market,Arequipa,verified,low,2023-09-01,1769.7
C005882,DNI,52,affluent,Lima,verified,low,2023-08-27,1390.37
C005883,DNI,50,mass_market,Lima,verified,low,2023-07-16,1762.39
C005884,DNI,34,premium,Surco,verified,low,2023-08-23,2673.59
C005885,DNI,39,mass_market,Trujillo,verified,low,2023-07-06,1424.92
C005886,DNI,18,mass_market,Cusco,verified,low,2024-12-13,2763.77
C005887,DNI,54,affluent,La Molina,verified,low,2024-09-06,2024.53
C005888,DNI,47,sme,San Borja,verified,low,2023-10-17,1788.37
C005889,DNI,63,sme,Trujillo,verified,medium,2023-08-09,3668.23
C005890,DNI,23,mass_market,San Borja,verified,low,2024-05-11,2096.3
C005891,DNI,58,affluent,Cusco,verified,low,2024-05-10,2301.91
C005892,DNI,71,affluent,Cusco,verified,low,2023-10-29,6086.96
C005893,DNI,31,mass_market,Miraflores,verified,low,2023-07-06,1797.17
C005894,DNI,53,mass_market,Arequipa,pending,medium,2024-03-25,7053.16
C005895,DNI,50,mass_market,Surco,verified,low,2024-02-16,2461.96
C005896,DNI,55,mass_market,Miraflores,verified,high,2024-09-02,1595.79
C005897,DNI,56,sme,Lima,verified,low,2023-09-02,2198.06
C005898,DNI,70,mass_market,La Molina,verified,low,2023-11-09,3095.88
C005899,DNI,23,premium,Surco,verified,low,2024-05-10,5943.05
C005900,CE,43,mass_market,Lima,verified,medium,2023-01-22,4625.56
C005901,DNI,41,affluent,Piura,verified,high,2023-03-09,3087.6
C005902,DNI,50,mass_market,Arequipa,verified,low,2024-01-27,5960.89
C005903,DNI,25,mass_market,Arequipa,pending,low,2023-11-12,1059.37
C005904,DNI,61,mass_market,Arequipa,verified,low,2023-03-06,3419.31
C005905,DNI,60,mass_market,Miraflores,verified,medium,2024-12-29,3534.99
C005906,DNI,51,affluent,Callao,verified,low,2024-06-24,3558.8
C005907,DNI,51,mass_market,Trujillo,verified,low,2024-12-05,1229.57
C005908,DNI,41,affluent,Cusco,verified,low,2024-07-21,1703.94
C005909,DNI,19,mass_market,La Molina,verified,low,2023-07-31,2720.14
C005910,DNI,25,mass_market,Cusco,verified,low,2023-07-19,5503.48
C005911,DNI,70,mass_market,Callao,pending,medium,2023-06-27,8547.51
C005912,DNI,42,premium,Piura,verified,medium,2024-02-27,2068.46
C005913,DNI,74,affluent,Piura,verified,low,2024-10-26,1450.38
C005914,DNI,47,mass_market,Piura,verified,low,2024-04-06,4668.85
C005915,DNI,49,mass_market,Surco,verified,low,2023-02-13,12555.37
C005916,CE,73,mass_market,Lima,verified,low,2024-03-06,5479.76
C005917,DNI,47,premium,Lima,verified,low,2023-06-17,1974.86
C005918,DNI,74,affluent,Piura,verified,medium,2023-10-14,14380.47
C005919,DNI,24,mass_market,La Molina,verified,high,2024-12-09,4349.17
C005920,DNI,65,affluent,Miraflores,rejected,high,2023-12-03,1929.36
C005921,DNI,41,mass_market,La Molina,verified,medium,2024-08-08,8637.48
C005922,CE,71,premium,La Molina,verified,low,2023-06-20,1847.34
C005923,DNI,26,mass_market,Lima,verified,low,2023-07-02,2118.37
C005924,DNI,33,affluent,Arequipa,verified,low,2023-01-16,4445.47
C005925,CE,19,mass_market,La Molina,verified,low,2024-05-10,2940.4
C005926,DNI,52,affluent,La Molina,verified,low,2024-08-02,3042.25
C005927,DNI,51,affluent,Cusco,verified,low,2024-07-07,3045.07
C005928,DNI,39,affluent,Arequipa,verified,medium,2023-04-20,5502.53
C005929,DNI,36,affluent,Lima,verified,high,2024-07-06,830.13
C005930,DNI,66,sme,Miraflores,verified,high,2023-11-02,3485.9
C005931,DNI,69,mass_market,Trujillo,verified,low,2023-01-06,2541.19
C005932,DNI,38,mass_market,Lima,verified,medium,2024-11-23,1970.67
C005933,DNI,29,mass_market,Lima,verified,low,2023-09-30,1967.81
C005934,CE,28,premium,La Molina,verified,low,2023-12-27,698.96
C005935,DNI,69,mass_market,Cusco,verified,low,2023-07-04,1921.52
C005936,DNI,71,affluent,Callao,pending,low,2024-10-17,6061.75
C005937,DNI,36,affluent,Piura,verified,high,2023-04-10,4710.88
C005938,DNI,23,mass_market,San Borja,verified,low,2023-03-31,2683.13
C005939,DNI,59,mass_market,Cusco,verified,low,2023-09-03,1371.7
C005940,DNI,31,mass_market,Callao,verified,low,2023-08-27,4684.57
C005941,DNI,50,mass_market,La Molina,verified,medium,2024-12-24,6126.73
C005942,CE,64,mass_market,La Molina,verified,low,2023-03-22,5264.85
C005943,DNI,55,mass_market,Miraflores,verified,low,2023-04-25,1749.7
C005944,DNI,30,sme,Callao,verified,low,2023-10-03,1852.55
C005945,DNI,73,premium,Surco,verified,low,2023-03-21,7411.23
C005946,DNI,43,mass_market,Piura,verified,low,2024-07-21,1532.88
C005947,DNI,31,mass_market,San Borja,verified,low,2023-06-28,3877.78
C005948,PASSPORT,62,mass_market,Miraflores,verified,low,2023-11-05,1121.3
C005949,DNI,41,affluent,Cusco,verified,high,2024-07-14,2527.1
C005950,PASSPORT,65,sme,Cusco,verified,medium,2024-05-23,4112.69
C005951,DNI,18,mass_market,Callao,verified,low,2023-09-17,2932.23
C005952,DNI,63,mass_market,Piura,verified,low,2023-10-19,3976.48
C005953,DNI,62,affluent,Piura,pending,low,2023-10-18,1518.67
C005954,PASSPORT,72,affluent,Cusco,pending,medium,2024-06-25,1898.84
C005955,DNI,47,mass_market,Surco,verified,low,2023-03-04,3885.47
C005956,DNI,27,affluent,La Molina,verified,low,2024-08-16,4373.37
C005957,DNI,27,mass_market,Piura,verified,medium,2024-02-09,3364.04
C005958,DNI,45,mass_market,Callao,pending,low,2024-04-24,5018.48
C005959,DNI,21,affluent,Cusco,verified,low,2023-11-21,1198.15
C005960,DNI,31,sme,La Molina,verified,medium,2024-01-16,2306.74
C005961,DNI,29,mass_market,Arequipa,verified,low,2024-11-11,8123.17
C005962,DNI,71,premium,Lima,verified,low,2023-11-06,6038.48
C005963,DNI,55,mass_market,La Molina,verified,low,2023-12-09,4223.84
C005964,DNI,64,affluent,Piura,verified,low,2024-10-31,2736.81
C005965,DNI,54,mass_market,Lima,verified,low,2024-04-19,5266.64
C005966,DNI,27,sme,Piura,verified,low,2023-02-25,3774.52
C005967,DNI,58,sme,Callao,verified,low,2024-02-29,1293.89
C005968,DNI,44,mass_market,Trujillo,verified,medium,2023-05-22,5154.73
C005969,DNI,59,premium,La Molina,verified,low,2024-10-22,1851.36
C005970,DNI,73,sme,Lima,verified,low,2024-01-11,4527.06
C005971,DNI,29,affluent,Callao,verified,low,2023-08-14,1225.64
C005972,DNI,39,mass_market,Piura,verified,medium,2024-04-18,7182.92
C005973,DNI,21,sme,La Molina,verified,low,2023-01-25,2562.68
C005974,DNI,46,sme,Callao,verified,low,2024-11-20,1619.49
C005975,DNI,53,mass_market,Piura,verified,low,2023-12-31,2041.26
C005976,DNI,62,premium,Trujillo,verified,low,2023-04-05,2476.83
C005977,DNI,74,mass_market,Trujillo,verified,low,2024-05-22,2971.51
C005978,DNI,31,mass_market,San Borja,verified,low,2024-07-18,6154.75
C005979,DNI,29,mass_market,Miraflores,verified,low,2024-08-04,3098.21
C005980,DNI,62,affluent,Callao,verified,medium,2023-06-25,903.25
C005981,DNI,37,affluent,Miraflores,verified,low,2024-10-05,1515.72
C005982,DNI,62,mass_market,San Borja,verified,medium,2024-02-12,13583.95
C005983,DNI,40,premium,Surco,verified,low,2024-05-04,3211.41
C005984,DNI,39,mass_market,La Molina,verified,low,2024-04-03,5028.79
C005985,DNI,51,mass_market,Piura,verified,medium,2024-02-17,2515.96
C005986,DNI,38,mass_market,Cusco,verified,low,2023-12-04,1715.51
C005987,DNI,68,affluent,Miraflores,verified,low,2023-11-27,2287.68
C005988,DNI,26,premium,Miraflores,verified,low,2023-08-01,3198.95
C005989,DNI,27,affluent,Callao,pending,low,2024-12-23,2314.32
C005990,DNI,66,sme,La Molina,verified,low,2023-12-11,8562.58
C005991,DNI,27,mass_market,Callao,verified,low,2024-07-29,2124.01
C005992,DNI,69,mass_market,Trujillo,verified,medium,2024-06-30,1668.77
C005993,PASSPORT,62,mass_market,Miraflores,verified,low,2024-06-07,4651.02
C005994,DNI,69,mass_market,La Molina,verified,medium,2023-12-12,4977.09
C005995,DNI,74,mass_market,Arequipa,verified,low,2023-09-05,3030.51
C005996,DNI,47,affluent,Surco,verified,low,2024-09-15,2140.56
C005997,DNI,50,mass_market,Piura,verified,low,2023-11-21,1048.0
C005998,DNI,19,affluent,San Borja,verified,low,2024-04-11,5833.64
C005999,DNI,66,mass_market,Surco,verified,low,2023-04-01,4806.42
C006000,DNI,49,mass_market,San Borja,verified,low,2023-10-21,2340.36
