alert_id,transaction_id,alert_rule,score,alert_status,created_ts
A0000001,T00021927,cross_border,63.73,review,2025-03-10 08:40:50
A0000002,T00014906,risky_category,71.76,review,2025-10-11 00:29:17
A0000003,T00022163,cross_border,93.88,escalated,2025-01-27 08:42:04
A0000004,T00020963,risky_category,59.37,review,2025-11-21 17:21:39
A0000005,T00021566,cross_border,48.35,closed,2025-07-21 13:31:27
A0000006,T00001874,high_amount,19.89,closed,2025-05-17 20:05:50
A0000007,T00001523,new_device,65.04,review,2025-07-12 03:23:36
A0000008,T00023650,risky_category,66.73,review,2025-04-08 13:56:30
A0000009,T00001431,velocity,60.96,review,2025-07-12 07:06:53
A0000010,T00011226,high_amount,48.96,closed,2025-02-03 18:34:20
A0000011,T00006823,high_amount,59.02,review,2025-10-16 10:00:56
A0000012,T00005358,high_amount,58.82,review,2025-09-04 13:51:25
A0000013,T00013586,new_device,44.0,closed,2025-01-04 06:01:56
A0000014,T00015252,high_amount,59.06,review,2025-08-06 11:14:46
A0000015,T00003607,new_device,25.57,closed,2025-01-25 12:49:50
A0000016,T00010035,blacklist_match,76.79,escalated,2025-09-28 01:18:37
A0000017,T00014210,blacklist_match,64.25,review,2025-03-03 07:16:46
A0000018,T00015017,blacklist_match,74.08,review,2025-01-11 22:57:22
A0000019,T00012739,new_device,23.97,closed,2025-07-12 22:39:20
A0000020,T00005427,cross_border,75.3,escalated,2025-08-24 08:58:36
A0000021,T00002008,risky_category,15.15,closed,2025-03-25 12:38:34
A0000022,T00022142,velocity,59.9,review,2025-09-06 22:53:19
A0000023,T00008794,cross_border,9.39,closed,2025-03-23 15:51:30
A0000024,T00020179,velocity,88.48,escalated,2025-01-17 02:53:42
A0000025,T00017657,risky_category,34.89,closed,2025-09-29 08:03:25
A0000026,T00009882,high_amount,80.61,escalated,2025-06-16 15:54:07
A0000027,T00002178,new_device,75.78,escalated,2025-02-12 12:10:53
A0000028,T00018147,blacklist_match,38.14,closed,2025-05-09 10:16:53
A0000029,T00017488,velocity,57.5,review,2025-11-27 18:17:39
A0000030,T00000094,blacklist_match,42.94,closed,2025-07-31 13:09:30
A0000031,T00019411,high_amount,48.78,closed,2025-06-24 03:56:12
A0000032,T00020666,blacklist_match,29.48,closed,2025-04-05 18:18:43
A0000033,T00008071,high_amount,38.68,closed,2025-06-27 07:56:56
A0000034,T00015658,risky_category,15.59,closed,2025-02-24 08:29:30
A0000035,T00009170,blacklist_match,40.32,closed,2025-07-08 11:13:50
A0000036,T00006847,high_amount,58.19,review,2025-03-28 00:30:12
A0000037,T00013059,new_device,62.11,review,2025-06-06 16:42:40
A0000038,T00022394,cross_border,83.0,escalated,2025-02-05 07:07:24
A0000039,T00007215,risky_category,69.52,review,2025-08-04 20:43:25
A0000040,T00023248,new_device,60.13,review,2025-07-05 20:57:44
A0000041,T00011342,velocity,72.65,review,2025-01-28 08:14:18
A0000042,T00013811,velocity,30.66,closed,2025-03-24 16:45:39
A0000043,T00003517,high_amount,66.43,review,2025-06-26 21:31:09
A0000044,T00014524,risky_category,69.92,review,2025-05-07 20:26:27
A0000045,T00004649,velocity,75.97,escalated,2025-03-25 21:52:11
A0000046,T00024487,velocity,34.14,closed,2025-11-21 05:16:23
A0000047,T00003063,new_device,47.18,closed,2025-04-25 07:16:22
A0000048,T00019793,new_device,49.25,closed,2025-10-01 22:50:26
A0000049,T00010240,risky_category,57.84,review,2025-12-25 05:04:54
A0000050,T00000459,velocity,81.84,escalated,2025-08-15 15:14:52
A0000051,T00004342,risky_category,63.17,review,2025-12-02 07:12:28
A0000052,T00005561,velocity,29.12,closed,2025-12-16 15:08:10
A0000053,T00018254,new_device,33.73,closed,2025-04-23 09:59:09
A0000054,T00005709,velocity,74.24,review,2025-08-12 09:37:50
A0000055,T00023884,risky_category,48.22,closed,2025-09-28 02:33:11
A0000056,T00015935,velocity,82.79,escalated,2025-02-10 01:08:13
A0000057,T00008663,velocity,82.42,escalated,2025-09-29 07:25:33
A0000058,T00003131,risky_category,63.68,review,2025-08-03 11:47:27
A0000059,T00018855,cross_border,22.64,closed,2025-10-14 07:18:00
A0000060,T00003213,cross_border,62.43,review,2025-02-01 06:03:22
A0000061,T00019266,new_device,72.05,review,2025-04-20 20:47:17
A0000062,T00024092,high_amount,41.26,closed,2025-03-20 17:53:44
A0000063,T00019636,high_amount,73.19,review,2025-01-12 08:35:51
A0000064,T00018066,cross_border,66.64,review,2025-12-06 21:50:03
A0000065,T00009735,high_amount,65.6,review,2025-07-30 16:34:30
A0000066,T00001435,risky_category,64.63,review,2025-10-17 20:01:06
A0000067,T00002742,cross_border,74.88,review,2025-05-13 23:23:00
A0000068,T00016493,cross_border,36.22,closed,2025-04-05 05:31:53
A0000069,T00019549,new_device,18.76,closed,2025-08-07 14:02:49
A0000070,T00017119,cross_border,83.42,escalated,2025-11-12 16:28:51
A0000071,T00016565,new_device,59.01,review,2025-02-25 10:47:19
A0000072,T00001269,high_amount,40.51,closed,2025-11-19 20:35:48
A0000073,T00023277,velocity,49.78,closed,2025-01-16 07:53:40
A0000074,T00016190,blacklist_match,70.85,review,2025-08-21 18:48:34
A0000075,T00007405,cross_border,33.87,closed,2025-08-06 09:47:47
A0000076,T00010704,risky_category,64.23,review,2025-12-22 02:11:41
A0000077,T00011666,cross_border,84.86,escalated,2025-07-05 21:55:26
A0000078,T00017660,velocity,57.82,review,2025-08-10 14:37:27
A0000079,T00003470,velocity,38.99,closed,2025-12-11 01:54:20
A0000080,T00014338,high_amount,48.27,closed,2025-07-24 16:09:50
A0000081,T00012761,high_amount,18.64,closed,2025-11-29 04:36:59
A0000082,T00018634,risky_category,4.76,closed,2025-03-10 03:44:33
A0000083,T00017340,blacklist_match,78.06,escalated,2025-08-16 09:51:02
A0000084,T00004805,risky_category,31.23,closed,2025-07-06 20:45:19
A0000085,T00010900,high_amount,77.16,escalated,2025-07-09 01:42:19
A0000086,T00005076,risky_category,50.84,review,2025-04-18 17:45:39
A0000087,T00011459,high_amount,27.02,closed,2025-04-30 19:09:54
A0000088,T00020737,velocity,18.19,closed,2025-01-15 16:34:58
A0000089,T00017920,velocity,56.96,review,2025-09-18 09:45:15
A0000090,T00024127,velocity,66.42,review,2025-02-25 01:40:02
A0000091,T00023502,high_amount,70.66,review,2025-09-23 10:38:47
A0000092,T00022771,risky_category,30.31,closed,2025-12-13 11:31:20
A0000093,T00017620,velocity,51.29,review,2025-02-15 10:49:46
A0000094,T00016658,high_amount,56.62,review,2025-05-13 18:37:04
A0000095,T00021049,velocity,41.38,closed,2025-06-30 14:25:36
A0000096,T00008407,blacklist_match,60.5,review,2025-03-03 17:31:12
A0000097,T00011156,blacklist_match,51.2,review,2025-12-21 11:35:56
A0000098,T00022575,risky_category,54.8,review,2025-06-21 12:52:52
A0000099,T00002117,risky_category,61.34,review,2025-10-19 20:16:12
A0000100,T00008373,new_device,93.54,escalated,2025-11-29 18:08:14
A0000101,T00022373,cross_border,59.54,review,2025-06-02 07:02:23
A0000102,T00013042,velocity,56.52,review,2025-04-25 19:50:40
A0000103,T00006305,cross_border,43.27,closed,2025-09-02 02:22:56
A0000104,T00006926,risky_category,54.86,review,2025-11-22 12:59:57
A0000105,T00021084,velocity,40.93,closed,2025-11-02 17:37:56
A0000106,T00008220,cross_border,64.98,review,2025-02-15 21:12:10
A0000107,T00014835,risky_category,62.53,review,2025-05-05 16:39:18
A0000108,T00004341,risky_category,32.33,closed,2025-07-15 01:43:35
A0000109,T00015548,blacklist_match,51.63,review,2025-12-03 23:45:10
A0000110,T00023853,blacklist_match,62.24,review,2025-12-10 19:17:11
A0000111,T00005223,risky_category,74.6,review,2025-06-16 09:07:25
A0000112,T00013753,cross_border,59.84,review,2025-09-28 17:57:14
A0000113,T00008970,velocity,51.86,review,2025-03-01 18:01:27
A0000114,T00021375,new_device,74.66,review,2025-08-29 00:58:32
A0000115,T00004230,risky_category,59.2,review,2025-03-09 11:12:04
A0000116,T00013264,velocity,14.85,closed,2025-12-29 21:04:35
A0000117,T00013581,risky_category,59.5,review,2025-02-05 12:09:56
A0000118,T00010170,new_device,30.4,closed,2025-07-18 06:27:27
A0000119,T00007604,risky_category,38.43,closed,2025-11-05 13:42:37
A0000120,T00020317,new_device,70.02,review,2025-12-26 15:42:07
A0000121,T00011572,velocity,77.33,escalated,2025-04-20 00:11:44
A0000122,T00014316,blacklist_match,25.97,closed,2025-04-09 07:46:11
A0000123,T00024169,velocity,97.1,escalated,2025-01-16 19:38:06
A0000124,T00006900,high_amount,66.08,review,2025-09-22 02:39:40
A0000125,T00001990,high_amount,83.17,escalated,2025-12-04 12:45:10
A0000126,T00009143,blacklist_match,51.0,review,2025-01-04 14:32:06
A0000127,T00001008,new_device,24.66,closed,2025-05-11 15:41:11
A0000128,T00006572,velocity,29.57,closed,2025-04-22 03:35:48
A0000129,T00004984,cross_border,62.07,review,2025-04-16 10:51:26
A0000130,T00004903,cross_border,64.32,review,2025-03-22 06:28:00
A0000131,T00006876,cross_border,79.86,escalated,2025-02-11 17:13:07
A0000132,T00020260,risky_category,50.69,review,2025-10-01 12:22:03
A0000133,T00017663,high_amount,77.81,escalated,2025-03-09 05:58:19
A0000134,T00024652,high_amount,49.09,closed,2025-11-11 14:31:40
A0000135,T00002995,velocity,51.55,review,2025-09-27 07:40:50
A0000136,T00014692,high_amount,39.49,closed,2025-01-02 05:26:06
A0000137,T00000352,high_amount,12.19,closed,2025-04-20 12:32:21
A0000138,T00007579,cross_border,85.38,escalated,2025-09-14 18:47:08
A0000139,T00016132,cross_border,84.24,escalated,2025-01-08 03:57:49
A0000140,T00019312,blacklist_match,17.64,closed,2025-05-06 13:46:37
A0000141,T00004685,risky_category,67.43,review,2025-08-09 11:53:10
A0000142,T00003895,new_device,68.86,review,2025-11-17 11:00:40
A0000143,T00013470,high_amount,94.22,escalated,2025-12-06 00:20:30
A0000144,T00005955,velocity,81.39,escalated,2025-04-01 11:14:13
A0000145,T00024545,high_amount,90.38,escalated,2025-08-21 06:04:35
A0000146,T00004808,risky_category,33.67,closed,2025-11-15 13:58:26
A0000147,T00007010,risky_category,80.78,escalated,2025-01-02 11:14:00
A0000148,T00000846,new_device,88.98,escalated,2025-02-12 08:26:46
A0000149,T00018599,high_amount,31.86,closed,2025-02-06 07:14:23
A0000150,T00019164,risky_category,29.21,closed,2025-12-10 14:34:40
A0000151,T00017076,new_device,39.75,closed,2025-03-21 11:19:09
A0000152,T00014971,cross_border,40.92,closed,2025-08-24 06:26:11
A0000153,T00010682,new_device,12.08,closed,2025-03-09 17:51:22
A0000154,T00014179,risky_category,51.03,review,2025-10-20 15:34:44
A0000155,T00023880,velocity,50.12,review,2025-04-04 02:45:28
A0000156,T00006578,high_amount,70.88,review,2025-12-30 05:32:35
A0000157,T00000103,risky_category,52.36,review,2025-03-06 07:38:57
A0000158,T00021461,blacklist_match,41.87,closed,2025-05-20 18:43:35
A0000159,T00004860,velocity,70.6,review,2025-04-14 19:11:40
A0000160,T00005498,cross_border,73.92,review,2025-10-24 12:06:24
A0000161,T00011621,risky_category,69.23,review,2025-02-06 07:53:16
A0000162,T00007773,new_device,89.33,escalated,2025-03-03 17:24:28
A0000163,T00020828,cross_border,67.42,review,2025-04-08 01:03:35
A0000164,T00009801,new_device,72.69,review,2025-05-26 05:58:23
A0000165,T00021186,velocity,64.76,review,2025-11-16 18:26:39
A0000166,T00017802,new_device,45.45,closed,2025-02-07 07:42:20
A0000167,T00009424,risky_category,44.99,closed,2025-04-04 04:23:42
A0000168,T00017944,risky_category,61.41,review,2025-08-03 19:56:31
A0000169,T00003150,blacklist_match,32.21,closed,2025-01-27 12:48:18
A0000170,T00016311,cross_border,17.81,closed,2025-12-17 13:26:25
A0000171,T00006865,cross_border,70.1,review,2025-09-18 10:41:03
A0000172,T00020908,blacklist_match,62.87,review,2025-05-05 22:17:35
A0000173,T00009212,new_device,30.77,closed,2025-05-04 12:51:08
A0000174,T00006286,risky_category,64.51,review,2025-02-11 10:20:08
A0000175,T00011294,new_device,59.94,review,2025-12-22 13:42:56
A0000176,T00019211,risky_category,49.93,closed,2025-06-02 06:01:52
A0000177,T00017004,cross_border,47.04,closed,2025-10-25 13:22:44
A0000178,T00020610,velocity,93.05,escalated,2025-08-07 13:46:00
A0000179,T00020126,new_device,100.0,escalated,2025-10-05 14:49:16
A0000180,T00020486,high_amount,31.24,closed,2025-02-09 04:23:19
A0000181,T00015831,high_amount,85.27,escalated,2025-06-30 23:41:30
A0000182,T00023381,velocity,53.98,review,2025-07-25 19:48:48
A0000183,T00019159,risky_category,46.54,closed,2025-01-13 03:46:40
A0000184,T00013146,new_device,60.8,review,2025-10-25 02:49:21
A0000185,T00010432,new_device,40.02,closed,2025-02-01 04:35:47
A0000186,T00002430,risky_category,85.15,escalated,2025-10-15 18:18:40
A0000187,T00000972,new_device,22.74,closed,2025-03-18 23:27:11
A0000188,T00017451,high_amount,22.51,closed,2025-12-26 14:42:34
A0000189,T00007347,velocity,14.99,closed,2025-07-25 10:12:00
A0000190,T00003405,new_device,34.86,closed,2025-03-07 11:34:01
A0000191,T00013854,velocity,22.59,closed,2025-04-29 23:20:31
A0000192,T00024239,cross_border,44.92,closed,2025-03-01 07:34:37
A0000193,T00007931,high_amount,31.78,closed,2025-09-10 02:19:25
A0000194,T00002238,blacklist_match,34.06,closed,2025-07-23 21:38:21
A0000195,T00015494,new_device,46.16,closed,2025-12-03 15:05:40
A0000196,T00020323,new_device,60.83,review,2025-09-16 08:18:03
A0000197,T00005509,cross_border,77.61,escalated,2025-12-19 01:47:01
A0000198,T00010138,velocity,19.23,closed,2025-04-13 02:17:10
A0000199,T00023966,high_amount,48.1,closed,2025-04-22 21:39:43
A0000200,T00006952,velocity,34.74,closed,2025-02-28 11:19:58
A0000201,T00009399,velocity,38.33,closed,2025-11-29 21:41:27
A0000202,T00016656,cross_border,17.5,closed,2025-04-22 22:16:23
A0000203,T00014543,risky_category,80.75,escalated,2025-12-21 09:47:27
A0000204,T00013181,velocity,36.24,closed,2025-03-06 19:58:13
A0000205,T00005822,high_amount,66.82,review,2025-03-08 17:33:45
A0000206,T00000446,cross_border,39.93,closed,2025-01-24 05:41:20
A0000207,T00013022,risky_category,50.92,review,2025-07-06 13:29:23
A0000208,T00001913,cross_border,56.48,review,2025-09-22 08:26:04
A0000209,T00011048,velocity,48.53,closed,2025-07-05 17:49:42
A0000210,T00020941,new_device,56.07,review,2025-06-15 13:48:44
A0000211,T00022056,blacklist_match,79.94,escalated,2025-12-18 05:28:38
A0000212,T00022364,new_device,69.53,review,2025-09-12 13:58:04
A0000213,T00014558,cross_border,40.82,closed,2025-10-27 03:35:24
A0000214,T00015068,risky_category,72.04,review,2025-04-28 14:20:09
A0000215,T00010308,cross_border,47.38,closed,2025-02-24 15:27:27
A0000216,T00017101,high_amount,64.13,review,2025-04-24 05:19:39
A0000217,T00019477,cross_border,10.8,closed,2025-05-29 20:20:00
A0000218,T00018843,high_amount,86.4,escalated,2025-10-28 01:43:50
A0000219,T00024070,risky_category,71.19,review,2025-04-14 17:50:37
A0000220,T00007635,new_device,74.72,review,2025-01-05 20:54:46
A0000221,T00024639,blacklist_match,76.36,escalated,2025-04-23 16:18:47
A0000222,T00009357,cross_border,25.62,closed,2025-04-18 22:12:55
A0000223,T00023244,cross_border,62.98,review,2025-10-26 20:48:40
A0000224,T00015347,risky_category,42.5,closed,2025-05-10 21:18:13
A0000225,T00003314,risky_category,79.49,escalated,2025-11-02 02:18:03
A0000226,T00011808,cross_border,39.13,closed,2025-07-25 01:36:15
A0000227,T00014867,new_device,45.94,closed,2025-12-03 00:22:00
A0000228,T00019986,high_amount,68.37,review,2025-03-30 21:44:13
A0000229,T00017961,blacklist_match,87.04,escalated,2025-10-30 01:29:06
A0000230,T00014070,high_amount,89.46,escalated,2025-03-10 13:12:01
A0000231,T00014171,risky_category,71.4,review,2025-09-19 16:58:55
A0000232,T00000953,velocity,73.32,review,2025-07-30 10:00:32
A0000233,T00018054,cross_border,59.04,review,2025-05-29 07:36:30
A0000234,T00005531,blacklist_match,84.3,escalated,2025-01-24 03:08:26
A0000235,T00010523,high_amount,51.13,review,2025-11-29 15:36:50
A0000236,T00001572,velocity,19.78,closed,2025-12-12 04:39:55
A0000237,T00022670,blacklist_match,49.08,closed,2025-04-22 11:49:08
A0000238,T00014847,new_device,45.84,closed,2025-05-05 14:37:05
A0000239,T00002864,cross_border,63.56,review,2025-10-23 21:44:27
A0000240,T00007430,high_amount,56.07,review,2025-02-03 21:34:20
A0000241,T00016874,velocity,27.71,closed,2025-06-21 21:41:46
A0000242,T00014934,risky_category,51.57,review,2025-03-07 15:20:08
A0000243,T00024833,risky_category,37.83,closed,2025-05-25 04:14:03
A0000244,T00011400,cross_border,77.84,escalated,2025-08-09 21:18:11
A0000245,T00008785,risky_category,1.85,closed,2025-09-16 22:46:18
A0000246,T00018084,risky_category,67.6,review,2025-10-25 08:32:19
A0000247,T00023808,cross_border,70.46,review,2025-02-19 17:26:12
A0000248,T00024498,velocity,50.97,review,2025-01-02 14:10:48
A0000249,T00009989,high_amount,64.54,review,2025-03-01 21:40:02
A0000250,T00003382,risky_category,50.95,review,2025-06-08 15:33:32
A0000251,T00023074,velocity,30.55,closed,2025-08-20 21:55:38
A0000252,T00009693,new_device,49.94,closed,2025-02-24 16:00:03
A0000253,T00024673,risky_category,50.4,review,2025-06-05 23:29:04
A0000254,T00000900,high_amount,25.97,closed,2025-05-12 08:52:29
A0000255,T00000967,risky_category,68.87,review,2025-12-17 04:49:58
A0000256,T00005772,new_device,71.1,review,2025-12-03 10:12:17
A0000257,T00011859,cross_border,66.1,review,2025-03-09 16:20:43
A0000258,T00000398,risky_category,25.45,closed,2025-06-04 01:58:49
A0000259,T00008624,blacklist_match,66.92,review,2025-12-13 07:19:00
A0000260,T00010747,blacklist_match,37.86,closed,2025-01-05 06:59:17
A0000261,T00008105,risky_category,68.63,review,2025-06-26 20:21:25
A0000262,T00002605,high_amount,77.31,escalated,2025-08-06 18:00:00
A0000263,T00010360,high_amount,61.36,review,2025-07-10 01:52:53
A0000264,T00008954,cross_border,23.68,closed,2025-12-28 20:22:43
A0000265,T00011994,cross_border,70.65,review,2025-06-15 18:29:02
A0000266,T00024573,high_amount,51.13,review,2025-10-15 09:39:47
A0000267,T00014136,velocity,48.61,closed,2025-02-09 09:57:27
A0000268,T00023730,cross_border,50.94,review,2025-10-01 04:51:04
A0000269,T00001779,risky_category,51.81,review,2025-11-10 15:47:28
A0000270,T00005948,risky_category,67.13,review,2025-11-19 23:21:03
A0000271,T00002625,velocity,91.93,escalated,2025-09-28 00:01:03
A0000272,T00019106,new_device,54.37,review,2025-07-01 06:38:34
A0000273,T00005268,high_amount,24.87,closed,2025-05-23 20:08:46
A0000274,T00016062,high_amount,83.84,escalated,2025-02-28 03:22:42
A0000275,T00008510,cross_border,46.46,closed,2025-10-19 18:40:17
A0000276,T00010244,cross_border,89.43,escalated,2025-05-18 13:13:04
A0000277,T00003782,high_amount,70.75,review,2025-12-05 17:31:45
A0000278,T00002682,risky_category,50.78,review,2025-08-13 01:03:33
A0000279,T00019568,velocity,41.54,closed,2025-03-08 08:27:02
A0000280,T00018670,velocity,66.39,review,2025-01-04 22:43:39
A0000281,T00011955,new_device,49.34,closed,2025-09-03 08:42:57
A0000282,T00002392,cross_border,35.86,closed,2025-05-04 21:14:47
A0000283,T00010589,velocity,53.13,review,2025-12-30 06:29:11
A0000284,T00023831,high_amount,65.87,review,2025-10-15 14:42:50
A0000285,T00012872,cross_border,21.08,closed,2025-03-12 08:04:52
A0000286,T00014375,cross_border,49.36,closed,2025-12-05 08:18:36
A0000287,T00020403,velocity,44.41,closed,2025-06-22 19:30:28
A0000288,T00006960,risky_category,66.18,review,2025-04-27 08:27:21
A0000289,T00005695,new_device,49.91,closed,2025-07-19 05:13:24
A0000290,T00003056,high_amount,89.93,escalated,2025-10-08 19:21:22
A0000291,T00006867,velocity,93.79,escalated,2025-10-21 12:32:43
A0000292,T00002897,risky_category,71.56,review,2025-03-06 07:30:44
A0000293,T00024582,risky_category,87.79,escalated,2025-05-02 10:09:33
A0000294,T00012580,risky_category,100.0,escalated,2025-09-12 15:01:26
A0000295,T00012086,blacklist_match,32.89,closed,2025-08-12 06:25:51
A0000296,T00003834,cross_border,71.23,review,2025-10-24 19:48:13
A0000297,T00009446,velocity,43.14,closed,2025-04-23 20:24:59
A0000298,T00016303,velocity,83.52,escalated,2025-12-23 18:33:41
A0000299,T00001644,high_amount,54.2,review,2025-04-20 12:37:56
A0000300,T00015368,velocity,20.24,closed,2025-02-12 21:35:23
A0000301,T00008079,blacklist_match,44.61,closed,2025-03-22 14:28:48
A0000302,T00018550,cross_border,75.22,escalated,2025-01-22 11:23:52
A0000303,T00005361,risky_category,13.27,closed,2025-07-26 10:52:20
A0000304,T00000083,high_amount,32.31,closed,2025-08-21 03:35:08
A0000305,T00018573,velocity,83.94,escalated,2025-03-20 05:35:09
A0000306,T00004447,high_amount,73.96,review,2025-01-12 06:45:15
A0000307,T00015868,high_amount,35.43,closed,2025-12-15 22:06:03
A0000308,T00009134,high_amount,75.43,escalated,2025-01-26 20:30:55
A0000309,T00011140,new_device,58.41,review,2025-05-13 16:29:22
A0000310,T00024068,cross_border,43.35,closed,2025-10-08 11:17:49
A0000311,T00010501,high_amount,84.99,escalated,2025-06-23 04:36:30
A0000312,T00020544,high_amount,62.8,review,2025-11-13 12:32:56
A0000313,T00002409,high_amount,42.1,closed,2025-04-24 11:32:47
A0000314,T00007524,risky_category,82.34,escalated,2025-06-16 19:08:09
A0000315,T00010566,risky_category,53.05,review,2025-04-09 19:45:25
A0000316,T00023510,new_device,63.09,review,2025-07-07 16:59:07
A0000317,T00012092,blacklist_match,78.43,escalated,2025-02-06 14:01:37
A0000318,T00020832,cross_border,62.95,review,2025-03-09 15:12:20
A0000319,T00010039,new_device,77.79,escalated,2025-08-14 01:18:23
A0000320,T00021696,velocity,42.81,closed,2025-05-22 12:14:51
A0000321,T00020491,cross_border,52.31,review,2025-04-04 18:33:59
A0000322,T00016787,risky_category,87.74,escalated,2025-05-07 07:22:36
A0000323,T00021852,cross_border,63.93,review,2025-01-04 00:54:35
A0000324,T00011334,blacklist_match,91.31,escalated,2025-08-02 13:29:27
A0000325,T00000699,velocity,70.22,review,2025-09-01 10:44:28
A0000326,T00013547,high_amount,79.94,escalated,2025-08-08 14:06:58
A0000327,T00024578,new_device,62.51,review,2025-09-02 20:58:59
A0000328,T00008792,risky_category,42.33,closed,2025-10-30 05:47:16
A0000329,T00014149,new_device,11.64,closed,2025-11-25 19:35:12
A0000330,T00001944,velocity,57.11,review,2025-10-28 06:25:11
A0000331,T00017118,velocity,42.24,closed,2025-07-02 08:42:08
A0000332,T00024316,cross_border,59.41,review,2025-01-25 03:35:23
A0000333,T00001634,velocity,59.68,review,2025-08-18 04:19:49
A0000334,T00005239,velocity,60.28,review,2025-05-21 03:46:18
A0000335,T00002896,velocity,61.32,review,2025-07-01 15:18:36
A0000336,T00016307,high_amount,20.63,closed,2025-01-16 19:02:39
A0000337,T00024773,risky_category,37.6,closed,2025-07-20 01:40:58
A0000338,T00012776,risky_category,68.92,review,2025-09-25 07:46:14
A0000339,T00001849,velocity,79.42,escalated,2025-03-28 16:49:47
A0000340,T00011787,velocity,95.0,escalated,2025-10-23 12:19:58
A0000341,T00005835,blacklist_match,56.05,review,2025-12-19 21:03:47
A0000342,T00017372,risky_category,29.42,closed,2025-12-03 21:12:58
A0000343,T00023112,velocity,41.47,closed,2025-12-09 02:36:51
A0000344,T00015754,new_device,26.85,closed,2025-01-06 05:39:11
A0000345,T00019367,velocity,91.15,escalated,2025-10-16 14:31:00
A0000346,T00024493,velocity,87.14,escalated,2025-05-25 03:40:32
A0000347,T00019193,cross_border,47.06,closed,2025-11-09 12:02:50
A0000348,T00001148,velocity,65.14,review,2025-07-27 13:36:03
A0000349,T00002202,cross_border,51.31,review,2025-02-05 19:48:54
A0000350,T00008402,cross_border,47.45,closed,2025-08-04 15:06:48
A0000351,T00016790,risky_category,31.24,closed,2025-09-09 15:31:53
A0000352,T00010644,high_amount,39.48,closed,2025-04-29 16:49:16
A0000353,T00005444,new_device,46.17,closed,2025-06-04 19:36:34
A0000354,T00020409,new_device,79.47,escalated,2025-07-26 01:42:09
A0000355,T00008539,risky_category,74.02,review,2025-07-16 08:26:21
A0000356,T00014251,new_device,28.88,closed,2025-10-30 18:56:53
A0000357,T00010760,new_device,79.62,escalated,2025-08-31 18:45:07
A0000358,T00002450,new_device,16.1,closed,2025-10-23 05:07:44
A0000359,T00015235,cross_border,62.93,review,2025-09-14 05:38:30
A0000360,T00022459,new_device,30.54,closed,2025-11-12 00:24:55
A0000361,T00015712,blacklist_match,20.63,closed,2025-01-16 04:37:13
A0000362,T00011024,velocity,47.88,closed,2025-12-02 10:06:18
A0000363,T00007619,risky_category,83.06,escalated,2025-10-04 18:03:38
A0000364,T00005788,high_amount,87.57,escalated,2025-11-26 13:49:38
A0000365,T00015654,blacklist_match,34.23,closed,2025-11-03 09:17:19
A0000366,T00009046,blacklist_match,43.24,closed,2025-09-23 01:25:13
A0000367,T00015626,high_amount,54.32,review,2025-04-20 23:24:47
A0000368,T00024208,new_device,57.41,review,2025-06-21 02:30:48
A0000369,T00014114,cross_border,28.14,closed,2025-05-30 08:17:49
A0000370,T00023259,new_device,50.34,review,2025-08-22 12:13:53
A0000371,T00014467,blacklist_match,18.4,closed,2025-06-22 01:19:36
A0000372,T00018913,cross_border,61.47,review,2025-06-12 00:44:55
A0000373,T00011324,cross_border,45.56,closed,2025-01-29 16:24:09
A0000374,T00019446,velocity,43.82,closed,2025-05-01 20:18:43
A0000375,T00022724,risky_category,41.23,closed,2025-06-10 18:49:14
A0000376,T00003121,risky_category,38.36,closed,2025-09-05 11:06:12
A0000377,T00020199,velocity,44.42,closed,2025-08-15 02:15:13
A0000378,T00017481,velocity,55.95,review,2025-05-23 23:17:49
A0000379,T00012706,cross_border,24.07,closed,2025-04-11 04:22:45
A0000380,T00006664,velocity,61.45,review,2025-07-06 16:59:52
A0000381,T00008096,risky_category,39.47,closed,2025-05-01 12:31:28
A0000382,T00005577,velocity,11.17,closed,2025-08-01 02:46:58
A0000383,T00019342,high_amount,24.93,closed,2025-09-24 15:42:34
A0000384,T00002830,velocity,75.04,escalated,2025-04-26 10:02:05
A0000385,T00005558,velocity,37.47,closed,2025-06-18 16:01:25
A0000386,T00010776,new_device,89.46,escalated,2025-10-02 21:09:47
A0000387,T00008243,blacklist_match,31.64,closed,2025-02-10 03:24:39
A0000388,T00016236,risky_category,47.71,closed,2025-08-04 06:23:54
A0000389,T00022553,risky_category,47.56,closed,2025-06-27 09:43:46
A0000390,T00000928,cross_border,36.81,closed,2025-03-24 14:59:51
A0000391,T00023057,new_device,31.16,closed,2025-11-30 00:43:13
A0000392,T00024982,new_device,40.09,closed,2025-04-02 03:50:13
A0000393,T00011247,new_device,35.89,closed,2025-10-29 04:05:16
A0000394,T00022999,new_device,30.98,closed,2025-06-13 17:40:41
A0000395,T00006615,high_amount,83.98,escalated,2025-11-09 00:29:44
A0000396,T00017699,new_device,58.46,review,2025-06-30 13:53:13
A0000397,T00003111,high_amount,84.61,escalated,2025-05-24 08:32:10
A0000398,T00004002,cross_border,80.97,escalated,2025-01-08 12:00:50
A0000399,T00024787,blacklist_match,80.85,escalated,2025-01-02 23:55:16
A0000400,T00022376,cross_border,27.59,closed,2025-10-13 18:49:38
A0000401,T00004761,new_device,52.09,review,2025-07-23 20:35:06
A0000402,T00022540,cross_border,76.96,escalated,2025-03-04 10:50:03
A0000403,T00010701,blacklist_match,71.76,review,2025-07-25 17:56:43
A0000404,T00015856,new_device,36.95,closed,2025-10-10 05:12:04
A0000405,T00018427,high_amount,10.42,closed,2025-10-23 17:51:52
A0000406,T00020845,high_amount,59.82,review,2025-02-02 01:35:51
A0000407,T00007556,new_device,78.53,escalated,2025-12-22 02:29:56
A0000408,T00014657,velocity,72.36,review,2025-11-06 14:05:14
A0000409,T00021400,cross_border,40.67,closed,2025-02-13 22:10:17
A0000410,T00003238,velocity,19.93,closed,2025-08-19 05:14:15
A0000411,T00005248,new_device,55.37,review,2025-10-04 01:07:39
A0000412,T00024049,new_device,13.2,closed,2025-03-02 18:35:38
A0000413,T00007959,risky_category,68.28,review,2025-11-07 04:50:39
A0000414,T00004353,velocity,18.44,closed,2025-04-27 13:39:04
A0000415,T00016767,risky_category,69.42,review,2025-11-23 13:50:06
A0000416,T00008170,risky_category,50.42,review,2025-04-01 08:33:42
A0000417,T00017315,cross_border,48.71,closed,2025-12-08 19:44:27
A0000418,T00022259,risky_category,46.34,closed,2025-03-27 03:54:27
A0000419,T00017339,new_device,26.0,closed,2025-02-18 20:52:25
A0000420,T00015802,high_amount,61.16,review,2025-09-13 04:53:42
A0000421,T00001273,risky_category,39.83,closed,2025-11-09 12:06:10
A0000422,T00001043,cross_border,72.15,review,2025-06-14 18:20:38
A0000423,T00009214,high_amount,67.79,review,2025-08-18 10:55:36
A0000424,T00004103,high_amount,44.43,closed,2025-08-26 14:07:49
A0000425,T00018835,cross_border,94.44,escalated,2025-12-09 02:40:21
A0000426,T00008108,blacklist_match,81.59,escalated,2025-09-29 12:36:42
A0000427,T00007249,new_device,58.58,review,2025-07-12 16:08:15
A0000428,T00010097,high_amount,27.37,closed,2025-11-06 06:42:25
A0000429,T00021115,cross_border,43.38,closed,2025-01-15 15:12:56
A0000430,T00014236,high_amount,39.15,closed,2025-03-02 09:03:04
A0000431,T00001446,cross_border,71.77,review,2025-11-29 13:15:53
A0000432,T00003345,new_device,52.61,review,2025-04-17 14:32:19
A0000433,T00002557,velocity,77.32,escalated,2025-01-16 10:09:35
A0000434,T00006455,new_device,57.65,review,2025-01-23 22:48:12
A0000435,T00006777,new_device,95.15,escalated,2025-04-03 13:01:20
A0000436,T00007936,blacklist_match,72.2,review,2025-03-17 01:09:06
A0000437,T00006916,risky_category,86.16,escalated,2025-09-19 03:13:35
A0000438,T00012208,risky_category,72.61,review,2025-05-08 13:20:14
A0000439,T00014012,blacklist_match,43.33,closed,2025-01-09 20:48:16
A0000440,T00008752,velocity,41.25,closed,2025-07-25 14:33:52
A0000441,T00002328,high_amount,80.66,escalated,2025-09-26 16:21:59
A0000442,T00001021,new_device,87.23,escalated,2025-11-15 09:02:10
A0000443,T00020607,cross_border,40.13,closed,2025-05-20 15:55:49
A0000444,T00005842,risky_category,39.01,closed,2025-01-27 01:10:32
A0000445,T00012630,high_amount,52.81,review,2025-06-19 15:12:50
A0000446,T00016933,cross_border,20.05,closed,2025-09-02 09:42:38
A0000447,T00011512,cross_border,21.99,closed,2025-11-05 17:19:33
A0000448,T00018787,velocity,73.45,review,2025-12-01 09:35:51
A0000449,T00009598,cross_border,15.29,closed,2025-07-23 14:34:22
A0000450,T00018433,cross_border,61.16,review,2025-05-10 22:40:24
A0000451,T00010984,risky_category,21.7,closed,2025-07-26 17:56:29
A0000452,T00014749,high_amount,19.13,closed,2025-08-24 00:36:50
A0000453,T00011642,new_device,63.98,review,2025-02-13 11:42:21
A0000454,T00007168,cross_border,41.75,closed,2025-07-29 07:48:36
A0000455,T00012471,risky_category,47.18,closed,2025-06-17 05:46:04
A0000456,T00007198,new_device,51.91,review,2025-11-17 19:02:21
A0000457,T00017627,cross_border,10.89,closed,2025-04-18 03:36:08
A0000458,T00007129,cross_border,67.87,review,2025-08-01 04:45:25
A0000459,T00014820,new_device,31.54,closed,2025-11-21 08:24:03
A0000460,T00018492,new_device,43.75,closed,2025-03-23 05:57:46
A0000461,T00020528,cross_border,84.25,escalated,2025-03-17 00:44:27
A0000462,T00001582,risky_category,67.5,review,2025-05-02 16:20:01
A0000463,T00004291,risky_category,14.22,closed,2025-12-05 07:10:32
A0000464,T00022744,velocity,61.0,review,2025-10-09 07:56:35
A0000465,T00001733,velocity,88.5,escalated,2025-02-19 06:36:51
A0000466,T00005282,blacklist_match,90.2,escalated,2025-05-27 16:21:25
A0000467,T00010442,velocity,69.16,review,2025-09-17 18:51:10
A0000468,T00007052,new_device,12.31,closed,2025-12-27 01:34:35
A0000469,T00019131,risky_category,40.58,closed,2025-08-10 21:36:03
A0000470,T00000601,blacklist_match,71.97,review,2025-03-07 20:01:39
A0000471,T00011337,velocity,58.75,review,2025-03-19 20:50:30
A0000472,T00006278,high_amount,22.06,closed,2025-11-27 11:38:30
A0000473,T00002204,high_amount,79.92,escalated,2025-05-12 07:25:35
A0000474,T00023792,blacklist_match,83.31,escalated,2025-09-03 20:31:27
A0000475,T00008238,velocity,58.43,review,2025-04-01 09:00:51
A0000476,T00017745,new_device,56.0,review,2025-10-29 05:55:58
A0000477,T00009360,high_amount,95.57,escalated,2025-09-21 00:22:11
A0000478,T00020447,new_device,56.09,review,2025-09-11 16:31:23
A0000479,T00010762,cross_border,29.38,closed,2025-08-21 05:54:52
A0000480,T00018042,high_amount,67.56,review,2025-02-06 18:22:58
A0000481,T00012777,velocity,42.42,closed,2025-09-05 16:27:56
A0000482,T00020135,new_device,69.61,review,2025-08-09 20:22:05
A0000483,T00019083,risky_category,67.24,review,2025-01-03 04:44:05
A0000484,T00001237,risky_category,41.77,closed,2025-07-12 02:33:08
A0000485,T00011481,cross_border,62.18,review,2025-11-28 21:14:23
A0000486,T00021602,new_device,63.78,review,2025-07-29 03:59:23
A0000487,T00012908,high_amount,66.37,review,2025-06-18 09:59:18
A0000488,T00014472,new_device,74.06,review,2025-09-25 22:18:06
A0000489,T00004956,velocity,60.05,review,2025-08-23 00:22:55
A0000490,T00016187,blacklist_match,14.56,closed,2025-07-27 08:33:45
A0000491,T00005830,risky_category,59.32,review,2025-04-12 15:42:53
A0000492,T00017610,new_device,59.74,review,2025-03-24 22:50:22
A0000493,T00024372,high_amount,17.89,closed,2025-09-22 09:35:06
A0000494,T00000293,velocity,21.63,closed,2025-04-23 10:24:16
A0000495,T00003199,cross_border,46.8,closed,2025-04-30 14:05:49
A0000496,T00003734,risky_category,71.33,review,2025-04-26 13:56:07
A0000497,T00007007,high_amount,74.38,review,2025-08-26 10:55:12
A0000498,T00019945,velocity,45.12,closed,2025-03-11 16:36:14
A0000499,T00023437,risky_category,46.5,closed,2025-03-18 15:30:10
A0000500,T00019923,new_device,52.41,review,2025-11-04 19:26:23
A0000501,T00018104,new_device,65.25,review,2025-10-21 04:23:24
A0000502,T00011223,cross_border,63.88,review,2025-02-06 10:18:33
A0000503,T00020664,new_device,81.1,escalated,2025-08-26 11:24:44
A0000504,T00017597,blacklist_match,61.88,review,2025-07-25 08:45:21
A0000505,T00010703,blacklist_match,7.69,closed,2025-05-13 13:52:27
A0000506,T00011847,cross_border,61.11,review,2025-06-15 21:05:38
A0000507,T00003712,risky_category,37.6,closed,2025-07-25 15:24:13
A0000508,T00024107,velocity,56.91,review,2025-01-02 09:10:03
A0000509,T00007658,velocity,70.63,review,2025-09-20 18:09:06
A0000510,T00008791,risky_category,4.11,closed,2025-02-03 06:51:53
A0000511,T00013525,velocity,82.12,escalated,2025-11-15 23:55:44
A0000512,T00022334,risky_category,82.5,escalated,2025-02-02 22:38:10
A0000513,T00006574,cross_border,25.6,closed,2025-04-12 23:13:45
A0000514,T00023728,cross_border,80.43,escalated,2025-09-24 02:55:19
A0000515,T00023811,high_amount,63.38,review,2025-11-08 02:28:00
A0000516,T00011671,risky_category,81.42,escalated,2025-11-11 01:06:04
A0000517,T00003419,cross_border,52.57,review,2025-05-20 22:51:11
A0000518,T00009156,high_amount,57.19,review,2025-11-21 15:40:30
A0000519,T00014723,new_device,44.79,closed,2025-01-08 01:47:42
A0000520,T00001464,new_device,52.33,review,2025-09-25 04:54:31
A0000521,T00019103,velocity,38.39,closed,2025-09-01 21:49:23
A0000522,T00002190,new_device,51.45,review,2025-06-13 20:55:47
A0000523,T00023051,high_amount,64.73,review,2025-05-26 21:39:14
A0000524,T00009970,high_amount,56.42,review,2025-02-04 04:26:25
A0000525,T00024669,blacklist_match,25.22,closed,2025-03-08 09:13:47
A0000526,T00021755,velocity,42.32,closed,2025-12-29 09:04:58
A0000527,T00015833,high_amount,71.53,review,2025-09-29 08:36:39
A0000528,T00001087,risky_category,29.03,closed,2025-01-19 16:32:30
A0000529,T00022667,blacklist_match,32.82,closed,2025-11-10 06:40:39
A0000530,T00008681,new_device,55.89,review,2025-05-01 18:38:52
A0000531,T00011273,blacklist_match,31.41,closed,2025-03-22 10:27:50
A0000532,T00003759,new_device,60.77,review,2025-08-02 18:03:10
A0000533,T00011321,velocity,55.3,review,2025-07-07 21:05:31
A0000534,T00007987,new_device,77.17,escalated,2025-08-25 22:21:26
A0000535,T00023129,velocity,34.09,closed,2025-02-06 12:27:04
A0000536,T00006576,velocity,39.18,closed,2025-07-20 10:54:51
A0000537,T00000001,risky_category,56.14,review,2025-02-23 14:14:05
A0000538,T00017645,blacklist_match,22.22,closed,2025-05-19 20:24:44
A0000539,T00002934,velocity,71.54,review,2025-11-25 07:03:35
A0000540,T00001898,risky_category,41.51,closed,2025-09-19 10:37:50
A0000541,T00010199,high_amount,44.36,closed,2025-03-29 09:38:51
A0000542,T00013528,velocity,90.47,escalated,2025-08-01 01:47:52
A0000543,T00002493,new_device,72.89,review,2025-01-22 03:17:41
A0000544,T00017413,cross_border,74.79,review,2025-07-02 11:13:59
A0000545,T00005064,risky_category,62.81,review,2025-09-29 02:46:35
A0000546,T00004376,high_amount,56.97,review,2025-02-21 02:51:56
A0000547,T00005902,velocity,97.48,escalated,2025-01-18 02:40:36
A0000548,T00013381,velocity,24.67,closed,2025-02-03 11:57:48
A0000549,T00013300,velocity,48.93,closed,2025-10-02 08:06:14
A0000550,T00013175,high_amount,23.69,closed,2025-03-04 08:20:13
A0000551,T00020040,high_amount,56.7,review,2025-07-22 06:35:35
A0000552,T00001402,cross_border,15.81,closed,2025-01-09 06:10:39
A0000553,T00003715,velocity,36.58,closed,2025-03-16 14:54:16
A0000554,T00000987,high_amount,26.76,closed,2025-06-21 00:54:39
A0000555,T00006708,risky_category,27.14,closed,2025-12-14 02:04:44
A0000556,T00019428,cross_border,53.54,review,2025-09-16 19:25:30
A0000557,T00002861,cross_border,86.83,escalated,2025-09-20 19:52:47
A0000558,T00015721,velocity,27.06,closed,2025-03-02 20:12:08
A0000559,T00018961,cross_border,65.64,review,2025-11-16 22:40:24
A0000560,T00005080,risky_category,26.09,closed,2025-07-18 10:36:16
A0000561,T00022663,risky_category,55.42,review,2025-12-15 07:11:26
A0000562,T00015591,blacklist_match,74.22,review,2025-08-31 17:41:40
A0000563,T00015144,velocity,7.72,closed,2025-02-18 12:04:36
A0000564,T00009361,new_device,55.04,review,2025-05-07 16:52:45
A0000565,T00003020,velocity,92.91,escalated,2025-05-12 23:18:36
A0000566,T00004858,velocity,87.92,escalated,2025-12-23 12:05:04
A0000567,T00019485,velocity,68.14,review,2025-10-23 01:37:54
A0000568,T00007428,risky_category,66.36,review,2025-04-05 21:57:38
A0000569,T00007787,risky_category,73.98,review,2025-02-18 13:12:21
A0000570,T00014025,high_amount,76.78,escalated,2025-10-10 02:43:03
A0000571,T00006701,high_amount,51.69,review,2025-06-12 13:23:11
A0000572,T00012199,high_amount,62.29,review,2025-05-27 18:00:47
A0000573,T00008536,high_amount,57.1,review,2025-06-16 04:27:55
A0000574,T00014719,high_amount,54.55,review,2025-11-12 16:23:12
A0000575,T00020441,high_amount,76.02,escalated,2025-07-11 05:57:38
A0000576,T00008704,new_device,41.71,closed,2025-12-12 13:05:56
A0000577,T00015461,high_amount,42.2,closed,2025-10-28 21:51:46
A0000578,T00006754,high_amount,77.21,escalated,2025-02-17 14:21:36
A0000579,T00021178,cross_border,38.35,closed,2025-06-22 10:06:31
A0000580,T00009865,high_amount,13.17,closed,2025-06-17 22:49:59
A0000581,T00020083,new_device,61.28,review,2025-06-10 06:09:37
A0000582,T00022813,velocity,67.2,review,2025-05-08 02:11:32
A0000583,T00003565,risky_category,45.95,closed,2025-10-08 21:39:28
A0000584,T00003661,velocity,78.04,escalated,2025-01-02 05:21:28
A0000585,T00000389,new_device,11.4,closed,2025-12-04 07:06:50
A0000586,T00017394,cross_border,78.8,escalated,2025-06-16 01:30:42
A0000587,T00020608,velocity,48.48,closed,2025-11-25 00:01:07
A0000588,T00020614,risky_category,43.21,closed,2025-10-30 16:33:24
A0000589,T00012214,new_device,61.46,review,2025-05-06 16:24:19
A0000590,T00016449,cross_border,67.95,review,2025-09-10 05:42:44
A0000591,T00014243,high_amount,53.34,review,2025-04-03 21:33:52
A0000592,T00006642,high_amount,25.42,closed,2025-06-02 22:37:49
A0000593,T00013084,velocity,38.75,closed,2025-12-01 01:53:16
A0000594,T00011541,cross_border,39.64,closed,2025-10-01 07:54:43
A0000595,T00024529,new_device,52.62,review,2025-03-15 06:34:20
A0000596,T00013507,velocity,13.36,closed,2025-10-25 16:10:08
A0000597,T00020383,cross_border,48.44,closed,2025-11-20 04:32:16
A0000598,T00010888,new_device,55.47,review,2025-10-05 18:42:11
A0000599,T00012555,high_amount,56.86,review,2025-12-18 09:37:16
A0000600,T00000339,high_amount,32.87,closed,2025-11-18 21:13:54
A0000601,T00018047,high_amount,42.56,closed,2025-06-09 11:57:58
A0000602,T00018470,new_device,37.96,closed,2025-02-16 20:44:12
A0000603,T00013122,high_amount,61.67,review,2025-10-18 16:48:16
A0000604,T00005595,risky_category,29.92,closed,2025-01-18 18:23:26
A0000605,T00011184,new_device,60.4,review,2025-05-30 16:55:03
A0000606,T00019977,risky_category,59.86,review,2025-08-22 18:33:02
A0000607,T00011918,high_amount,65.96,review,2025-07-10 14:36:20
A0000608,T00015282,cross_border,58.86,review,2025-12-13 17:35:31
A0000609,T00005177,high_amount,27.51,closed,2025-08-06 10:27:39
A0000610,T00019017,cross_border,77.28,escalated,2025-06-24 12:25:38
A0000611,T00001004,high_amount,52.12,review,2025-07-06 18:00:29
A0000612,T00013919,new_device,57.24,review,2025-10-26 15:04:49
A0000613,T00002736,new_device,48.11,closed,2025-12-06 23:23:42
A0000614,T00018023,high_amount,42.68,closed,2025-05-24 06:16:56
A0000615,T00005745,risky_category,33.32,closed,2025-08-28 19:21:23
A0000616,T00020641,risky_category,55.93,review,2025-11-08 15:03:48
A0000617,T00023772,velocity,55.12,review,2025-01-30 18:07:24
A0000618,T00024076,velocity,42.78,closed,2025-08-15 00:50:00
A0000619,T00000122,high_amount,36.97,closed,2025-02-03 04:08:51
A0000620,T00009485,risky_category,78.4,escalated,2025-03-04 23:27:45
A0000621,T00021617,risky_category,41.77,closed,2025-11-19 08:26:57
A0000622,T00011623,velocity,65.84,review,2025-11-05 13:18:57
A0000623,T00005147,new_device,66.99,review,2025-02-20 10:04:17
A0000624,T00007969,velocity,65.47,review,2025-02-03 12:48:06
A0000625,T00006878,velocity,31.29,closed,2025-08-08 10:41:21
A0000626,T00019144,cross_border,56.11,review,2025-10-24 12:48:22
A0000627,T00022950,high_amount,80.25,escalated,2025-01-14 13:11:12
A0000628,T00020161,new_device,43.6,closed,2025-10-16 10:57:16
A0000629,T00002879,cross_border,25.36,closed,2025-07-13 01:30:17
A0000630,T00003115,high_amount,87.04,escalated,2025-09-11 19:12:39
A0000631,T00006637,blacklist_match,63.27,review,2025-04-09 14:46:20
A0000632,T00000251,velocity,43.0,closed,2025-11-28 05:47:28
A0000633,T00014545,blacklist_match,6.2,closed,2025-09-05 01:20:20
A0000634,T00023722,high_amount,64.0,review,2025-02-17 09:24:00
A0000635,T00008130,new_device,51.83,review,2025-01-26 16:24:17
A0000636,T00016919,velocity,33.8,closed,2025-12-05 08:15:32
A0000637,T00017556,velocity,75.48,escalated,2025-11-26 04:36:40
A0000638,T00019829,velocity,13.0,closed,2025-08-31 06:23:10
A0000639,T00024897,velocity,81.24,escalated,2025-04-29 07:32:00
A0000640,T00003112,new_device,67.33,review,2025-12-24 04:42:20
A0000641,T00015301,risky_category,2.24,closed,2025-12-25 01:38:56
A0000642,T00023021,high_amount,50.79,review,2025-02-10 18:34:52
A0000643,T00017363,new_device,20.86,closed,2025-08-29 00:47:18
A0000644,T00023153,cross_border,21.87,closed,2025-10-21 22:06:11
A0000645,T00016710,high_amount,16.05,closed,2025-01-07 16:34:28
A0000646,T00004260,high_amount,80.51,escalated,2025-05-22 07:16:30
A0000647,T00004244,velocity,28.56,closed,2025-07-14 08:14:50
A0000648,T00011419,risky_category,28.11,closed,2025-10-16 15:41:04
A0000649,T00016177,risky_category,25.89,closed,2025-05-03 05:14:15
A0000650,T00009959,risky_category,10.59,closed,2025-11-01 23:49:12
A0000651,T00000338,cross_border,74.44,review,2025-05-04 05:08:02
A0000652,T00000433,new_device,47.05,closed,2025-10-30 01:00:19
A0000653,T00011154,risky_category,60.02,review,2025-05-21 10:35:40
A0000654,T00010860,new_device,80.51,escalated,2025-10-14 08:18:23
A0000655,T00003564,velocity,61.88,review,2025-11-08 21:22:17
A0000656,T00001853,high_amount,85.69,escalated,2025-09-11 02:30:59
A0000657,T00003777,risky_category,75.22,escalated,2025-07-22 00:08:08
A0000658,T00005919,risky_category,49.22,closed,2025-09-03 05:07:29
A0000659,T00017849,high_amount,80.58,escalated,2025-02-04 06:31:32
A0000660,T00013712,cross_border,53.29,review,2025-01-28 14:15:56
A0000661,T00002339,velocity,57.77,review,2025-05-26 03:43:38
A0000662,T00022527,velocity,81.44,escalated,2025-06-16 07:51:59
A0000663,T00010802,cross_border,87.49,escalated,2025-03-08 16:06:55
A0000664,T00016048,velocity,69.01,review,2025-12-11 02:21:50
A0000665,T00023976,velocity,44.04,closed,2025-10-25 23:45:23
A0000666,T00024745,high_amount,49.13,closed,2025-08-26 14:11:49
A0000667,T00020310,cross_border,47.0,closed,2025-06-23 16:26:09
A0000668,T00001880,risky_category,50.36,review,2025-12-07 05:39:03
A0000669,T00021829,cross_border,74.96,review,2025-04-19 08:58:55
A0000670,T00013135,new_device,62.24,review,2025-05-18 09:19:36
A0000671,T00023687,velocity,61.36,review,2025-02-01 00:49:53
A0000672,T00001093,velocity,91.71,escalated,2025-06-06 13:53:01
A0000673,T00018914,cross_border,44.69,closed,2025-02-16 01:14:14
A0000674,T00020638,risky_category,42.46,closed,2025-03-18 19:45:35
A0000675,T00020689,velocity,75.74,escalated,2025-04-16 08:49:10
A0000676,T00006492,velocity,48.14,closed,2025-08-10 01:42:11
A0000677,T00009911,high_amount,66.42,review,2025-09-07 19:05:30
A0000678,T00001440,cross_border,7.71,closed,2025-08-08 21:53:07
A0000679,T00003508,risky_category,43.76,closed,2025-07-30 11:29:18
A0000680,T00008477,new_device,77.02,escalated,2025-09-10 15:40:13
A0000681,T00009008,risky_category,58.54,review,2025-11-20 05:21:09
A0000682,T00002418,new_device,63.55,review,2025-05-02 21:28:10
A0000683,T00011311,risky_category,41.22,closed,2025-08-09 19:11:56
A0000684,T00009703,blacklist_match,12.02,closed,2025-03-08 20:05:50
A0000685,T00004551,high_amount,30.25,closed,2025-02-20 00:42:45
A0000686,T00002131,high_amount,47.66,closed,2025-10-06 21:41:29
A0000687,T00020164,velocity,41.28,closed,2025-10-12 09:27:18
A0000688,T00003067,blacklist_match,51.23,review,2025-02-06 13:41:22
A0000689,T00013671,velocity,85.32,escalated,2025-03-15 12:08:34
A0000690,T00024519,high_amount,49.02,closed,2025-12-02 19:05:17
A0000691,T00022736,new_device,28.94,closed,2025-08-19 11:42:05
A0000692,T00012810,risky_category,23.1,closed,2025-08-23 11:54:26
A0000693,T00009974,new_device,61.1,review,2025-04-27 22:36:16
A0000694,T00013492,new_device,69.34,review,2025-07-14 07:59:45
A0000695,T00003228,high_amount,55.66,review,2025-06-19 14:17:16
A0000696,T00010541,risky_category,51.29,review,2025-11-07 17:35:49
A0000697,T00005704,risky_category,84.87,escalated,2025-09-25 10:46:00
A0000698,T00024758,new_device,47.63,closed,2025-12-03 02:13:21
A0000699,T00007585,new_device,9.06,closed,2025-03-12 08:29:52
A0000700,T00024593,high_amount,66.69,review,2025-08-24 20:33:22
A0000701,T00016624,velocity,66.3,review,2025-12-07 10:16:34
A0000702,T00010868,high_amount,85.18,escalated,2025-10-22 23:53:42
A0000703,T00004214,blacklist_match,59.41,review,2025-09-21 02:09:50
A0000704,T00001338,high_amount,33.06,closed,2025-08-25 06:01:35
A0000705,T00020475,risky_category,33.17,closed,2025-06-30 05:00:50
A0000706,T00019966,risky_category,44.15,closed,2025-09-20 23:47:46
A0000707,T00001175,blacklist_match,83.0,escalated,2025-11-14 06:12:49
A0000708,T00014036,risky_category,62.27,review,2025-09-15 06:12:40
A0000709,T00016373,cross_border,46.87,closed,2025-02-24 08:38:01
A0000710,T00019499,velocity,42.54,closed,2025-03-04 22:45:01
A0000711,T00004050,velocity,45.97,closed,2025-04-26 08:08:15
A0000712,T00008569,cross_border,93.48,escalated,2025-02-01 08:38:57
A0000713,T00019995,cross_border,21.52,closed,2025-05-09 00:32:41
A0000714,T00019893,new_device,23.3,closed,2025-02-05 18:41:17
A0000715,T00001092,cross_border,61.05,review,2025-03-17 06:36:29
A0000716,T00019622,risky_category,84.4,escalated,2025-01-02 05:46:37
A0000717,T00014534,risky_category,28.37,closed,2025-01-07 14:46:59
A0000718,T00009434,velocity,46.6,closed,2025-02-12 02:32:12
A0000719,T00009449,high_amount,46.47,closed,2025-03-21 08:15:19
A0000720,T00015889,velocity,50.73,review,2025-07-27 03:13:41
A0000721,T00017649,new_device,62.0,review,2025-10-01 23:13:34
A0000722,T00006648,risky_category,69.62,review,2025-02-06 08:21:16
A0000723,T00012003,new_device,81.81,escalated,2025-10-03 02:19:47
A0000724,T00014944,risky_category,37.46,closed,2025-01-17 21:45:54
A0000725,T00017811,high_amount,54.76,review,2025-04-14 16:05:33
A0000726,T00022192,cross_border,74.42,review,2025-04-05 05:55:43
A0000727,T00013836,new_device,71.64,review,2025-01-01 03:53:51
A0000728,T00016585,risky_category,68.73,review,2025-07-26 16:03:13
A0000729,T00021226,velocity,53.31,review,2025-10-14 08:48:44
A0000730,T00014804,new_device,39.26,closed,2025-09-14 10:48:42
A0000731,T00003933,risky_category,61.35,review,2025-01-15 02:57:36
A0000732,T00016151,new_device,90.58,escalated,2025-07-08 15:54:29
A0000733,T00024103,new_device,51.0,review,2025-11-04 16:56:53
A0000734,T00011586,cross_border,58.91,review,2025-11-15 22:20:08
A0000735,T00017805,new_device,81.67,escalated,2025-01-21 11:47:39
A0000736,T00000596,risky_category,52.87,review,2025-12-29 01:09:59
A0000737,T00013472,high_amount,83.71,escalated,2025-08-22 22:52:48
A0000738,T00014195,cross_border,63.4,review,2025-06-15 20:48:04
A0000739,T00007265,blacklist_match,57.98,review,2025-06-27 14:41:04
A0000740,T00001790,risky_category,25.5,closed,2025-10-15 11:36:16
A0000741,T00010161,velocity,85.31,escalated,2025-05-03 04:28:58
A0000742,T00018702,velocity,46.11,closed,2025-09-14 13:46:41
A0000743,T00024722,blacklist_match,37.41,closed,2025-10-23 08:38:34
A0000744,T00010077,velocity,11.92,closed,2025-07-24 00:12:35
A0000745,T00013503,cross_border,90.48,escalated,2025-05-25 00:20:30
A0000746,T00023113,blacklist_match,53.74,review,2025-08-03 08:18:30
A0000747,T00012062,new_device,78.35,escalated,2025-07-07 10:12:18
A0000748,T00016289,risky_category,47.5,closed,2025-06-14 22:05:33
A0000749,T00001524,cross_border,28.3,closed,2025-05-24 09:47:13
A0000750,T00018373,new_device,45.39,closed,2025-12-19 03:27:35
A0000751,T00017608,blacklist_match,60.42,review,2025-09-07 00:23:52
A0000752,T00006465,new_device,41.22,closed,2025-04-07 06:21:52
A0000753,T00016430,risky_category,60.83,review,2025-06-01 02:24:37
A0000754,T00023652,velocity,10.78,closed,2025-03-18 03:52:21
A0000755,T00008479,high_amount,83.4,escalated,2025-02-01 11:00:10
A0000756,T00021471,cross_border,57.76,review,2025-05-04 16:02:57
A0000757,T00003663,high_amount,30.65,closed,2025-10-10 20:30:18
A0000758,T00014358,high_amount,70.65,review,2025-09-18 07:12:03
A0000759,T00022753,velocity,78.11,escalated,2025-07-12 08:20:15
A0000760,T00008128,high_amount,33.75,closed,2025-09-15 09:22:35
A0000761,T00020027,high_amount,38.58,closed,2025-04-05 07:33:46
A0000762,T00020931,high_amount,69.44,review,2025-09-12 15:34:37
A0000763,T00022783,new_device,52.46,review,2025-04-06 20:34:40
A0000764,T00019699,cross_border,78.26,escalated,2025-08-08 12:53:59
A0000765,T00005320,high_amount,81.65,escalated,2025-01-28 23:40:45
A0000766,T00021553,blacklist_match,75.77,escalated,2025-10-22 07:31:37
A0000767,T00014857,cross_border,45.8,closed,2025-06-17 09:50:06
A0000768,T00019155,blacklist_match,16.5,closed,2025-05-09 07:55:58
A0000769,T00004616,new_device,67.44,review,2025-04-14 22:26:31
A0000770,T00019078,new_device,69.13,review,2025-11-01 06:47:45
A0000771,T00022796,cross_border,75.85,escalated,2025-03-12 12:02:45
A0000772,T00014830,new_device,63.79,review,2025-02-14 11:49:03
A0000773,T00013618,cross_border,39.76,closed,2025-12-30 14:31:46
A0000774,T00006227,high_amount,35.44,closed,2025-10-16 11:49:22
A0000775,T00023377,blacklist_match,80.85,escalated,2025-02-12 05:08:58
A0000776,T00011326,high_amount,69.39,review,2025-11-16 09:08:17
A0000777,T00018434,velocity,77.45,escalated,2025-11-30 00:12:29
A0000778,T00007966,cross_border,74.55,review,2025-08-29 23:09:34
A0000779,T00022081,velocity,74.12,review,2025-07-07 17:11:25
A0000780,T00021432,high_amount,71.05,review,2025-11-30 08:46:26
A0000781,T00016539,blacklist_match,94.68,escalated,2025-01-30 18:14:56
A0000782,T00023746,velocity,44.55,closed,2025-07-18 04:25:19
A0000783,T00021992,velocity,20.7,closed,2025-12-02 03:48:54
A0000784,T00012953,risky_category,44.34,closed,2025-01-23 06:03:55
A0000785,T00001954,new_device,74.15,review,2025-01-25 15:48:34
A0000786,T00005209,new_device,80.24,escalated,2025-06-03 01:40:40
A0000787,T00007238,velocity,54.72,review,2025-06-02 08:15:58
A0000788,T00000496,blacklist_match,63.74,review,2025-04-23 15:18:33
A0000789,T00011861,new_device,17.69,closed,2025-04-26 07:31:46
A0000790,T00001667,cross_border,65.3,review,2025-12-23 06:00:00
A0000791,T00021524,risky_category,27.95,closed,2025-12-21 11:58:45
A0000792,T00006970,new_device,9.62,closed,2025-09-09 17:39:39
A0000793,T00012931,risky_category,86.9,escalated,2025-09-28 10:34:36
A0000794,T00012104,velocity,68.71,review,2025-11-27 22:10:07
A0000795,T00005442,high_amount,14.68,closed,2025-04-18 04:09:16
A0000796,T00018616,risky_category,58.71,review,2025-09-02 22:33:50
A0000797,T00014888,risky_category,25.14,closed,2025-01-21 09:36:09
A0000798,T00023252,new_device,21.35,closed,2025-10-23 20:48:24
A0000799,T00003543,blacklist_match,54.29,review,2025-01-22 15:14:20
A0000800,T00003837,high_amount,49.39,closed,2025-03-14 05:31:26
A0000801,T00021040,new_device,30.13,closed,2025-04-09 03:37:01
A0000802,T00013349,velocity,21.25,closed,2025-12-11 07:17:34
A0000803,T00006630,risky_category,62.48,review,2025-04-13 21:22:58
A0000804,T00008807,risky_category,23.04,closed,2025-07-14 05:47:41
A0000805,T00001007,cross_border,68.96,review,2025-07-20 04:00:17
A0000806,T00022307,cross_border,33.27,closed,2025-08-18 21:06:26
A0000807,T00011389,cross_border,63.26,review,2025-07-31 23:04:30
A0000808,T00010403,risky_category,47.14,closed,2025-11-04 16:09:16
A0000809,T00005763,new_device,67.51,review,2025-04-20 19:40:59
A0000810,T00015961,risky_category,69.36,review,2025-04-13 17:16:03
A0000811,T00023619,new_device,59.9,review,2025-11-19 01:20:36
A0000812,T00007875,blacklist_match,29.64,closed,2025-07-21 21:43:44
A0000813,T00000780,blacklist_match,38.29,closed,2025-07-29 02:47:33
A0000814,T00023612,cross_border,19.69,closed,2025-11-17 04:15:14
A0000815,T00022965,velocity,30.45,closed,2025-12-29 07:59:39
A0000816,T00022900,risky_category,51.04,review,2025-04-19 13:08:44
A0000817,T00024236,risky_category,10.81,closed,2025-08-11 08:11:31
A0000818,T00008363,velocity,84.87,escalated,2025-01-17 13:06:17
A0000819,T00015233,risky_category,81.76,escalated,2025-04-18 12:10:00
A0000820,T00015774,high_amount,75.35,escalated,2025-01-22 03:06:25
A0000821,T00002022,risky_category,75.72,escalated,2025-08-29 01:25:15
A0000822,T00022300,new_device,73.98,review,2025-04-02 18:36:46
A0000823,T00012157,risky_category,49.94,closed,2025-02-02 04:26:34
A0000824,T00016846,cross_border,14.46,closed,2025-02-22 06:48:46
A0000825,T00012959,cross_border,41.4,closed,2025-03-11 08:52:25
A0000826,T00002709,risky_category,33.89,closed,2025-02-04 15:32:40
A0000827,T00021508,risky_category,26.54,closed,2025-11-12 13:21:39
A0000828,T00000136,new_device,98.08,escalated,2025-12-11 05:51:16
A0000829,T00018466,new_device,81.82,escalated,2025-11-14 16:45:41
A0000830,T00023492,new_device,38.6,closed,2025-11-04 17:03:43
A0000831,T00008287,blacklist_match,54.98,review,2025-09-24 00:52:36
A0000832,T00015402,velocity,59.79,review,2025-06-05 02:42:11
A0000833,T00011974,risky_category,73.54,review,2025-12-20 20:44:26
A0000834,T00021985,velocity,41.12,closed,2025-10-30 02:37:27
A0000835,T00004854,cross_border,55.69,review,2025-04-12 14:19:06
A0000836,T00007407,risky_category,57.03,review,2025-05-25 21:00:16
A0000837,T00022267,new_device,49.48,closed,2025-05-05 15:10:26
A0000838,T00006558,blacklist_match,68.07,review,2025-02-26 20:22:19
A0000839,T00008258,velocity,41.12,closed,2025-08-10 14:23:15
A0000840,T00010425,high_amount,47.29,closed,2025-04-19 23:54:04
A0000841,T00003679,new_device,67.87,review,2025-11-09 07:17:45
A0000842,T00014367,new_device,53.98,review,2025-01-22 01:46:01
A0000843,T00012080,high_amount,21.7,closed,2025-12-21 12:20:52
A0000844,T00011947,new_device,32.17,closed,2025-10-27 14:41:03
A0000845,T00017960,risky_category,62.91,review,2025-08-10 03:21:52
A0000846,T00024848,new_device,77.08,escalated,2025-04-05 08:10:26
A0000847,T00007499,new_device,57.95,review,2025-05-23 23:34:18
A0000848,T00004122,velocity,40.76,closed,2025-05-27 12:10:16
A0000849,T00007076,risky_category,55.94,review,2025-02-16 12:36:35
A0000850,T00018929,high_amount,26.56,closed,2025-08-09 06:05:21
A0000851,T00016820,velocity,60.98,review,2025-09-02 13:52:58
A0000852,T00015579,risky_category,79.46,escalated,2025-04-22 22:23:37
A0000853,T00003262,new_device,55.22,review,2025-03-09 11:33:21
A0000854,T00018216,blacklist_match,53.84,review,2025-06-18 05:05:06
A0000855,T00012347,risky_category,35.0,closed,2025-04-10 09:04:54
A0000856,T00012433,new_device,81.4,escalated,2025-10-01 15:53:06
A0000857,T00024271,new_device,81.6,escalated,2025-04-12 18:54:39
A0000858,T00013592,risky_category,52.6,review,2025-01-29 02:10:10
A0000859,T00014979,high_amount,29.89,closed,2025-07-23 04:15:35
A0000860,T00020102,cross_border,49.11,closed,2025-11-14 05:22:51
A0000861,T00002316,cross_border,65.48,review,2025-08-03 10:10:27
A0000862,T00007368,new_device,50.05,review,2025-06-26 06:26:45
A0000863,T00011456,blacklist_match,97.62,escalated,2025-10-24 05:56:54
A0000864,T00014816,high_amount,77.39,escalated,2025-06-28 06:54:50
A0000865,T00015585,risky_category,29.99,closed,2025-06-16 23:54:55
A0000866,T00003010,cross_border,19.4,closed,2025-06-05 00:46:49
A0000867,T00005411,velocity,38.75,closed,2025-10-17 16:34:04
A0000868,T00013487,new_device,75.33,escalated,2025-02-27 12:39:27
A0000869,T00023749,high_amount,23.69,closed,2025-10-05 01:59:47
A0000870,T00000495,cross_border,44.09,closed,2025-12-28 13:22:49
A0000871,T00010765,risky_category,89.01,escalated,2025-02-19 23:41:46
A0000872,T00022371,high_amount,23.76,closed,2025-07-19 07:00:19
A0000873,T00016937,velocity,37.46,closed,2025-06-30 06:27:47
A0000874,T00021490,high_amount,67.64,review,2025-04-21 09:06:05
A0000875,T00024497,velocity,68.87,review,2025-08-24 00:16:52
A0000876,T00005089,velocity,55.47,review,2025-02-25 21:17:15
A0000877,T00020857,risky_category,36.5,closed,2025-12-13 05:43:30
A0000878,T00018234,new_device,73.09,review,2025-04-04 07:42:17
A0000879,T00012537,velocity,34.27,closed,2025-03-20 11:44:15
A0000880,T00019404,new_device,44.19,closed,2025-04-14 01:12:55
A0000881,T00003945,new_device,44.32,closed,2025-12-15 03:47:41
A0000882,T00008155,risky_category,82.66,escalated,2025-04-24 07:25:13
A0000883,T00012500,cross_border,26.36,closed,2025-01-11 08:30:42
A0000884,T00002405,new_device,85.13,escalated,2025-02-01 18:55:33
A0000885,T00013849,risky_category,28.03,closed,2025-04-27 03:12:21
A0000886,T00010133,cross_border,58.97,review,2025-03-04 03:25:02
A0000887,T00005488,risky_category,78.72,escalated,2025-09-24 18:49:44
A0000888,T00011663,new_device,60.59,review,2025-10-10 15:54:08
A0000889,T00013420,velocity,21.4,closed,2025-08-30 17:47:00
A0000890,T00003545,new_device,60.83,review,2025-02-05 04:25:27
A0000891,T00007836,blacklist_match,35.38,closed,2025-07-02 01:18:03
A0000892,T00014486,cross_border,44.57,closed,2025-12-24 17:10:52
A0000893,T00016860,cross_border,53.11,review,2025-12-31 04:48:53
A0000894,T00003685,new_device,19.84,closed,2025-06-10 00:37:47
A0000895,T00020530,new_device,29.84,closed,2025-12-16 04:01:08
A0000896,T00014593,new_device,86.28,escalated,2025-03-10 06:31:19
A0000897,T00011263,velocity,100.0,escalated,2025-03-03 15:28:43
A0000898,T00009225,new_device,57.89,review,2025-01-26 13:28:03
A0000899,T00000624,velocity,72.91,review,2025-12-31 11:22:52
A0000900,T00001357,risky_category,68.88,review,2025-05-12 17:49:08
A0000901,T00015279,high_amount,39.69,closed,2025-09-29 06:40:20
A0000902,T00005690,high_amount,47.5,closed,2025-04-27 02:27:42
A0000903,T00010149,risky_category,62.17,review,2025-09-27 00:41:03
A0000904,T00010535,high_amount,57.67,review,2025-06-11 12:06:20
A0000905,T00021369,high_amount,49.76,closed,2025-06-15 11:14:50
A0000906,T00003448,cross_border,76.29,escalated,2025-10-24 17:28:53
A0000907,T00006084,high_amount,38.68,closed,2025-08-11 16:56:38
A0000908,T00010381,blacklist_match,78.54,escalated,2025-08-31 16:37:19
A0000909,T00021104,risky_category,32.76,closed,2025-09-29 15:12:54
A0000910,T00002366,risky_category,89.75,escalated,2025-06-20 22:14:35
A0000911,T00007397,cross_border,73.64,review,2025-01-08 07:51:53
A0000912,T00009715,blacklist_match,75.02,escalated,2025-02-25 20:52:19
A0000913,T00017082,velocity,66.4,review,2025-02-28 12:57:53
A0000914,T00007560,cross_border,61.82,review,2025-10-10 14:26:12
A0000915,T00006405,risky_category,96.46,escalated,2025-08-15 19:37:43
A0000916,T00020731,high_amount,34.98,closed,2025-04-24 09:21:57
A0000917,T00007126,high_amount,79.43,escalated,2025-12-05 03:12:51
A0000918,T00023587,high_amount,73.18,review,2025-07-21 00:40:37
A0000919,T00010404,risky_category,52.22,review,2025-04-06 11:47:25
A0000920,T00020328,velocity,32.82,closed,2025-05-10 11:09:25
A0000921,T00012857,cross_border,95.48,escalated,2025-05-20 18:38:02
A0000922,T00011007,new_device,52.94,review,2025-06-26 18:01:54
A0000923,T00021955,high_amount,66.31,review,2025-07-19 10:38:49
A0000924,T00022366,cross_border,46.23,closed,2025-02-13 16:23:31
A0000925,T00006186,cross_border,32.29,closed,2025-04-26 18:29:02
A0000926,T00009377,risky_category,78.33,escalated,2025-03-24 13:35:11
A0000927,T00004363,velocity,28.37,closed,2025-03-12 21:53:20
A0000928,T00018659,new_device,49.28,closed,2025-06-22 10:43:46
A0000929,T00016679,risky_category,36.04,closed,2025-07-01 22:24:23
A0000930,T00005245,cross_border,65.67,review,2025-06-19 08:23:05
A0000931,T00019706,risky_category,75.93,escalated,2025-01-07 14:02:07
A0000932,T00013970,high_amount,45.81,closed,2025-06-29 07:20:17
A0000933,T00013326,new_device,31.29,closed,2025-07-01 00:24:07
A0000934,T00005119,blacklist_match,47.42,closed,2025-06-01 09:56:04
A0000935,T00006143,risky_category,85.25,escalated,2025-01-01 16:10:25
A0000936,T00013298,high_amount,40.22,closed,2025-12-21 08:36:16
A0000937,T00016753,risky_category,34.93,closed,2025-02-27 20:55:41
A0000938,T00004151,cross_border,14.8,closed,2025-01-06 16:49:03
A0000939,T00021920,blacklist_match,48.01,closed,2025-08-10 04:14:57
A0000940,T00002573,cross_border,42.5,closed,2025-05-20 20:54:04
A0000941,T00010086,cross_border,22.38,closed,2025-07-10 06:44:18
A0000942,T00019684,velocity,71.11,review,2025-04-08 07:56:45
A0000943,T00008828,risky_category,18.37,closed,2025-02-28 14:55:53
A0000944,T00008606,risky_category,43.64,closed,2025-10-24 23:42:29
A0000945,T00007159,velocity,59.35,review,2025-04-10 10:03:42
A0000946,T00014671,high_amount,40.63,closed,2025-05-08 05:54:01
A0000947,T00002875,velocity,46.67,closed,2025-06-30 02:31:14
A0000948,T00006081,high_amount,80.32,escalated,2025-12-13 11:55:32
A0000949,T00017613,risky_category,58.67,review,2025-02-12 12:15:30
A0000950,T00019166,new_device,55.69,review,2025-09-07 06:09:21
A0000951,T00023486,high_amount,54.15,review,2025-05-27 14:50:07
A0000952,T00006155,high_amount,65.6,review,2025-03-06 09:45:52
A0000953,T00023282,blacklist_match,37.39,closed,2025-03-30 07:42:15
A0000954,T00009876,high_amount,55.06,review,2025-02-22 03:13:48
A0000955,T00017093,high_amount,81.02,escalated,2025-11-15 08:42:35
A0000956,T00008455,high_amount,63.25,review,2025-12-23 07:48:46
A0000957,T00001474,new_device,53.2,review,2025-10-30 13:15:34
A0000958,T00011259,cross_border,16.24,closed,2025-01-23 15:20:13
A0000959,T00000841,cross_border,43.85,closed,2025-06-26 15:47:35
A0000960,T00004085,new_device,68.69,review,2025-10-04 20:15:40
A0000961,T00023804,risky_category,66.32,review,2025-10-11 01:29:40
A0000962,T00023779,blacklist_match,80.05,escalated,2025-11-10 15:02:46
A0000963,T00009985,cross_border,76.56,escalated,2025-11-13 03:41:22
A0000964,T00018728,risky_category,88.64,escalated,2025-05-28 00:24:07
A0000965,T00007057,cross_border,20.43,closed,2025-05-10 04:51:18
A0000966,T00005425,risky_category,62.75,review,2025-08-15 05:15:26
A0000967,T00010568,risky_category,55.54,review,2025-05-07 09:07:11
A0000968,T00018457,velocity,70.9,review,2025-04-21 20:39:00
A0000969,T00019232,blacklist_match,47.47,closed,2025-11-27 02:59:59
A0000970,T00008429,high_amount,90.73,escalated,2025-08-05 12:17:17
A0000971,T00005251,velocity,42.67,closed,2025-09-21 04:02:33
A0000972,T00015875,new_device,35.98,closed,2025-04-18 12:21:50
A0000973,T00012025,velocity,76.28,escalated,2025-06-03 03:00:45
A0000974,T00010827,high_amount,69.65,review,2025-09-24 07:17:38
A0000975,T00021289,risky_category,54.06,review,2025-06-27 16:02:13
A0000976,T00024887,high_amount,65.1,review,2025-12-09 10:38:45
A0000977,T00014803,new_device,69.86,review,2025-04-21 23:52:37
A0000978,T00004894,new_device,47.69,closed,2025-12-13 18:22:59
A0000979,T00004411,high_amount,80.31,escalated,2025-12-02 02:05:48
A0000980,T00011072,new_device,58.18,review,2025-03-03 14:02:01
A0000981,T00024389,new_device,46.79,closed,2025-08-13 11:38:49
A0000982,T00005279,velocity,7.78,closed,2025-10-01 06:14:17
A0000983,T00019338,high_amount,73.15,review,2025-11-07 10:16:34
A0000984,T00020982,risky_category,92.26,escalated,2025-04-17 11:08:21
A0000985,T00000128,cross_border,48.12,closed,2025-06-06 04:57:11
A0000986,T00023466,risky_category,26.8,closed,2025-07-16 18:14:48
A0000987,T00009553,cross_border,3.68,closed,2025-07-04 06:21:09
A0000988,T00002086,velocity,57.09,review,2025-10-17 05:25:50
A0000989,T00006450,risky_category,41.47,closed,2025-08-10 16:59:12
A0000990,T00002516,velocity,58.7,review,2025-11-07 23:28:27
A0000991,T00009122,new_device,61.79,review,2025-07-26 22:51:27
A0000992,T00000491,high_amount,30.7,closed,2025-07-24 08:04:32
A0000993,T00001105,risky_category,15.39,closed,2025-03-01 08:55:21
A0000994,T00020153,velocity,76.9,escalated,2025-12-18 08:00:36
A0000995,T00016477,new_device,58.69,review,2025-09-17 15:13:14
A0000996,T00014476,velocity,10.39,closed,2025-11-02 21:44:49
A0000997,T00010186,new_device,20.59,closed,2025-04-08 12:12:32
A0000998,T00022451,new_device,21.47,closed,2025-06-18 15:16:21
A0000999,T00001191,velocity,84.13,escalated,2025-07-21 23:12:30
A0001000,T00021905,velocity,88.79,escalated,2025-06-07 12:36:09
A0001001,T00023006,high_amount,39.05,closed,2025-04-03 08:08:44
A0001002,T00019302,velocity,41.87,closed,2025-06-23 04:43:02
A0001003,T00019235,new_device,47.35,closed,2025-08-05 13:48:18
A0001004,T00001723,risky_category,44.31,closed,2025-12-28 12:55:45
A0001005,T00023046,high_amount,36.45,closed,2025-06-03 03:13:51
A0001006,T00005458,high_amount,33.5,closed,2025-08-09 22:42:56
A0001007,T00005172,new_device,23.07,closed,2025-04-14 09:52:43
A0001008,T00009578,velocity,48.45,closed,2025-08-04 19:23:02
A0001009,T00024015,high_amount,71.24,review,2025-04-19 09:33:53
A0001010,T00013690,cross_border,70.13,review,2025-09-23 23:25:13
A0001011,T00014897,velocity,47.61,closed,2025-04-02 05:53:15
A0001012,T00019799,velocity,91.11,escalated,2025-08-08 09:17:01
A0001013,T00022675,risky_category,30.47,closed,2025-01-26 19:04:16
A0001014,T00013471,high_amount,17.34,closed,2025-05-29 11:39:29
A0001015,T00006332,risky_category,79.61,escalated,2025-12-18 17:43:13
A0001016,T00004319,new_device,60.37,review,2025-10-28 21:45:26
A0001017,T00015840,blacklist_match,90.04,escalated,2025-03-07 18:26:42
A0001018,T00010415,new_device,36.44,closed,2025-10-13 02:15:04
A0001019,T00012677,risky_category,25.02,closed,2025-01-31 02:10:05
A0001020,T00014913,high_amount,59.34,review,2025-05-28 18:26:32
A0001021,T00023576,velocity,26.57,closed,2025-09-16 10:04:50
A0001022,T00003094,blacklist_match,75.51,escalated,2025-10-04 03:10:45
A0001023,T00022314,risky_category,87.49,escalated,2025-09-21 09:26:33
A0001024,T00014873,new_device,80.94,escalated,2025-05-21 19:34:55
A0001025,T00003254,risky_category,74.99,review,2025-09-15 13:32:37
A0001026,T00012941,risky_category,58.23,review,2025-01-04 01:12:57
A0001027,T00001332,risky_category,12.95,closed,2025-03-04 23:59:46
A0001028,T00012097,high_amount,46.66,closed,2025-08-21 12:57:10
A0001029,T00014186,high_amount,64.05,review,2025-02-26 05:57:07
A0001030,T00000902,high_amount,50.98,review,2025-04-24 16:16:00
A0001031,T00008106,cross_border,63.11,review,2025-08-12 08:02:24
A0001032,T00012480,risky_category,61.07,review,2025-03-29 16:19:29
A0001033,T00011199,risky_category,74.81,review,2025-03-18 05:57:58
A0001034,T00009572,high_amount,8.33,closed,2025-03-10 09:51:50
A0001035,T00021483,new_device,33.51,closed,2025-09-27 00:36:14
A0001036,T00008029,velocity,73.62,review,2025-06-17 22:08:08
A0001037,T00015531,velocity,58.59,review,2025-10-01 13:03:18
A0001038,T00006479,cross_border,30.47,closed,2025-01-14 00:44:06
A0001039,T00017727,risky_category,76.61,escalated,2025-11-17 22:04:02
A0001040,T00013954,velocity,98.01,escalated,2025-05-03 18:45:47
A0001041,T00008027,risky_category,15.82,closed,2025-08-02 03:07:09
A0001042,T00022484,velocity,59.15,review,2025-04-29 13:41:46
A0001043,T00007785,risky_category,83.54,escalated,2025-11-12 16:16:12
A0001044,T00018808,high_amount,97.27,escalated,2025-11-02 13:02:45
A0001045,T00013894,risky_category,61.54,review,2025-01-06 07:09:08
A0001046,T00008466,risky_category,76.87,escalated,2025-10-29 20:33:17
A0001047,T00012082,new_device,49.6,closed,2025-04-01 20:11:16
A0001048,T00011975,risky_category,52.75,review,2025-07-09 17:15:48
A0001049,T00012990,high_amount,100.0,escalated,2025-01-25 06:37:50
A0001050,T00022548,high_amount,63.56,review,2025-09-02 10:37:09
A0001051,T00023346,new_device,12.18,closed,2025-08-11 06:39:50
A0001052,T00004364,cross_border,49.18,closed,2025-12-20 18:55:31
A0001053,T00006848,risky_category,18.82,closed,2025-03-18 12:54:48
A0001054,T00002794,risky_category,33.16,closed,2025-01-24 20:07:48
A0001055,T00005542,cross_border,83.09,escalated,2025-04-15 13:38:47
A0001056,T00019008,blacklist_match,62.3,review,2025-04-29 01:20:30
A0001057,T00011996,cross_border,45.73,closed,2025-06-27 23:34:53
A0001058,T00007116,high_amount,70.28,review,2025-01-08 05:33:19
A0001059,T00011751,high_amount,35.61,closed,2025-05-20 05:58:17
A0001060,T00023705,high_amount,66.46,review,2025-12-05 12:42:58
A0001061,T00013526,risky_category,56.7,review,2025-11-04 12:21:48
A0001062,T00024702,high_amount,71.75,review,2025-05-11 00:49:56
A0001063,T00003719,high_amount,48.28,closed,2025-01-15 10:23:28
A0001064,T00012306,risky_category,34.82,closed,2025-06-24 07:17:12
A0001065,T00004057,blacklist_match,45.37,closed,2025-05-03 06:16:03
A0001066,T00020015,high_amount,94.2,escalated,2025-02-04 00:54:24
A0001067,T00021364,cross_border,63.54,review,2025-10-13 15:36:55
A0001068,T00002600,new_device,18.73,closed,2025-01-11 10:53:08
A0001069,T00006013,velocity,29.75,closed,2025-12-08 19:26:29
A0001070,T00002978,risky_category,81.0,escalated,2025-12-25 10:32:03
A0001071,T00010293,blacklist_match,38.43,closed,2025-10-23 17:24:45
A0001072,T00002068,cross_border,18.45,closed,2025-02-19 15:45:28
A0001073,T00002639,new_device,22.76,closed,2025-01-10 05:10:16
A0001074,T00019226,cross_border,26.1,closed,2025-01-02 08:13:35
A0001075,T00012849,risky_category,50.46,review,2025-09-21 09:45:04
A0001076,T00001789,cross_border,6.42,closed,2025-03-07 15:03:55
A0001077,T00009771,risky_category,83.81,escalated,2025-09-07 06:36:56
A0001078,T00009621,velocity,43.11,closed,2025-04-10 08:32:48
A0001079,T00014039,risky_category,95.39,escalated,2025-05-19 02:30:40
A0001080,T00008995,velocity,35.31,closed,2025-09-29 22:12:17
A0001081,T00020276,high_amount,96.08,escalated,2025-02-03 20:42:12
A0001082,T00005280,high_amount,53.7,review,2025-08-08 00:48:49
A0001083,T00024097,new_device,31.68,closed,2025-12-12 09:31:13
A0001084,T00008643,high_amount,91.43,escalated,2025-10-03 00:39:16
A0001085,T00022092,new_device,61.76,review,2025-08-17 21:49:11
A0001086,T00003041,velocity,70.7,review,2025-11-08 19:57:03
A0001087,T00016193,velocity,22.31,closed,2025-11-13 03:59:23
A0001088,T00001213,risky_category,89.96,escalated,2025-11-27 14:13:12
A0001089,T00014594,risky_category,32.41,closed,2025-04-08 20:16:27
A0001090,T00013333,risky_category,96.21,escalated,2025-08-03 00:47:03
A0001091,T00004337,cross_border,60.36,review,2025-06-16 23:52:25
A0001092,T00008383,velocity,22.91,closed,2025-11-27 20:26:16
A0001093,T00000584,blacklist_match,64.28,review,2025-06-20 20:08:31
A0001094,T00009758,cross_border,67.46,review,2025-01-26 11:37:51
A0001095,T00008509,new_device,67.4,review,2025-01-26 13:12:53
A0001096,T00012833,velocity,42.7,closed,2025-04-03 12:13:58
A0001097,T00015523,risky_category,15.38,closed,2025-01-16 04:57:50
A0001098,T00001219,high_amount,45.46,closed,2025-01-27 13:16:14
A0001099,T00012951,new_device,38.28,closed,2025-01-26 06:31:26
A0001100,T00002380,cross_border,39.21,closed,2025-04-25 18:12:05
A0001101,T00000921,cross_border,45.57,closed,2025-09-12 15:54:35
A0001102,T00002248,velocity,61.77,review,2025-08-26 09:56:43
A0001103,T00006860,new_device,70.56,review,2025-06-04 03:50:40
A0001104,T00004827,blacklist_match,70.62,review,2025-01-12 23:33:56
A0001105,T00008650,high_amount,100.0,escalated,2025-09-04 11:18:24
A0001106,T00000555,velocity,70.6,review,2025-02-24 18:44:14
A0001107,T00020375,velocity,63.85,review,2025-04-20 07:34:41
A0001108,T00007009,risky_category,71.54,review,2025-07-18 00:07:29
A0001109,T00015222,cross_border,49.6,closed,2025-11-28 03:51:59
A0001110,T00003716,velocity,92.93,escalated,2025-05-23 10:11:31
A0001111,T00013529,cross_border,17.72,closed,2025-02-08 00:37:07
A0001112,T00018739,velocity,70.8,review,2025-06-25 16:08:21
A0001113,T00006570,velocity,54.84,review,2025-02-03 03:54:19
A0001114,T00000031,risky_category,33.99,closed,2025-02-17 13:12:15
A0001115,T00024761,risky_category,96.46,escalated,2025-06-05 05:04:12
A0001116,T00024563,blacklist_match,39.51,closed,2025-08-20 03:58:25
A0001117,T00021544,velocity,42.95,closed,2025-01-07 03:46:27
A0001118,T00013505,cross_border,48.49,closed,2025-07-03 14:23:37
A0001119,T00001342,velocity,79.09,escalated,2025-05-07 20:15:54
A0001120,T00007269,new_device,52.18,review,2025-03-30 14:24:23
A0001121,T00000758,new_device,75.11,escalated,2025-05-13 02:04:44
A0001122,T00003484,risky_category,50.57,review,2025-06-24 07:40:53
A0001123,T00005917,high_amount,64.9,review,2025-09-15 19:47:54
A0001124,T00002030,risky_category,25.47,closed,2025-06-13 11:45:05
A0001125,T00011012,blacklist_match,85.36,escalated,2025-10-08 01:16:10
A0001126,T00008774,high_amount,80.97,escalated,2025-01-02 14:12:39
A0001127,T00016822,new_device,57.94,review,2025-08-21 06:29:23
A0001128,T00023433,new_device,61.33,review,2025-09-29 17:36:43
A0001129,T00006758,high_amount,24.34,closed,2025-10-23 04:35:48
A0001130,T00019891,risky_category,39.36,closed,2025-08-04 15:02:15
A0001131,T00009799,new_device,13.71,closed,2025-03-04 12:37:34
A0001132,T00020862,cross_border,50.57,review,2025-11-01 07:19:34
A0001133,T00014306,cross_border,31.99,closed,2025-11-03 08:23:23
A0001134,T00017193,risky_category,38.73,closed,2025-11-18 14:33:57
A0001135,T00001948,cross_border,47.13,closed,2025-05-26 01:48:03
A0001136,T00005871,high_amount,58.45,review,2025-10-06 19:48:24
A0001137,T00007044,new_device,31.35,closed,2025-05-27 15:22:30
A0001138,T00009781,high_amount,51.23,review,2025-10-06 21:40:33
A0001139,T00014653,high_amount,36.34,closed,2025-01-12 19:41:19
A0001140,T00008263,high_amount,77.58,escalated,2025-04-10 10:24:38
A0001141,T00020910,new_device,20.16,closed,2025-08-17 04:14:36
A0001142,T00003304,risky_category,88.29,escalated,2025-05-22 23:56:40
A0001143,T00017913,cross_border,35.01,closed,2025-10-25 02:56:51
A0001144,T00006242,high_amount,50.68,review,2025-01-20 00:24:16
A0001145,T00005267,risky_category,38.17,closed,2025-07-26 09:00:04
A0001146,T00022968,new_device,87.05,escalated,2025-10-26 03:20:54
A0001147,T00016339,new_device,69.57,review,2025-08-27 01:39:46
A0001148,T00020143,new_device,17.87,closed,2025-01-31 09:34:13
A0001149,T00015516,velocity,43.58,closed,2025-09-08 10:11:28
A0001150,T00022043,new_device,45.78,closed,2025-08-19 10:09:10
A0001151,T00014760,velocity,44.12,closed,2025-08-14 04:07:18
A0001152,T00007798,cross_border,69.5,review,2025-05-05 11:08:35
A0001153,T00016222,velocity,35.53,closed,2025-08-15 20:33:28
A0001154,T00016483,risky_category,52.89,review,2025-06-21 21:25:20
A0001155,T00014704,risky_category,70.51,review,2025-04-23 12:58:05
A0001156,T00006126,cross_border,12.08,closed,2025-10-02 07:24:22
A0001157,T00004451,cross_border,88.78,escalated,2025-06-21 08:39:43
A0001158,T00017486,blacklist_match,69.03,review,2025-11-23 11:14:20
A0001159,T00003578,high_amount,42.95,closed,2025-02-25 04:52:58
A0001160,T00022010,velocity,39.69,closed,2025-08-18 01:10:22
A0001161,T00006725,risky_category,72.19,review,2025-01-21 05:36:39
A0001162,T00006772,cross_border,24.82,closed,2025-09-09 16:57:00
A0001163,T00018930,velocity,13.04,closed,2025-06-25 11:50:18
A0001164,T00007246,cross_border,65.96,review,2025-11-18 09:55:31
A0001165,T00009305,risky_category,68.54,review,2025-08-18 11:30:56
A0001166,T00013263,velocity,52.58,review,2025-06-26 14:28:30
A0001167,T00006017,velocity,11.58,closed,2025-08-29 23:50:08
A0001168,T00017504,cross_border,67.81,review,2025-03-06 11:28:38
A0001169,T00004933,cross_border,75.99,escalated,2025-12-17 20:40:17
A0001170,T00022875,new_device,56.0,review,2025-05-31 02:15:14
A0001171,T00005220,risky_category,57.7,review,2025-11-27 00:06:39
A0001172,T00021362,velocity,74.68,review,2025-01-30 04:16:05
A0001173,T00004650,cross_border,46.56,closed,2025-08-30 07:44:42
A0001174,T00019123,cross_border,69.15,review,2025-01-15 06:53:53
A0001175,T00023185,high_amount,12.75,closed,2025-04-17 02:25:27
A0001176,T00005499,velocity,33.85,closed,2025-09-25 03:56:25
A0001177,T00011379,cross_border,66.81,review,2025-06-18 15:54:18
A0001178,T00003641,velocity,40.69,closed,2025-12-16 09:34:43
A0001179,T00019461,new_device,37.84,closed,2025-11-21 05:17:00
A0001180,T00024983,risky_category,34.8,closed,2025-02-18 22:09:28
A0001181,T00004824,blacklist_match,38.09,closed,2025-10-09 16:24:08
A0001182,T00019057,high_amount,64.28,review,2025-12-14 21:14:36
A0001183,T00024788,cross_border,48.17,closed,2025-03-16 19:54:41
A0001184,T00004888,velocity,4.71,closed,2025-03-23 10:13:42
A0001185,T00017196,high_amount,33.35,closed,2025-08-10 06:46:48
A0001186,T00002274,risky_category,67.54,review,2025-05-19 08:10:52
A0001187,T00008599,high_amount,53.39,review,2025-11-23 02:04:16
A0001188,T00022629,cross_border,76.87,escalated,2025-08-27 21:53:02
A0001189,T00023870,cross_border,35.59,closed,2025-12-21 06:55:51
A0001190,T00003787,risky_category,30.0,closed,2025-09-19 14:23:47
A0001191,T00005826,velocity,96.88,escalated,2025-01-07 18:28:32
A0001192,T00024678,velocity,39.38,closed,2025-12-05 14:07:55
A0001193,T00002258,new_device,57.0,review,2025-05-06 15:53:38
A0001194,T00007337,new_device,10.34,closed,2025-10-19 07:29:42
A0001195,T00011792,risky_category,55.11,review,2025-06-16 16:36:41
A0001196,T00024287,cross_border,67.41,review,2025-02-24 08:11:52
A0001197,T00019943,high_amount,14.43,closed,2025-03-27 21:51:12
A0001198,T00024474,velocity,76.6,escalated,2025-03-24 02:07:37
A0001199,T00007484,velocity,30.04,closed,2025-12-10 17:49:34
A0001200,T00020416,high_amount,41.34,closed,2025-12-09 04:55:51
A0001201,T00021824,new_device,17.76,closed,2025-07-09 15:40:00
A0001202,T00019512,velocity,22.1,closed,2025-05-04 19:04:02
A0001203,T00007818,cross_border,71.09,review,2025-02-16 20:42:36
A0001204,T00017873,blacklist_match,14.74,closed,2025-02-17 20:27:24
A0001205,T00023324,blacklist_match,27.95,closed,2025-10-21 02:10:56
A0001206,T00020891,new_device,53.01,review,2025-05-01 22:16:02
A0001207,T00020373,risky_category,94.56,escalated,2025-04-06 14:49:09
A0001208,T00018872,blacklist_match,42.56,closed,2025-07-09 20:07:22
A0001209,T00015796,velocity,50.62,review,2025-08-12 21:04:57
A0001210,T00008400,high_amount,30.77,closed,2025-04-09 14:36:06
A0001211,T00004497,velocity,43.99,closed,2025-06-13 08:27:07
A0001212,T00006579,cross_border,53.52,review,2025-12-19 09:25:08
A0001213,T00010861,new_device,91.23,escalated,2025-06-02 20:58:44
A0001214,T00007452,velocity,52.5,review,2025-12-19 07:53:42
A0001215,T00001062,velocity,69.52,review,2025-03-15 05:03:47
A0001216,T00013290,new_device,62.62,review,2025-12-08 22:20:10
A0001217,T00024254,high_amount,46.8,closed,2025-08-13 20:49:00
A0001218,T00021169,cross_border,54.0,review,2025-03-12 09:42:34
A0001219,T00013250,cross_border,21.59,closed,2025-08-25 19:08:24
A0001220,T00024373,cross_border,58.65,review,2025-09-24 08:53:42
A0001221,T00003051,risky_category,82.52,escalated,2025-12-08 04:37:16
A0001222,T00005298,risky_category,42.29,closed,2025-07-30 00:38:21
A0001223,T00013896,blacklist_match,56.6,review,2025-08-28 04:16:00
A0001224,T00020772,cross_border,67.0,review,2025-06-27 14:15:33
A0001225,T00008066,new_device,39.33,closed,2025-11-12 16:33:45
A0001226,T00009429,new_device,33.76,closed,2025-02-25 10:49:28
A0001227,T00016228,high_amount,74.08,review,2025-03-10 08:18:27
A0001228,T00005880,high_amount,90.04,escalated,2025-01-26 21:18:32
A0001229,T00017389,high_amount,64.04,review,2025-04-01 05:01:48
A0001230,T00016195,high_amount,77.67,escalated,2025-04-28 04:35:10
A0001231,T00017828,blacklist_match,58.02,review,2025-11-26 06:21:46
A0001232,T00009646,blacklist_match,36.55,closed,2025-10-16 05:01:00
A0001233,T00006844,velocity,16.78,closed,2025-01-17 03:52:54
A0001234,T00018622,velocity,13.48,closed,2025-03-25 03:28:17
A0001235,T00003296,velocity,57.24,review,2025-12-02 07:25:41
A0001236,T00002231,high_amount,54.33,review,2025-01-09 05:48:27
A0001237,T00023841,high_amount,38.0,closed,2025-06-01 00:37:29
A0001238,T00012261,velocity,47.32,closed,2025-01-19 12:07:13
A0001239,T00017343,risky_category,37.63,closed,2025-03-25 22:23:59
A0001240,T00022597,new_device,56.76,review,2025-05-30 10:15:24
A0001241,T00006531,new_device,42.57,closed,2025-03-25 01:52:39
A0001242,T00019099,new_device,61.6,review,2025-05-26 09:06:42
A0001243,T00019263,new_device,74.58,review,2025-10-31 13:37:54
A0001244,T00011549,velocity,60.53,review,2025-03-21 13:12:03
A0001245,T00005730,new_device,63.68,review,2025-04-12 08:50:07
A0001246,T00020929,velocity,52.47,review,2025-11-14 08:15:13
A0001247,T00009680,cross_border,19.49,closed,2025-08-26 06:51:32
A0001248,T00001811,new_device,54.74,review,2025-04-22 02:07:06
A0001249,T00016358,new_device,78.6,escalated,2025-08-08 01:41:56
A0001250,T00009707,risky_category,53.35,review,2025-11-28 22:08:06
A0001251,T00018564,risky_category,66.94,review,2025-02-19 17:45:10
A0001252,T00000077,risky_category,14.67,closed,2025-02-08 04:32:53
A0001253,T00010938,risky_category,36.23,closed,2025-04-25 06:21:51
A0001254,T00015902,velocity,31.24,closed,2025-07-02 16:41:53
A0001255,T00020734,velocity,12.8,closed,2025-11-24 20:32:20
A0001256,T00008161,risky_category,48.0,closed,2025-08-30 11:50:39
A0001257,T00008086,high_amount,90.84,escalated,2025-10-15 05:15:17
A0001258,T00023496,risky_category,56.04,review,2025-12-17 08:57:39
A0001259,T00017665,high_amount,75.86,escalated,2025-08-08 09:17:11
A0001260,T00013155,new_device,65.0,review,2025-12-29 12:17:48
A0001261,T00004375,velocity,59.13,review,2025-08-22 17:58:24
A0001262,T00017575,velocity,11.15,closed,2025-11-13 02:51:18
A0001263,T00003657,velocity,41.92,closed,2025-12-02 23:05:29
A0001264,T00001912,high_amount,75.18,escalated,2025-09-29 10:03:12
A0001265,T00016572,risky_category,33.64,closed,2025-07-08 12:33:09
A0001266,T00014259,new_device,83.63,escalated,2025-11-28 07:07:28
A0001267,T00020046,cross_border,44.9,closed,2025-09-24 17:03:07
A0001268,T00004232,cross_border,81.66,escalated,2025-07-08 18:21:00
A0001269,T00023695,cross_border,29.17,closed,2025-04-02 09:48:24
A0001270,T00006188,high_amount,64.39,review,2025-07-08 04:12:59
A0001271,T00020180,new_device,54.62,review,2025-05-26 03:21:32
A0001272,T00023019,risky_category,66.39,review,2025-03-12 20:39:47
A0001273,T00007300,high_amount,42.29,closed,2025-11-13 07:50:28
A0001274,T00004510,risky_category,32.82,closed,2025-10-21 03:00:54
A0001275,T00010156,new_device,26.2,closed,2025-03-27 09:24:55
A0001276,T00023526,risky_category,23.47,closed,2025-10-07 20:39:13
A0001277,T00016423,velocity,17.59,closed,2025-09-25 18:59:45
A0001278,T00011530,velocity,40.87,closed,2025-06-02 08:11:38
A0001279,T00011987,blacklist_match,52.38,review,2025-11-08 08:02:55
A0001280,T00007151,cross_border,35.82,closed,2025-07-18 21:23:50
A0001281,T00020232,cross_border,32.93,closed,2025-06-02 08:56:02
A0001282,T00011569,new_device,39.99,closed,2025-09-29 21:53:24
A0001283,T00012546,risky_category,76.23,escalated,2025-05-03 12:00:59
A0001284,T00023449,cross_border,8.86,closed,2025-06-16 15:09:50
A0001285,T00023693,velocity,55.38,review,2025-02-13 22:41:26
A0001286,T00001046,risky_category,74.75,review,2025-02-13 14:37:12
A0001287,T00005253,cross_border,63.23,review,2025-05-16 09:13:08
A0001288,T00015866,high_amount,72.76,review,2025-04-03 10:53:42
A0001289,T00019791,new_device,44.23,closed,2025-01-01 22:03:08
A0001290,T00008999,high_amount,6.1,closed,2025-10-27 20:39:24
A0001291,T00022563,high_amount,35.1,closed,2025-02-01 12:28:35
A0001292,T00003630,new_device,35.1,closed,2025-02-13 16:33:18
A0001293,T00008935,risky_category,47.75,closed,2025-07-15 09:15:01
A0001294,T00003653,risky_category,63.19,review,2025-10-25 16:51:42
A0001295,T00008680,velocity,43.35,closed,2025-10-02 20:00:32
A0001296,T00007321,cross_border,64.75,review,2025-03-30 00:48:11
A0001297,T00001207,velocity,20.33,closed,2025-12-04 20:53:08
A0001298,T00005094,high_amount,30.16,closed,2025-08-12 05:47:06
A0001299,T00013605,risky_category,42.93,closed,2025-11-16 05:45:26
A0001300,T00024985,cross_border,73.09,review,2025-04-21 06:11:27
A0001301,T00022091,new_device,79.37,escalated,2025-07-14 05:19:06
A0001302,T00006379,cross_border,80.75,escalated,2025-09-26 19:33:57
A0001303,T00013864,risky_category,47.65,closed,2025-02-27 03:02:16
A0001304,T00000216,cross_border,26.49,closed,2025-09-26 09:53:29
A0001305,T00012449,high_amount,35.76,closed,2025-11-27 15:09:01
A0001306,T00002084,cross_border,61.44,review,2025-06-02 13:45:34
A0001307,T00003829,cross_border,64.29,review,2025-06-01 12:54:26
A0001308,T00016205,risky_category,44.46,closed,2025-06-16 05:43:04
A0001309,T00020626,risky_category,92.57,escalated,2025-10-10 09:41:42
A0001310,T00014128,velocity,71.0,review,2025-07-05 00:58:26
A0001311,T00000396,velocity,76.19,escalated,2025-11-22 00:52:26
A0001312,T00015140,risky_category,33.07,closed,2025-12-01 13:50:54
A0001313,T00015016,velocity,58.35,review,2025-07-14 14:03:28
A0001314,T00003402,new_device,38.76,closed,2025-09-02 07:01:45
A0001315,T00008858,risky_category,82.58,escalated,2025-04-27 08:51:22
A0001316,T00014954,velocity,62.7,review,2025-03-18 08:10:05
A0001317,T00016419,risky_category,66.05,review,2025-07-18 14:25:07
A0001318,T00011219,velocity,63.62,review,2025-06-08 06:14:47
A0001319,T00021267,blacklist_match,68.49,review,2025-07-24 01:33:02
A0001320,T00021941,velocity,85.77,escalated,2025-05-04 06:09:41
A0001321,T00023271,velocity,19.0,closed,2025-02-01 13:52:14
A0001322,T00024437,new_device,37.63,closed,2025-11-22 14:18:11
A0001323,T00011581,new_device,73.42,review,2025-04-09 05:01:12
A0001324,T00010586,velocity,27.72,closed,2025-12-26 21:35:04
A0001325,T00001602,velocity,90.28,escalated,2025-03-28 14:09:55
A0001326,T00021864,risky_category,21.46,closed,2025-03-15 12:45:22
A0001327,T00004421,velocity,75.61,escalated,2025-05-26 14:23:09
A0001328,T00022370,cross_border,77.42,escalated,2025-08-15 00:10:18
A0001329,T00019557,velocity,72.56,review,2025-01-26 19:47:46
A0001330,T00003336,risky_category,57.88,review,2025-03-22 05:06:36
A0001331,T00006262,velocity,67.14,review,2025-10-02 07:18:38
A0001332,T00020489,risky_category,71.65,review,2025-05-06 13:40:34
A0001333,T00020018,new_device,40.93,closed,2025-08-16 11:55:54
A0001334,T00020273,velocity,32.26,closed,2025-10-24 01:33:54
A0001335,T00019969,cross_border,60.24,review,2025-01-09 13:34:56
A0001336,T00021870,cross_border,82.77,escalated,2025-05-07 16:09:03
A0001337,T00006969,blacklist_match,24.65,closed,2025-02-10 11:15:43
A0001338,T00008776,blacklist_match,70.75,review,2025-03-08 03:50:54
A0001339,T00023798,risky_category,75.33,escalated,2025-07-19 15:15:50
A0001340,T00015742,cross_border,35.78,closed,2025-01-11 21:06:32
A0001341,T00012017,new_device,18.7,closed,2025-10-25 09:12:04
A0001342,T00002811,velocity,21.12,closed,2025-02-21 14:56:55
A0001343,T00024694,high_amount,76.69,escalated,2025-04-24 20:28:31
A0001344,T00008504,new_device,58.06,review,2025-05-26 22:36:36
A0001345,T00024315,blacklist_match,41.29,closed,2025-08-16 06:45:45
A0001346,T00000335,blacklist_match,96.1,escalated,2025-02-19 03:15:37
A0001347,T00022904,new_device,94.14,escalated,2025-07-04 07:29:28
A0001348,T00017471,risky_category,44.88,closed,2025-05-03 06:19:14
A0001349,T00012763,risky_category,10.57,closed,2025-01-12 21:25:21
A0001350,T00007455,risky_category,45.34,closed,2025-12-19 07:17:16
A0001351,T00011631,risky_category,56.96,review,2025-12-04 08:58:19
A0001352,T00015602,risky_category,34.89,closed,2025-09-28 07:21:32
A0001353,T00006690,velocity,55.85,review,2025-11-14 13:02:57
A0001354,T00008025,high_amount,58.41,review,2025-08-17 18:56:58
A0001355,T00022460,new_device,50.01,review,2025-12-26 08:42:22
A0001356,T00004527,high_amount,52.05,review,2025-04-21 14:26:56
A0001357,T00012436,cross_border,81.44,escalated,2025-01-23 16:39:51
A0001358,T00020735,velocity,35.04,closed,2025-11-16 20:38:42
A0001359,T00011594,blacklist_match,58.32,review,2025-01-22 05:55:07
A0001360,T00008730,new_device,77.91,escalated,2025-09-19 16:33:05
A0001361,T00017560,velocity,70.95,review,2025-12-16 02:57:39
A0001362,T00006676,new_device,59.24,review,2025-11-16 08:42:51
A0001363,T00008109,new_device,90.33,escalated,2025-07-10 16:24:26
A0001364,T00015967,velocity,32.98,closed,2025-06-07 09:14:56
A0001365,T00019080,velocity,50.77,review,2025-04-11 22:12:22
A0001366,T00015858,velocity,56.39,review,2025-04-11 05:07:00
A0001367,T00009426,cross_border,41.41,closed,2025-04-12 15:52:06
A0001368,T00007431,velocity,33.79,closed,2025-07-01 22:43:52
A0001369,T00020736,new_device,65.34,review,2025-06-21 05:29:18
A0001370,T00020928,high_amount,24.95,closed,2025-01-29 03:13:27
A0001371,T00018170,new_device,53.59,review,2025-08-21 17:09:36
A0001372,T00011649,high_amount,18.33,closed,2025-07-09 18:56:25
A0001373,T00011051,velocity,87.83,escalated,2025-01-01 14:08:37
A0001374,T00010243,new_device,37.54,closed,2025-12-15 23:20:38
A0001375,T00000885,risky_category,44.47,closed,2025-05-18 23:05:49
A0001376,T00017452,velocity,32.29,closed,2025-04-27 23:31:36
A0001377,T00001064,high_amount,30.97,closed,2025-03-25 16:54:06
A0001378,T00014577,high_amount,30.11,closed,2025-05-13 15:29:13
A0001379,T00002562,risky_category,53.21,review,2025-06-18 10:07:37
A0001380,T00012372,risky_category,53.7,review,2025-04-14 02:03:22
A0001381,T00008329,high_amount,65.01,review,2025-09-22 23:18:48
A0001382,T00015662,cross_border,32.33,closed,2025-06-07 08:33:13
A0001383,T00019027,risky_category,48.58,closed,2025-08-15 09:59:22
A0001384,T00019944,new_device,85.29,escalated,2025-09-02 08:02:03
A0001385,T00007993,cross_border,45.5,closed,2025-10-05 07:15:00
A0001386,T00012465,new_device,42.73,closed,2025-09-19 15:18:13
A0001387,T00011738,velocity,73.2,review,2025-07-03 15:34:14
A0001388,T00006737,velocity,85.11,escalated,2025-07-25 17:41:17
A0001389,T00012543,risky_category,98.16,escalated,2025-08-10 17:20:10
A0001390,T00020566,velocity,37.63,closed,2025-01-15 06:27:33
A0001391,T00001323,high_amount,85.05,escalated,2025-06-16 09:57:54
A0001392,T00022799,risky_category,45.36,closed,2025-01-14 12:38:35
A0001393,T00012599,high_amount,68.93,review,2025-10-31 08:11:52
A0001394,T00003435,risky_category,52.16,review,2025-09-10 05:48:10
A0001395,T00005791,cross_border,67.38,review,2025-01-26 20:09:54
A0001396,T00016537,velocity,57.78,review,2025-01-20 10:37:35
A0001397,T00015297,new_device,67.27,review,2025-12-20 22:27:19
A0001398,T00000291,high_amount,78.55,escalated,2025-01-09 02:49:29
A0001399,T00001265,cross_border,40.04,closed,2025-05-01 08:14:23
A0001400,T00014437,risky_category,11.1,closed,2025-07-26 04:17:45
A0001401,T00020775,high_amount,95.2,escalated,2025-12-24 11:26:36
A0001402,T00011172,new_device,71.25,review,2025-08-11 09:19:34
A0001403,T00019418,cross_border,39.29,closed,2025-05-20 10:07:36
A0001404,T00024485,high_amount,31.44,closed,2025-07-02 20:01:40
A0001405,T00019604,risky_category,58.99,review,2025-06-15 03:43:56
A0001406,T00001310,blacklist_match,52.95,review,2025-08-31 21:43:57
A0001407,T00015412,cross_border,50.49,review,2025-01-10 09:09:51
A0001408,T00017256,velocity,71.55,review,2025-07-02 02:37:21
A0001409,T00000275,cross_border,13.34,closed,2025-02-12 10:58:34
A0001410,T00010625,cross_border,76.64,escalated,2025-02-24 19:20:36
A0001411,T00015649,cross_border,11.86,closed,2025-06-16 09:14:30
A0001412,T00004784,velocity,71.69,review,2025-11-25 04:52:03
A0001413,T00000169,velocity,69.32,review,2025-05-19 18:20:30
A0001414,T00023353,cross_border,87.42,escalated,2025-03-30 22:03:27
A0001415,T00020784,cross_border,49.72,closed,2025-07-20 04:53:39
A0001416,T00024744,new_device,56.21,review,2025-07-04 01:37:42
A0001417,T00005984,risky_category,88.41,escalated,2025-09-21 09:37:03
A0001418,T00013706,cross_border,44.07,closed,2025-09-21 15:52:44
A0001419,T00013556,high_amount,30.78,closed,2025-01-16 08:27:09
A0001420,T00021197,risky_category,36.58,closed,2025-05-25 16:38:54
A0001421,T00022007,risky_category,38.15,closed,2025-06-10 17:57:15
A0001422,T00002629,cross_border,20.75,closed,2025-04-11 13:17:19
A0001423,T00002458,velocity,13.97,closed,2025-06-16 22:08:43
A0001424,T00022714,new_device,49.44,closed,2025-06-23 11:29:17
A0001425,T00005053,high_amount,30.16,closed,2025-09-19 16:12:49
A0001426,T00020433,velocity,16.28,closed,2025-04-06 11:24:58
A0001427,T00011749,velocity,100.0,escalated,2025-10-17 12:58:50
A0001428,T00015512,velocity,53.0,review,2025-08-16 09:35:02
A0001429,T00009031,velocity,39.45,closed,2025-01-27 01:37:16
A0001430,T00020311,high_amount,80.01,escalated,2025-02-03 17:29:07
A0001431,T00017356,new_device,17.61,closed,2025-05-02 08:09:28
A0001432,T00011313,risky_category,73.35,review,2025-03-18 19:55:13
A0001433,T00024478,new_device,63.88,review,2025-11-29 00:27:43
A0001434,T00013798,high_amount,91.48,escalated,2025-09-18 14:49:45
A0001435,T00005641,velocity,32.4,closed,2025-09-19 08:02:44
A0001436,T00015750,new_device,38.72,closed,2025-04-07 09:19:27
A0001437,T00003000,high_amount,48.58,closed,2025-01-16 18:31:48
A0001438,T00020324,risky_category,66.08,review,2025-09-06 00:28:33
A0001439,T00015420,velocity,100.0,escalated,2025-08-20 15:29:03
A0001440,T00018379,new_device,37.45,closed,2025-09-23 03:35:41
A0001441,T00016273,blacklist_match,34.3,closed,2025-08-20 08:08:17
A0001442,T00013696,high_amount,63.42,review,2025-06-10 16:03:38
A0001443,T00014649,cross_border,13.07,closed,2025-09-25 03:37:24
A0001444,T00002260,new_device,85.13,escalated,2025-04-22 07:28:15
A0001445,T00013643,cross_border,56.98,review,2025-12-26 03:30:17
A0001446,T00010129,velocity,61.12,review,2025-11-28 03:02:52
A0001447,T00008181,risky_category,73.75,review,2025-01-15 19:06:44
A0001448,T00008314,risky_category,43.98,closed,2025-12-28 20:17:49
A0001449,T00011116,new_device,33.15,closed,2025-12-11 06:51:14
A0001450,T00014950,new_device,38.52,closed,2025-10-26 07:01:48
A0001451,T00010989,risky_category,65.76,review,2025-12-09 21:40:29
A0001452,T00000312,blacklist_match,27.88,closed,2025-08-17 20:06:28
A0001453,T00003523,high_amount,77.33,escalated,2025-01-22 13:10:08
A0001454,T00010848,new_device,66.46,review,2025-08-12 15:33:43
A0001455,T00015991,velocity,55.14,review,2025-10-11 12:32:04
A0001456,T00003271,high_amount,81.46,escalated,2025-03-26 14:32:53
A0001457,T00020787,new_device,55.57,review,2025-01-17 19:28:01
A0001458,T00011824,risky_category,44.47,closed,2025-02-16 21:48:33
A0001459,T00017943,cross_border,36.79,closed,2025-05-02 12:02:23
A0001460,T00009085,velocity,53.81,review,2025-12-16 20:15:43
A0001461,T00024293,velocity,69.21,review,2025-03-31 20:11:18
A0001462,T00005185,risky_category,59.49,review,2025-04-28 05:11:01
A0001463,T00008060,blacklist_match,79.57,escalated,2025-03-28 04:01:45
A0001464,T00024463,new_device,53.1,review,2025-09-05 18:56:45
A0001465,T00013740,cross_border,50.86,review,2025-10-28 04:54:21
A0001466,T00007804,velocity,12.13,closed,2025-02-27 14:18:16
A0001467,T00014106,velocity,85.78,escalated,2025-08-25 19:18:38
A0001468,T00006377,velocity,41.01,closed,2025-02-18 10:18:37
A0001469,T00011846,new_device,77.58,escalated,2025-11-14 15:32:37
A0001470,T00022470,high_amount,71.51,review,2025-11-13 07:37:12
A0001471,T00015977,high_amount,31.52,closed,2025-02-23 07:51:41
A0001472,T00000789,blacklist_match,28.52,closed,2025-10-03 03:28:44
A0001473,T00022329,cross_border,87.92,escalated,2025-07-04 00:32:13
A0001474,T00010534,high_amount,76.25,escalated,2025-05-26 03:36:42
A0001475,T00021282,cross_border,61.27,review,2025-01-17 00:50:49
A0001476,T00001518,velocity,76.77,escalated,2025-02-02 19:46:09
A0001477,T00016498,cross_border,41.5,closed,2025-05-26 22:21:09
A0001478,T00002882,velocity,28.58,closed,2025-10-18 09:02:15
A0001479,T00000430,velocity,38.97,closed,2025-03-27 14:18:46
A0001480,T00005742,risky_category,23.59,closed,2025-11-14 05:32:24
A0001481,T00017558,velocity,67.11,review,2025-06-29 20:40:21
A0001482,T00011510,new_device,83.22,escalated,2025-08-02 21:28:48
A0001483,T00016741,velocity,68.21,review,2025-05-28 10:09:07
A0001484,T00006870,blacklist_match,63.39,review,2025-12-17 13:13:42
A0001485,T00016158,velocity,46.85,closed,2025-12-14 07:39:27
A0001486,T00004692,new_device,92.81,escalated,2025-04-22 22:29:22
A0001487,T00017328,velocity,52.63,review,2025-05-11 00:05:06
A0001488,T00000674,velocity,84.35,escalated,2025-01-07 07:15:12
A0001489,T00020841,cross_border,100.0,escalated,2025-04-24 05:30:33
A0001490,T00001600,blacklist_match,39.56,closed,2025-10-04 17:22:18
A0001491,T00012769,velocity,50.42,review,2025-05-28 07:05:28
A0001492,T00000621,velocity,41.19,closed,2025-08-23 12:00:20
A0001493,T00020009,high_amount,34.17,closed,2025-10-03 13:33:51
A0001494,T00014628,velocity,50.04,review,2025-12-05 19:40:49
A0001495,T00018878,high_amount,63.24,review,2025-05-04 00:20:50
A0001496,T00016472,cross_border,51.22,review,2025-06-30 08:02:59
A0001497,T00001785,new_device,8.63,closed,2025-02-20 01:51:15
A0001498,T00006657,cross_border,80.42,escalated,2025-09-24 03:57:46
A0001499,T00011852,risky_category,14.96,closed,2025-05-08 22:12:53
A0001500,T00023733,velocity,57.35,review,2025-06-08 08:02:50
A0001501,T00011281,cross_border,26.49,closed,2025-04-10 03:43:23
A0001502,T00022207,high_amount,49.28,closed,2025-09-09 11:55:29
A0001503,T00012336,new_device,31.12,closed,2025-08-15 17:26:40
A0001504,T00004564,cross_border,7.58,closed,2025-07-26 16:18:37
A0001505,T00009773,risky_category,64.98,review,2025-07-20 12:46:17
A0001506,T00009123,velocity,30.18,closed,2025-04-28 14:09:27
A0001507,T00011130,risky_category,68.45,review,2025-05-21 07:22:20
A0001508,T00003633,cross_border,33.76,closed,2025-02-17 23:07:07
A0001509,T00005174,blacklist_match,16.99,closed,2025-07-18 09:11:39
A0001510,T00010211,velocity,10.66,closed,2025-02-21 00:50:42
A0001511,T00010798,velocity,66.07,review,2025-06-17 07:09:44
A0001512,T00020789,velocity,52.31,review,2025-06-21 03:23:37
A0001513,T00021908,high_amount,19.93,closed,2025-09-11 02:29:55
A0001514,T00016593,high_amount,46.49,closed,2025-01-27 16:05:28
A0001515,T00021561,cross_border,84.18,escalated,2025-07-28 06:14:32
A0001516,T00023159,high_amount,10.92,closed,2025-08-15 09:36:10
A0001517,T00022734,high_amount,54.81,review,2025-08-23 00:49:01
A0001518,T00017338,high_amount,42.14,closed,2025-06-02 06:58:30
A0001519,T00010245,high_amount,71.86,review,2025-09-11 14:08:12
A0001520,T00005800,velocity,91.93,escalated,2025-07-13 19:10:52
A0001521,T00007961,new_device,17.93,closed,2025-12-13 13:22:33
A0001522,T00015320,new_device,96.22,escalated,2025-03-02 00:00:10
A0001523,T00017302,cross_border,58.76,review,2025-10-02 19:26:38
A0001524,T00007083,new_device,41.65,closed,2025-02-04 13:07:53
A0001525,T00005755,velocity,74.54,review,2025-09-24 17:30:17
A0001526,T00024475,risky_category,69.66,review,2025-06-24 15:00:06
A0001527,T00017668,blacklist_match,66.89,review,2025-05-05 18:50:47
A0001528,T00018283,new_device,24.28,closed,2025-05-02 22:28:16
A0001529,T00007112,high_amount,56.06,review,2025-06-16 17:28:03
A0001530,T00003868,cross_border,63.12,review,2025-06-11 12:12:43
A0001531,T00020860,high_amount,11.39,closed,2025-10-04 07:22:16
A0001532,T00009678,new_device,97.3,escalated,2025-01-09 17:43:44
A0001533,T00012032,velocity,25.11,closed,2025-11-20 12:33:10
A0001534,T00008795,velocity,42.89,closed,2025-04-20 03:19:08
A0001535,T00020516,new_device,21.73,closed,2025-07-07 13:50:08
A0001536,T00010630,risky_category,53.9,review,2025-08-24 08:36:21
A0001537,T00018376,risky_category,34.56,closed,2025-06-02 05:12:23
A0001538,T00022673,velocity,85.45,escalated,2025-11-10 02:42:18
A0001539,T00017746,cross_border,63.46,review,2025-08-01 08:51:37
A0001540,T00015358,velocity,44.61,closed,2025-04-27 19:16:27
A0001541,T00019209,risky_category,45.21,closed,2025-05-06 15:07:14
A0001542,T00022024,high_amount,54.04,review,2025-01-05 15:07:57
A0001543,T00014999,velocity,24.9,closed,2025-09-30 13:37:17
A0001544,T00014206,cross_border,33.17,closed,2025-11-01 23:58:15
A0001545,T00017563,cross_border,17.92,closed,2025-09-29 23:32:17
A0001546,T00000316,velocity,57.75,review,2025-11-02 11:19:02
A0001547,T00022601,cross_border,54.28,review,2025-11-15 13:55:37
A0001548,T00005664,high_amount,3.41,closed,2025-11-14 23:26:33
A0001549,T00004821,cross_border,52.52,review,2025-03-05 20:54:57
A0001550,T00011732,cross_border,58.96,review,2025-05-10 07:26:17
A0001551,T00015679,new_device,74.23,review,2025-08-16 21:46:01
A0001552,T00022240,new_device,29.89,closed,2025-01-27 09:18:12
A0001553,T00022860,new_device,54.19,review,2025-09-28 07:32:07
A0001554,T00005290,cross_border,34.68,closed,2025-11-24 17:33:38
A0001555,T00020556,velocity,77.24,escalated,2025-07-21 23:29:15
A0001556,T00006842,risky_category,41.97,closed,2025-08-14 20:16:41
A0001557,T00000543,new_device,45.05,closed,2025-11-07 20:15:30
A0001558,T00020394,blacklist_match,28.55,closed,2025-05-25 08:48:54
A0001559,T00003048,velocity,47.78,closed,2025-08-31 12:07:01
A0001560,T00018075,velocity,60.2,review,2025-07-27 19:07:18
A0001561,T00009673,velocity,87.93,escalated,2025-06-08 20:01:17
A0001562,T00015386,high_amount,19.34,closed,2025-06-12 00:48:09
A0001563,T00001036,high_amount,72.39,review,2025-11-17 02:44:22
A0001564,T00017393,velocity,86.98,escalated,2025-11-07 19:16:27
A0001565,T00001850,risky_category,39.6,closed,2025-10-04 11:17:22
A0001566,T00013462,new_device,33.72,closed,2025-05-06 10:14:41
A0001567,T00011194,high_amount,29.75,closed,2025-08-23 10:26:37
A0001568,T00001612,blacklist_match,73.87,review,2025-03-30 22:18:42
A0001569,T00020483,velocity,54.19,review,2025-04-24 09:42:51
A0001570,T00005961,high_amount,43.93,closed,2025-09-24 05:12:52
A0001571,T00001214,high_amount,32.14,closed,2025-10-06 18:38:43
A0001572,T00005215,high_amount,51.59,review,2025-05-08 15:42:33
A0001573,T00005897,blacklist_match,32.85,closed,2025-05-30 23:53:29
A0001574,T00007382,blacklist_match,78.94,escalated,2025-08-18 06:26:18
A0001575,T00006954,risky_category,84.94,escalated,2025-08-19 15:57:50
A0001576,T00023645,high_amount,54.96,review,2025-09-07 06:23:07
A0001577,T00002009,new_device,43.28,closed,2025-02-05 16:20:06
A0001578,T00010233,velocity,27.05,closed,2025-01-28 07:44:40
A0001579,T00015790,high_amount,36.58,closed,2025-01-23 18:48:18
A0001580,T00010951,high_amount,51.12,review,2025-12-04 20:39:46
A0001581,T00024308,cross_border,82.47,escalated,2025-04-26 04:59:18
A0001582,T00015197,new_device,72.7,review,2025-09-17 23:14:28
A0001583,T00007242,high_amount,65.23,review,2025-03-21 22:06:42
A0001584,T00021600,cross_border,20.46,closed,2025-08-17 06:10:19
A0001585,T00019783,velocity,54.44,review,2025-06-16 01:26:48
A0001586,T00022380,cross_border,42.74,closed,2025-02-24 12:12:19
A0001587,T00021594,new_device,26.76,closed,2025-05-31 15:24:14
A0001588,T00003935,blacklist_match,48.52,closed,2025-01-19 14:14:43
A0001589,T00021161,high_amount,45.65,closed,2025-09-05 18:24:22
A0001590,T00021033,cross_border,59.27,review,2025-11-23 13:59:46
A0001591,T00004780,velocity,59.0,review,2025-06-16 12:41:56
A0001592,T00015309,cross_border,58.76,review,2025-08-12 20:29:17
A0001593,T00019278,risky_category,90.13,escalated,2025-06-04 20:57:23
A0001594,T00016338,high_amount,12.55,closed,2025-03-31 14:19:25
A0001595,T00005030,cross_border,41.69,closed,2025-10-29 17:41:47
A0001596,T00006741,risky_category,56.84,review,2025-02-26 22:31:46
A0001597,T00018078,high_amount,41.39,closed,2025-08-27 16:10:03
A0001598,T00011766,velocity,39.81,closed,2025-06-12 04:17:04
A0001599,T00006356,velocity,25.77,closed,2025-01-09 07:15:25
A0001600,T00017605,risky_category,84.12,escalated,2025-10-14 07:36:21
A0001601,T00020045,blacklist_match,36.29,closed,2025-06-20 23:52:07
A0001602,T00015266,risky_category,35.96,closed,2025-11-08 22:37:41
A0001603,T00016403,new_device,61.12,review,2025-08-12 14:38:00
A0001604,T00019743,blacklist_match,45.1,closed,2025-07-17 22:59:24
A0001605,T00009297,velocity,72.12,review,2025-04-17 07:36:48
A0001606,T00019690,risky_category,19.57,closed,2025-08-02 07:55:20
A0001607,T00003756,velocity,35.72,closed,2025-10-26 12:59:27
A0001608,T00003885,high_amount,39.4,closed,2025-11-14 16:38:59
A0001609,T00004823,blacklist_match,46.57,closed,2025-10-30 21:13:01
A0001610,T00001387,velocity,82.32,escalated,2025-06-17 22:30:33
A0001611,T00020237,risky_category,50.71,review,2025-09-10 08:53:57
A0001612,T00004444,high_amount,37.35,closed,2025-01-31 00:49:56
A0001613,T00004297,risky_category,94.52,escalated,2025-05-08 15:00:18
A0001614,T00006983,high_amount,77.81,escalated,2025-04-11 11:08:54
A0001615,T00013682,high_amount,45.63,closed,2025-01-16 14:04:38
A0001616,T00014201,cross_border,17.89,closed,2025-03-20 15:38:46
A0001617,T00020814,risky_category,78.1,escalated,2025-03-24 21:40:38
A0001618,T00021135,velocity,77.8,escalated,2025-08-02 09:58:01
A0001619,T00004872,risky_category,77.89,escalated,2025-02-04 23:38:11
A0001620,T00022740,blacklist_match,87.88,escalated,2025-04-04 03:25:35
A0001621,T00003708,cross_border,44.96,closed,2025-08-10 21:53:13
A0001622,T00017518,cross_border,64.34,review,2025-12-18 09:38:38
A0001623,T00023169,velocity,62.26,review,2025-12-07 10:10:25
A0001624,T00008897,risky_category,45.76,closed,2025-05-27 04:59:40
A0001625,T00003723,risky_category,69.11,review,2025-06-03 16:11:11
A0001626,T00004164,risky_category,58.76,review,2025-06-19 00:15:36
A0001627,T00004205,high_amount,83.65,escalated,2025-10-10 14:26:52
A0001628,T00008036,risky_category,78.44,escalated,2025-12-28 17:53:47
A0001629,T00012392,cross_border,23.12,closed,2025-05-13 01:00:06
A0001630,T00020825,new_device,14.92,closed,2025-03-21 06:19:43
A0001631,T00000963,velocity,46.7,closed,2025-06-26 02:09:14
A0001632,T00000391,cross_border,38.63,closed,2025-07-19 21:55:28
A0001633,T00008607,blacklist_match,45.93,closed,2025-04-29 14:36:00
A0001634,T00004831,velocity,62.47,review,2025-04-04 11:33:40
A0001635,T00021146,high_amount,11.81,closed,2025-08-21 19:36:35
A0001636,T00018358,cross_border,30.74,closed,2025-08-29 13:44:07
A0001637,T00007317,new_device,89.88,escalated,2025-11-13 23:42:50
A0001638,T00023499,cross_border,28.47,closed,2025-10-26 23:07:14
A0001639,T00020875,new_device,39.29,closed,2025-08-10 06:04:20
A0001640,T00012735,new_device,13.17,closed,2025-12-20 00:01:16
A0001641,T00013852,risky_category,36.42,closed,2025-07-04 14:31:15
A0001642,T00013724,high_amount,60.35,review,2025-12-26 15:33:21
A0001643,T00002109,new_device,16.56,closed,2025-03-20 15:38:38
A0001644,T00007826,cross_border,34.17,closed,2025-04-15 19:20:30
A0001645,T00020660,new_device,63.23,review,2025-07-27 19:01:46
A0001646,T00008117,high_amount,65.06,review,2025-04-26 18:24:57
A0001647,T00008200,high_amount,75.68,escalated,2025-06-19 01:16:24
A0001648,T00024298,blacklist_match,42.8,closed,2025-05-21 05:31:07
A0001649,T00024779,blacklist_match,77.47,escalated,2025-08-02 21:44:34
A0001650,T00021242,new_device,23.2,closed,2025-02-25 01:13:20
A0001651,T00020639,cross_border,60.56,review,2025-10-15 09:45:34
A0001652,T00013700,cross_border,62.36,review,2025-08-08 21:21:13
A0001653,T00008861,velocity,47.27,closed,2025-01-29 15:16:35
A0001654,T00000662,risky_category,14.12,closed,2025-07-07 14:31:16
A0001655,T00010061,new_device,62.99,review,2025-01-25 05:32:32
A0001656,T00014910,blacklist_match,48.08,closed,2025-09-29 09:12:08
A0001657,T00012160,velocity,44.47,closed,2025-01-16 05:09:55
A0001658,T00007211,new_device,12.48,closed,2025-01-25 04:46:52
A0001659,T00011399,high_amount,38.92,closed,2025-07-08 04:53:24
A0001660,T00014038,risky_category,84.41,escalated,2025-07-02 17:27:05
A0001661,T00011494,cross_border,46.58,closed,2025-05-17 15:14:16
A0001662,T00012933,new_device,33.65,closed,2025-09-02 14:22:16
A0001663,T00015322,new_device,7.01,closed,2025-01-16 13:42:11
A0001664,T00009500,risky_category,51.58,review,2025-08-04 15:32:47
A0001665,T00011242,new_device,73.4,review,2025-06-13 05:39:07
A0001666,T00004874,velocity,30.16,closed,2025-11-03 10:44:01
A0001667,T00007935,cross_border,30.94,closed,2025-09-10 07:57:07
A0001668,T00019623,risky_category,55.94,review,2025-02-08 22:42:29
A0001669,T00019146,new_device,65.96,review,2025-06-20 23:10:16
A0001670,T00002674,high_amount,54.53,review,2025-11-02 02:42:50
A0001671,T00010305,risky_category,70.33,review,2025-05-17 14:56:04
A0001672,T00000334,blacklist_match,64.48,review,2025-12-15 13:44:40
A0001673,T00015911,new_device,25.57,closed,2025-01-25 15:57:18
A0001674,T00012298,new_device,15.77,closed,2025-11-10 09:09:50
A0001675,T00007365,new_device,75.65,escalated,2025-08-24 20:05:46
A0001676,T00002656,high_amount,18.61,closed,2025-12-11 17:41:49
A0001677,T00016742,high_amount,61.38,review,2025-10-24 05:51:13
A0001678,T00012438,velocity,36.74,closed,2025-11-09 20:49:04
A0001679,T00020292,velocity,100.0,escalated,2025-07-14 10:28:38
A0001680,T00023161,risky_category,52.05,review,2025-11-15 09:27:40
A0001681,T00001209,cross_border,58.7,review,2025-12-10 03:28:57
A0001682,T00010550,new_device,49.56,closed,2025-03-16 14:17:12
A0001683,T00015207,new_device,56.71,review,2025-04-03 04:21:47
A0001684,T00023025,cross_border,78.35,escalated,2025-07-20 07:07:11
A0001685,T00019081,risky_category,82.87,escalated,2025-07-19 18:39:20
A0001686,T00000871,new_device,79.13,escalated,2025-08-16 09:20:30
A0001687,T00020777,risky_category,75.1,escalated,2025-04-04 07:30:45
A0001688,T00016888,blacklist_match,49.65,closed,2025-07-31 10:07:54
A0001689,T00001117,high_amount,98.19,escalated,2025-02-15 21:19:20
A0001690,T00010721,cross_border,25.15,closed,2025-09-30 08:41:17
A0001691,T00001281,blacklist_match,61.02,review,2025-08-10 02:56:50
A0001692,T00003676,new_device,26.48,closed,2025-09-18 15:32:52
A0001693,T00006189,velocity,83.6,escalated,2025-10-08 20:27:19
A0001694,T00004742,new_device,61.13,review,2025-01-19 09:55:20
A0001695,T00009152,risky_category,62.22,review,2025-10-26 02:30:37
A0001696,T00017907,new_device,41.3,closed,2025-11-07 01:28:02
A0001697,T00009453,blacklist_match,11.28,closed,2025-07-18 07:35:53
A0001698,T00023635,blacklist_match,87.29,escalated,2025-07-23 00:05:59
A0001699,T00010050,velocity,63.59,review,2025-08-27 23:16:14
A0001700,T00014618,cross_border,49.2,closed,2025-02-27 20:26:46
A0001701,T00012050,velocity,12.74,closed,2025-09-06 08:55:47
A0001702,T00016578,high_amount,30.78,closed,2025-04-11 20:46:44
A0001703,T00017386,high_amount,44.58,closed,2025-12-10 01:40:36
A0001704,T00004329,risky_category,50.21,review,2025-06-02 16:48:17
A0001705,T00015228,risky_category,86.77,escalated,2025-11-29 17:05:54
A0001706,T00015947,cross_border,61.77,review,2025-05-08 17:06:31
A0001707,T00023183,velocity,37.52,closed,2025-05-17 18:50:44
A0001708,T00021009,velocity,46.45,closed,2025-09-14 02:50:47
A0001709,T00021880,high_amount,58.56,review,2025-01-31 10:40:55
A0001710,T00013786,high_amount,30.8,closed,2025-03-30 04:31:22
A0001711,T00001693,velocity,98.26,escalated,2025-10-03 02:34:25
A0001712,T00017863,risky_category,65.05,review,2025-08-19 13:51:55
A0001713,T00004666,high_amount,93.77,escalated,2025-06-12 20:41:04
A0001714,T00012446,velocity,64.84,review,2025-05-08 00:44:29
A0001715,T00016748,risky_category,56.54,review,2025-03-17 21:32:29
A0001716,T00006875,cross_border,25.77,closed,2025-01-31 19:25:32
A0001717,T00003697,new_device,76.73,escalated,2025-12-08 00:45:28
A0001718,T00011222,high_amount,25.53,closed,2025-01-18 05:08:56
A0001719,T00022674,cross_border,45.33,closed,2025-03-18 07:44:10
A0001720,T00016332,high_amount,67.71,review,2025-04-13 10:38:08
A0001721,T00001821,new_device,15.67,closed,2025-03-24 20:38:25
A0001722,T00020835,risky_category,53.78,review,2025-01-13 04:39:54
A0001723,T00016330,high_amount,70.41,review,2025-08-18 12:17:19
A0001724,T00004690,cross_border,64.62,review,2025-11-22 19:51:06
A0001725,T00004026,velocity,28.66,closed,2025-07-09 06:53:34
A0001726,T00006397,high_amount,32.52,closed,2025-08-04 12:35:54
A0001727,T00004673,risky_category,39.31,closed,2025-02-02 06:10:41
A0001728,T00021051,risky_category,81.99,escalated,2025-11-28 16:00:14
A0001729,T00007694,new_device,24.14,closed,2025-03-25 17:25:45
A0001730,T00000927,high_amount,53.62,review,2025-03-11 02:33:25
A0001731,T00000418,risky_category,60.2,review,2025-08-19 07:55:45
A0001732,T00003114,risky_category,67.41,review,2025-04-04 05:31:20
A0001733,T00023912,blacklist_match,39.64,closed,2025-12-31 17:15:39
A0001734,T00002181,risky_category,92.14,escalated,2025-12-07 07:18:36
A0001735,T00022729,velocity,40.36,closed,2025-09-21 09:47:36
A0001736,T00017368,cross_border,28.66,closed,2025-01-26 13:13:44
A0001737,T00006640,high_amount,95.0,escalated,2025-02-12 05:46:48
A0001738,T00013965,new_device,57.78,review,2025-09-24 05:01:28
A0001739,T00013748,risky_category,63.9,review,2025-08-13 07:33:17
A0001740,T00012734,high_amount,33.21,closed,2025-05-22 05:35:24
A0001741,T00001296,high_amount,36.86,closed,2025-05-03 22:45:05
A0001742,T00011380,cross_border,52.94,review,2025-01-06 00:35:58
A0001743,T00009630,blacklist_match,19.0,closed,2025-03-04 22:04:45
A0001744,T00002257,high_amount,65.86,review,2025-08-05 01:51:36
A0001745,T00020615,risky_category,29.47,closed,2025-03-25 04:39:12
A0001746,T00020338,high_amount,49.91,closed,2025-10-14 14:54:45
A0001747,T00017588,risky_category,31.34,closed,2025-05-01 23:11:29
A0001748,T00001478,new_device,57.96,review,2025-12-16 13:25:33
A0001749,T00008638,new_device,51.23,review,2025-11-21 19:08:28
A0001750,T00007063,high_amount,40.82,closed,2025-03-07 03:24:06
A0001751,T00018776,high_amount,48.21,closed,2025-02-03 19:12:29
A0001752,T00009454,new_device,63.62,review,2025-11-28 07:49:44
A0001753,T00005576,velocity,51.36,review,2025-09-07 16:19:12
A0001754,T00022009,cross_border,22.99,closed,2025-12-09 13:56:12
A0001755,T00000186,high_amount,82.13,escalated,2025-11-08 04:59:12
A0001756,T00022910,high_amount,31.79,closed,2025-11-17 01:40:28
A0001757,T00005725,risky_category,40.19,closed,2025-03-28 15:02:16
A0001758,T00004901,cross_border,50.12,review,2025-02-25 16:43:23
A0001759,T00016990,risky_category,45.82,closed,2025-05-14 04:46:24
A0001760,T00001578,blacklist_match,49.29,closed,2025-03-10 12:27:18
A0001761,T00017747,cross_border,18.42,closed,2025-03-01 13:42:30
A0001762,T00005407,risky_category,8.39,closed,2025-09-15 10:04:59
A0001763,T00015452,velocity,28.06,closed,2025-04-28 21:32:31
A0001764,T00000695,risky_category,83.76,escalated,2025-02-23 04:21:46
A0001765,T00001786,high_amount,95.06,escalated,2025-06-07 08:35:22
A0001766,T00006907,new_device,75.12,escalated,2025-05-19 11:55:17
A0001767,T00008324,velocity,79.79,escalated,2025-03-09 00:12:38
A0001768,T00001840,high_amount,43.26,closed,2025-11-24 18:25:11
A0001769,T00014629,cross_border,66.72,review,2025-11-01 10:27:18
A0001770,T00017751,new_device,14.49,closed,2025-10-23 16:27:00
A0001771,T00007738,velocity,53.53,review,2025-02-26 03:16:53
A0001772,T00008033,velocity,61.73,review,2025-07-30 09:20:11
A0001773,T00009439,velocity,97.61,escalated,2025-03-04 17:05:33
A0001774,T00016475,velocity,54.55,review,2025-03-31 13:15:07
A0001775,T00006183,high_amount,27.71,closed,2025-02-05 10:01:22
A0001776,T00019483,new_device,48.22,closed,2025-06-07 08:30:55
A0001777,T00008939,high_amount,46.87,closed,2025-12-31 08:59:59
A0001778,T00013481,cross_border,79.68,escalated,2025-08-18 03:04:34
A0001779,T00016819,new_device,43.65,closed,2025-08-10 12:30:38
A0001780,T00006239,cross_border,65.94,review,2025-12-31 17:49:49
A0001781,T00010764,high_amount,20.13,closed,2025-01-22 12:49:58
A0001782,T00003370,cross_border,49.3,closed,2025-02-01 22:41:20
A0001783,T00019629,cross_border,56.61,review,2025-04-24 10:06:46
A0001784,T00001483,new_device,60.37,review,2025-06-19 04:04:21
A0001785,T00003556,new_device,73.48,review,2025-11-04 11:44:12
A0001786,T00003087,risky_category,62.49,review,2025-10-03 21:45:43
A0001787,T00018571,new_device,7.82,closed,2025-02-02 13:51:43
A0001788,T00003002,cross_border,72.13,review,2025-05-07 07:39:29
A0001789,T00008454,high_amount,90.53,escalated,2025-02-06 15:05:08
A0001790,T00004795,high_amount,80.14,escalated,2025-08-19 13:17:32
A0001791,T00015587,blacklist_match,29.69,closed,2025-10-14 15:07:38
A0001792,T00024867,blacklist_match,35.47,closed,2025-11-01 04:26:44
A0001793,T00009853,cross_border,13.23,closed,2025-10-18 08:57:08
A0001794,T00004556,cross_border,71.83,review,2025-10-03 05:20:57
A0001795,T00012109,new_device,37.88,closed,2025-03-21 12:29:52
A0001796,T00014573,new_device,82.25,escalated,2025-11-18 14:36:33
A0001797,T00006445,new_device,70.94,review,2025-01-31 15:21:48
A0001798,T00004159,velocity,80.31,escalated,2025-03-11 21:57:01
A0001799,T00011720,new_device,51.39,review,2025-01-06 11:03:17
A0001800,T00009753,velocity,81.33,escalated,2025-11-22 09:09:24
A0001801,T00017257,high_amount,70.03,review,2025-07-19 19:14:32
A0001802,T00001641,cross_border,41.48,closed,2025-03-07 03:22:55
A0001803,T00015465,cross_border,55.25,review,2025-08-06 15:56:02
A0001804,T00023487,new_device,66.55,review,2025-12-25 02:17:58
A0001805,T00016837,high_amount,64.58,review,2025-07-30 12:49:55
A0001806,T00012844,risky_category,70.55,review,2025-04-08 02:50:24
A0001807,T00023152,high_amount,44.98,closed,2025-11-26 03:46:12
A0001808,T00012226,velocity,23.88,closed,2025-01-01 13:22:40
A0001809,T00007205,velocity,51.54,review,2025-03-04 06:48:56
A0001810,T00012986,high_amount,24.15,closed,2025-02-20 06:57:15
A0001811,T00017187,velocity,89.72,escalated,2025-10-03 00:53:39
A0001812,T00006163,cross_border,55.58,review,2025-09-15 14:43:43
A0001813,T00021890,new_device,28.48,closed,2025-03-20 09:29:20
A0001814,T00005693,high_amount,21.72,closed,2025-09-01 23:08:00
A0001815,T00019769,high_amount,67.01,review,2025-11-27 04:20:44
A0001816,T00017095,velocity,59.26,review,2025-09-07 08:00:50
A0001817,T00024748,new_device,43.88,closed,2025-05-19 11:15:54
A0001818,T00014353,velocity,78.43,escalated,2025-02-11 12:21:46
A0001819,T00012588,new_device,45.68,closed,2025-07-01 15:21:17
A0001820,T00003444,new_device,78.18,escalated,2025-09-03 03:03:16
A0001821,T00016555,new_device,61.73,review,2025-01-13 02:51:00
A0001822,T00019818,velocity,42.4,closed,2025-11-08 08:32:41
A0001823,T00000597,velocity,54.95,review,2025-01-15 00:03:32
A0001824,T00021063,cross_border,66.37,review,2025-01-21 01:42:03
A0001825,T00007184,velocity,67.22,review,2025-11-24 16:17:28
A0001826,T00022062,velocity,53.01,review,2025-04-12 04:03:48
A0001827,T00014542,risky_category,51.11,review,2025-11-04 20:28:57
A0001828,T00014408,velocity,50.83,review,2025-03-05 13:02:35
A0001829,T00007003,velocity,42.27,closed,2025-11-15 17:07:28
A0001830,T00009249,high_amount,39.25,closed,2025-12-11 00:40:15
A0001831,T00002832,cross_border,16.49,closed,2025-08-28 09:13:40
A0001832,T00023368,new_device,72.09,review,2025-04-20 11:02:09
A0001833,T00014016,cross_border,65.42,review,2025-10-09 23:05:59
A0001834,T00014892,high_amount,56.61,review,2025-03-21 06:21:26
A0001835,T00022269,risky_category,40.56,closed,2025-08-29 10:36:18
A0001836,T00004029,cross_border,20.25,closed,2025-12-09 03:49:55
A0001837,T00018691,blacklist_match,24.33,closed,2025-07-18 13:14:19
A0001838,T00005111,new_device,32.64,closed,2025-10-30 04:32:47
A0001839,T00015680,velocity,78.44,escalated,2025-01-18 23:01:17
A0001840,T00011959,new_device,8.45,closed,2025-06-12 23:47:34
A0001841,T00024036,risky_category,67.81,review,2025-02-02 17:04:05
A0001842,T00004166,high_amount,36.89,closed,2025-10-14 13:47:42
A0001843,T00024381,cross_border,39.99,closed,2025-09-26 10:55:54
A0001844,T00010221,velocity,27.73,closed,2025-01-03 01:24:30
A0001845,T00002787,cross_border,92.11,escalated,2025-10-19 01:52:24
A0001846,T00018061,velocity,75.49,escalated,2025-07-16 03:36:11
A0001847,T00008864,risky_category,46.32,closed,2025-06-06 14:24:10
A0001848,T00003066,velocity,10.45,closed,2025-04-12 02:25:19
A0001849,T00017146,velocity,22.3,closed,2025-01-02 13:07:53
A0001850,T00019924,new_device,27.03,closed,2025-04-25 16:28:51
A0001851,T00012653,cross_border,43.58,closed,2025-07-10 03:48:18
A0001852,T00005850,high_amount,44.25,closed,2025-08-15 07:21:04
A0001853,T00017880,risky_category,31.98,closed,2025-10-17 20:34:53
A0001854,T00003986,risky_category,66.11,review,2025-02-07 10:54:48
A0001855,T00013967,blacklist_match,76.09,escalated,2025-09-29 11:05:10
A0001856,T00019472,cross_border,78.17,escalated,2025-06-12 12:47:09
A0001857,T00006435,blacklist_match,56.71,review,2025-01-13 12:54:36
A0001858,T00000081,new_device,21.77,closed,2025-01-07 11:22:49
A0001859,T00011591,high_amount,52.84,review,2025-12-13 03:55:05
A0001860,T00011653,high_amount,63.19,review,2025-04-03 16:05:38
A0001861,T00000879,new_device,93.7,escalated,2025-08-10 10:14:30
A0001862,T00003748,velocity,86.15,escalated,2025-09-09 11:47:14
A0001863,T00024398,new_device,70.68,review,2025-08-14 01:56:36
A0001864,T00001705,blacklist_match,73.04,review,2025-08-05 23:52:20
A0001865,T00007042,velocity,74.34,review,2025-11-24 00:56:49
A0001866,T00013424,risky_category,16.71,closed,2025-05-09 17:03:26
A0001867,T00004391,blacklist_match,76.94,escalated,2025-06-14 03:55:37
A0001868,T00000283,risky_category,7.92,closed,2025-05-01 11:56:38
A0001869,T00023662,velocity,33.96,closed,2025-01-31 03:02:22
A0001870,T00012940,risky_category,88.36,escalated,2025-06-21 23:44:25
A0001871,T00020512,velocity,94.93,escalated,2025-10-18 03:24:35
A0001872,T00000226,velocity,76.68,escalated,2025-09-03 09:55:28
A0001873,T00002534,risky_category,44.54,closed,2025-09-11 03:39:31
A0001874,T00022444,blacklist_match,52.26,review,2025-03-05 11:59:46
A0001875,T00016761,risky_category,68.33,review,2025-09-14 15:32:16
A0001876,T00004974,new_device,17.5,closed,2025-06-15 15:32:01
A0001877,T00022137,new_device,36.46,closed,2025-05-01 14:07:29
A0001878,T00011001,high_amount,72.68,review,2025-03-01 10:02:30
A0001879,T00019780,new_device,81.45,escalated,2025-08-04 01:52:21
A0001880,T00000209,velocity,17.45,closed,2025-02-16 16:52:42
A0001881,T00024772,risky_category,45.93,closed,2025-01-17 12:52:45
A0001882,T00004828,risky_category,40.33,closed,2025-01-01 18:36:44
A0001883,T00008592,high_amount,29.01,closed,2025-05-05 19:20:18
A0001884,T00024273,new_device,23.49,closed,2025-03-11 04:29:29
A0001885,T00008434,blacklist_match,36.67,closed,2025-11-29 05:51:59
A0001886,T00020706,risky_category,18.32,closed,2025-03-10 20:00:57
A0001887,T00009050,new_device,58.89,review,2025-05-04 11:41:20
A0001888,T00019298,blacklist_match,65.3,review,2025-02-02 19:11:35
A0001889,T00001322,cross_border,64.01,review,2025-06-26 22:56:29
A0001890,T00010009,risky_category,28.92,closed,2025-09-17 18:14:42
A0001891,T00018967,high_amount,21.3,closed,2025-02-16 04:34:44
A0001892,T00009024,new_device,75.8,escalated,2025-09-24 13:33:46
A0001893,T00012463,cross_border,26.74,closed,2025-11-30 01:11:41
A0001894,T00020886,new_device,76.58,escalated,2025-10-23 15:28:01
A0001895,T00016981,velocity,26.5,closed,2025-06-22 08:51:37
A0001896,T00015916,risky_category,61.32,review,2025-11-15 20:08:26
A0001897,T00009531,high_amount,93.68,escalated,2025-10-24 05:52:17
A0001898,T00023122,blacklist_match,46.32,closed,2025-09-08 04:32:00
A0001899,T00024118,high_amount,30.27,closed,2025-07-13 06:11:09
A0001900,T00016576,new_device,21.6,closed,2025-10-01 10:02:00
A0001901,T00022590,high_amount,28.52,closed,2025-02-23 19:16:31
A0001902,T00016728,velocity,67.17,review,2025-01-12 04:38:37
A0001903,T00001635,risky_category,49.2,closed,2025-02-18 05:38:45
A0001904,T00013128,high_amount,22.56,closed,2025-10-10 03:43:16
A0001905,T00015143,new_device,30.37,closed,2025-03-20 22:53:30
A0001906,T00012607,velocity,60.87,review,2025-09-09 16:28:43
A0001907,T00024115,risky_category,47.01,closed,2025-12-28 21:32:21
A0001908,T00000836,velocity,69.42,review,2025-01-05 22:37:19
A0001909,T00004347,new_device,51.16,review,2025-03-19 17:19:03
A0001910,T00004206,velocity,83.33,escalated,2025-02-05 21:46:13
A0001911,T00024957,new_device,44.41,closed,2025-03-19 19:51:32
A0001912,T00022973,velocity,75.62,escalated,2025-12-31 16:03:42
A0001913,T00008331,cross_border,28.79,closed,2025-07-03 01:37:53
A0001914,T00017775,new_device,18.25,closed,2025-04-21 03:12:31
A0001915,T00017171,new_device,46.85,closed,2025-01-19 16:46:00
A0001916,T00024120,new_device,22.86,closed,2025-06-16 21:11:58
A0001917,T00001652,cross_border,43.14,closed,2025-01-26 20:42:10
A0001918,T00008357,risky_category,58.09,review,2025-02-21 07:15:54
A0001919,T00001195,risky_category,47.97,closed,2025-04-07 01:48:06
A0001920,T00015404,high_amount,51.91,review,2025-08-31 04:58:35
A0001921,T00003090,cross_border,69.22,review,2025-06-06 03:54:19
A0001922,T00009472,velocity,18.83,closed,2025-07-11 08:01:25
A0001923,T00010284,blacklist_match,62.6,review,2025-11-18 17:43:15
A0001924,T00006597,cross_border,73.18,review,2025-12-20 12:32:01
A0001925,T00005222,cross_border,63.3,review,2025-04-09 01:48:39
A0001926,T00000562,new_device,92.55,escalated,2025-06-22 00:34:25
A0001927,T00018298,high_amount,72.0,review,2025-07-11 01:22:34
A0001928,T00005527,new_device,64.62,review,2025-09-18 06:19:33
A0001929,T00001299,velocity,66.0,review,2025-06-19 12:54:32
A0001930,T00013853,cross_border,71.62,review,2025-09-24 14:28:25
A0001931,T00008472,risky_category,58.82,review,2025-07-02 00:06:52
A0001932,T00018333,velocity,58.63,review,2025-01-18 09:00:43
A0001933,T00006211,blacklist_match,62.92,review,2025-06-10 19:08:57
A0001934,T00000583,velocity,30.69,closed,2025-07-14 19:35:32
A0001935,T00012845,velocity,47.07,closed,2025-05-15 04:23:29
A0001936,T00012621,risky_category,67.83,review,2025-02-22 07:35:46
A0001937,T00015482,high_amount,21.25,closed,2025-12-14 03:20:16
A0001938,T00020134,risky_category,34.53,closed,2025-11-23 16:09:23
A0001939,T00007791,new_device,77.95,escalated,2025-04-24 07:18:58
A0001940,T00024245,cross_border,23.38,closed,2025-04-13 11:21:04
A0001941,T00003612,high_amount,30.23,closed,2025-08-25 13:54:11
A0001942,T00018536,high_amount,78.97,escalated,2025-12-20 16:30:04
A0001943,T00008552,new_device,70.31,review,2025-11-16 20:37:17
A0001944,T00022498,new_device,18.43,closed,2025-01-27 07:42:48
A0001945,T00016977,velocity,42.67,closed,2025-07-08 21:17:48
A0001946,T00016849,risky_category,45.54,closed,2025-06-01 01:12:16
A0001947,T00020496,risky_category,96.24,escalated,2025-11-11 09:42:23
A0001948,T00020562,high_amount,32.95,closed,2025-04-13 12:02:14
A0001949,T00016212,blacklist_match,58.0,review,2025-04-25 14:27:14
A0001950,T00014502,velocity,29.79,closed,2025-01-31 12:29:53
A0001951,T00011331,velocity,83.46,escalated,2025-04-20 10:24:25
A0001952,T00018520,risky_category,75.61,escalated,2025-04-15 06:25:49
A0001953,T00007480,cross_border,78.04,escalated,2025-03-28 11:25:31
A0001954,T00019555,risky_category,44.45,closed,2025-01-10 06:37:39
A0001955,T00010024,velocity,80.81,escalated,2025-11-21 06:56:46
A0001956,T00003023,high_amount,34.13,closed,2025-05-10 04:11:12
A0001957,T00019352,cross_border,93.62,escalated,2025-09-03 19:05:54
A0001958,T00008786,risky_category,37.8,closed,2025-03-30 17:37:42
A0001959,T00006604,velocity,51.59,review,2025-12-16 06:03:33
A0001960,T00006649,velocity,51.48,review,2025-06-07 02:14:17
A0001961,T00002016,new_device,76.32,escalated,2025-05-29 10:36:53
A0001962,T00008296,velocity,69.84,review,2025-10-28 14:55:36
A0001963,T00005490,velocity,51.92,review,2025-04-11 15:39:29
A0001964,T00019271,risky_category,27.02,closed,2025-04-22 09:47:41
A0001965,T00019884,risky_category,60.05,review,2025-01-14 13:04:39
A0001966,T00005474,blacklist_match,78.61,escalated,2025-02-18 22:02:42
A0001967,T00006562,cross_border,17.3,closed,2025-10-05 21:10:33
A0001968,T00005724,risky_category,60.76,review,2025-03-19 12:27:06
A0001969,T00012982,new_device,46.16,closed,2025-08-01 17:00:19
A0001970,T00000604,risky_category,46.47,closed,2025-10-24 13:47:25
A0001971,T00000878,cross_border,76.16,escalated,2025-05-25 19:40:27
A0001972,T00006011,risky_category,36.45,closed,2025-05-03 21:05:12
A0001973,T00024919,new_device,22.82,closed,2025-03-15 19:20:49
A0001974,T00020150,new_device,74.58,review,2025-07-30 20:58:29
A0001975,T00008166,cross_border,78.46,escalated,2025-04-19 15:01:58
A0001976,T00024053,risky_category,72.29,review,2025-02-08 19:12:28
A0001977,T00023467,velocity,64.81,review,2025-03-27 13:13:56
A0001978,T00011215,velocity,39.55,closed,2025-01-08 00:10:42
A0001979,T00004886,velocity,74.58,review,2025-05-15 13:54:39
A0001980,T00002035,high_amount,76.01,escalated,2025-10-20 18:26:54
A0001981,T00022713,cross_border,55.74,review,2025-10-05 17:33:33
A0001982,T00005633,cross_border,60.59,review,2025-11-16 19:48:02
A0001983,T00017612,high_amount,77.65,escalated,2025-04-23 08:22:47
A0001984,T00002287,velocity,40.79,closed,2025-10-20 16:21:08
A0001985,T00019274,high_amount,12.48,closed,2025-09-08 12:21:41
A0001986,T00003425,high_amount,56.35,review,2025-11-17 12:21:25
A0001987,T00002880,velocity,25.18,closed,2025-05-08 13:01:32
A0001988,T00017453,velocity,51.36,review,2025-09-21 02:29:30
A0001989,T00013726,new_device,64.02,review,2025-10-15 21:19:05
A0001990,T00022313,risky_category,68.17,review,2025-06-27 07:32:24
A0001991,T00023484,high_amount,51.52,review,2025-08-06 20:11:56
A0001992,T00020685,velocity,32.16,closed,2025-08-25 11:12:41
A0001993,T00023425,risky_category,68.29,review,2025-01-02 12:55:20
A0001994,T00005489,risky_category,75.3,escalated,2025-11-25 13:04:16
A0001995,T00003029,high_amount,32.69,closed,2025-05-14 18:28:04
A0001996,T00008056,new_device,47.6,closed,2025-08-03 18:37:42
A0001997,T00001196,new_device,77.26,escalated,2025-07-21 17:05:28
A0001998,T00020119,high_amount,44.71,closed,2025-09-13 18:00:48
A0001999,T00016133,blacklist_match,48.79,closed,2025-09-11 19:02:46
A0002000,T00016495,cross_border,56.26,review,2025-12-11 11:31:48
A0002001,T00021970,high_amount,54.54,review,2025-01-29 23:08:50
A0002002,T00015727,high_amount,50.27,review,2025-10-29 16:41:17
A0002003,T00017304,cross_border,54.67,review,2025-05-17 14:40:00
A0002004,T00001818,cross_border,91.19,escalated,2025-08-22 07:31:51
A0002005,T00010224,velocity,47.49,closed,2025-02-25 14:55:06
A0002006,T00018312,risky_category,35.97,closed,2025-01-15 21:36:00
A0002007,T00015878,new_device,46.7,closed,2025-04-28 09:33:05
A0002008,T00014973,high_amount,52.59,review,2025-02-08 18:04:30
A0002009,T00014435,velocity,26.72,closed,2025-03-08 02:05:55
A0002010,T00017712,cross_border,65.33,review,2025-06-04 22:45:37
A0002011,T00007860,high_amount,89.12,escalated,2025-04-19 15:01:07
A0002012,T00022296,risky_category,72.46,review,2025-09-15 14:55:48
A0002013,T00001532,cross_border,89.8,escalated,2025-03-29 04:53:46
A0002014,T00013406,risky_category,40.96,closed,2025-01-04 12:45:23
A0002015,T00024078,velocity,82.73,escalated,2025-09-04 14:04:18
A0002016,T00017502,cross_border,70.46,review,2025-12-05 21:30:51
A0002017,T00021552,cross_border,31.47,closed,2025-12-26 00:17:13
A0002018,T00006462,risky_category,59.79,review,2025-10-23 05:20:39
A0002019,T00019372,risky_category,11.11,closed,2025-11-03 16:34:36
A0002020,T00009370,risky_category,41.76,closed,2025-03-11 19:45:56
A0002021,T00000102,velocity,53.19,review,2025-09-19 21:51:51
A0002022,T00019042,cross_border,15.29,closed,2025-05-19 22:24:21
A0002023,T00003406,risky_category,59.89,review,2025-08-11 22:30:07
A0002024,T00022361,high_amount,40.77,closed,2025-01-25 20:21:09
A0002025,T00003977,velocity,52.05,review,2025-05-06 15:03:42
A0002026,T00010236,high_amount,41.93,closed,2025-06-28 09:51:04
A0002027,T00002668,cross_border,31.93,closed,2025-07-18 20:05:07
A0002028,T00017677,high_amount,47.39,closed,2025-01-03 02:50:23
A0002029,T00014263,cross_border,30.49,closed,2025-06-15 04:22:30
A0002030,T00008122,velocity,45.26,closed,2025-04-25 02:47:08
A0002031,T00006044,high_amount,22.62,closed,2025-09-17 07:49:57
A0002032,T00016259,high_amount,80.37,escalated,2025-09-02 23:32:18
A0002033,T00024322,velocity,84.3,escalated,2025-07-03 21:05:25
A0002034,T00008406,cross_border,70.33,review,2025-08-05 16:08:00
A0002035,T00021212,high_amount,49.51,closed,2025-05-22 10:21:29
A0002036,T00013650,high_amount,57.24,review,2025-06-14 03:57:23
A0002037,T00013665,risky_category,35.66,closed,2025-11-01 04:58:17
A0002038,T00024628,new_device,53.05,review,2025-07-19 00:47:14
A0002039,T00001906,high_amount,57.64,review,2025-12-19 00:31:25
A0002040,T00005382,velocity,69.79,review,2025-06-09 16:10:46
A0002041,T00005821,risky_category,79.86,escalated,2025-09-01 05:29:04
A0002042,T00008936,cross_border,18.21,closed,2025-12-18 14:09:11
A0002043,T00004575,risky_category,50.54,review,2025-03-26 22:37:52
A0002044,T00008336,new_device,70.14,review,2025-04-11 00:02:46
A0002045,T00002925,velocity,58.15,review,2025-01-07 16:28:19
A0002046,T00015617,high_amount,80.38,escalated,2025-08-09 22:42:32
A0002047,T00021126,new_device,40.78,closed,2025-11-11 23:27:09
A0002048,T00021387,cross_border,50.41,review,2025-12-04 02:20:14
A0002049,T00006736,high_amount,42.85,closed,2025-06-13 17:56:53
A0002050,T00005819,cross_border,71.02,review,2025-05-20 06:26:06
A0002051,T00020603,high_amount,85.24,escalated,2025-11-01 02:58:46
A0002052,T00005572,risky_category,52.23,review,2025-01-15 20:06:05
A0002053,T00017060,blacklist_match,54.95,review,2025-11-10 21:07:30
A0002054,T00008123,cross_border,27.44,closed,2025-10-19 07:09:01
A0002055,T00020563,cross_border,54.55,review,2025-11-13 00:58:44
A0002056,T00008957,velocity,90.56,escalated,2025-10-09 11:19:38
A0002057,T00022957,risky_category,89.6,escalated,2025-06-29 10:27:51
A0002058,T00006311,risky_category,61.27,review,2025-10-12 14:06:26
A0002059,T00021837,high_amount,89.77,escalated,2025-12-31 21:49:57
A0002060,T00014842,new_device,23.99,closed,2025-02-13 23:39:14
A0002061,T00000180,risky_category,73.01,review,2025-04-18 06:57:42
A0002062,T00013874,velocity,27.92,closed,2025-07-17 16:30:00
A0002063,T00024842,velocity,16.62,closed,2025-02-19 11:52:16
A0002064,T00014958,blacklist_match,30.51,closed,2025-07-28 10:54:00
A0002065,T00002560,cross_border,45.51,closed,2025-12-27 01:24:48
A0002066,T00007104,velocity,64.6,review,2025-12-30 22:59:56
A0002067,T00000007,velocity,62.92,review,2025-09-16 18:20:07
A0002068,T00015202,high_amount,48.37,closed,2025-12-17 15:23:53
A0002069,T00014005,velocity,51.71,review,2025-09-08 21:58:48
A0002070,T00022874,cross_border,79.28,escalated,2025-02-04 14:22:10
A0002071,T00021112,blacklist_match,41.2,closed,2025-04-02 13:00:28
A0002072,T00002707,new_device,34.95,closed,2025-01-24 12:24:35
A0002073,T00019044,velocity,42.49,closed,2025-01-07 21:17:04
A0002074,T00002907,risky_category,46.23,closed,2025-10-18 22:35:36
A0002075,T00021809,cross_border,70.84,review,2025-06-10 12:54:35
A0002076,T00019486,new_device,45.37,closed,2025-10-26 11:52:33
A0002077,T00010824,new_device,55.37,review,2025-02-23 17:11:52
A0002078,T00018806,high_amount,21.05,closed,2025-01-01 21:00:24
A0002079,T00021831,high_amount,93.75,escalated,2025-05-19 06:45:50
A0002080,T00007881,new_device,79.97,escalated,2025-04-28 16:33:08
A0002081,T00007189,risky_category,63.4,review,2025-09-17 19:49:12
A0002082,T00023737,high_amount,21.78,closed,2025-05-30 05:06:15
A0002083,T00024226,new_device,97.66,escalated,2025-07-24 13:04:17
A0002084,T00000269,velocity,22.08,closed,2025-01-19 20:06:38
A0002085,T00011288,new_device,25.35,closed,2025-02-18 11:48:17
A0002086,T00022546,risky_category,25.01,closed,2025-08-11 06:32:58
A0002087,T00010526,new_device,82.61,escalated,2025-05-16 08:29:34
A0002088,T00005512,velocity,49.91,closed,2025-10-03 13:13:06
A0002089,T00024845,velocity,41.16,closed,2025-03-19 00:21:26
A0002090,T00009587,high_amount,43.26,closed,2025-01-31 19:28:24
A0002091,T00021814,new_device,71.24,review,2025-11-09 03:04:46
A0002092,T00004220,cross_border,56.66,review,2025-04-21 23:23:52
A0002093,T00013476,velocity,77.41,escalated,2025-03-09 20:03:19
A0002094,T00012101,velocity,56.59,review,2025-01-15 01:24:07
A0002095,T00010700,high_amount,36.81,closed,2025-04-13 16:26:34
A0002096,T00002844,cross_border,77.55,escalated,2025-10-07 02:41:22
A0002097,T00018580,velocity,54.6,review,2025-11-13 04:22:50
A0002098,T00001298,blacklist_match,55.69,review,2025-03-11 18:48:25
A0002099,T00023370,new_device,65.24,review,2025-09-11 16:47:22
A0002100,T00016906,risky_category,77.83,escalated,2025-03-03 23:33:34
A0002101,T00022606,cross_border,22.21,closed,2025-04-09 10:38:41
A0002102,T00003209,high_amount,76.01,escalated,2025-04-27 18:05:27
A0002103,T00000485,blacklist_match,56.69,review,2025-12-10 02:42:47
A0002104,T00003532,cross_border,40.39,closed,2025-11-21 07:29:38
A0002105,T00024629,blacklist_match,55.97,review,2025-02-10 16:15:56
A0002106,T00013963,high_amount,71.09,review,2025-12-14 08:37:19
A0002107,T00021983,risky_category,31.43,closed,2025-03-25 02:31:54
A0002108,T00009787,new_device,84.67,escalated,2025-01-06 14:00:31
A0002109,T00024930,risky_category,60.42,review,2025-07-24 22:05:31
A0002110,T00007868,risky_category,7.96,closed,2025-07-20 11:21:42
A0002111,T00019288,risky_category,65.8,review,2025-01-22 02:01:32
A0002112,T00017593,high_amount,74.38,review,2025-10-26 19:14:34
A0002113,T00013100,new_device,65.84,review,2025-01-09 19:42:19
A0002114,T00020686,risky_category,19.99,closed,2025-09-24 19:19:32
A0002115,T00020120,velocity,36.78,closed,2025-04-21 07:17:43
A0002116,T00010406,velocity,47.31,closed,2025-06-13 22:35:17
A0002117,T00000690,risky_category,69.59,review,2025-08-16 02:14:04
A0002118,T00023729,high_amount,31.78,closed,2025-08-06 16:31:58
A0002119,T00020956,cross_border,50.57,review,2025-02-24 22:08:33
A0002120,T00009325,velocity,78.71,escalated,2025-10-27 12:24:59
A0002121,T00017322,velocity,85.97,escalated,2025-09-14 19:38:25
A0002122,T00023562,high_amount,37.29,closed,2025-02-03 05:16:56
A0002123,T00021205,velocity,57.6,review,2025-06-11 03:02:26
A0002124,T00006070,high_amount,48.45,closed,2025-07-12 07:28:43
A0002125,T00020280,risky_category,33.75,closed,2025-11-06 10:03:24
A0002126,T00000974,new_device,71.23,review,2025-08-03 07:22:03
A0002127,T00001426,velocity,53.27,review,2025-06-27 23:27:34
A0002128,T00008716,cross_border,42.72,closed,2025-01-01 18:47:45
A0002129,T00005494,velocity,25.08,closed,2025-04-04 14:57:45
A0002130,T00004566,high_amount,26.35,closed,2025-09-23 13:52:11
A0002131,T00011061,new_device,88.0,escalated,2025-10-11 06:39:21
A0002132,T00007160,risky_category,49.66,closed,2025-05-07 16:13:28
A0002133,T00007710,high_amount,71.66,review,2025-02-05 22:03:15
A0002134,T00019830,new_device,27.66,closed,2025-10-08 00:25:43
A0002135,T00004588,cross_border,48.0,closed,2025-06-10 11:05:17
A0002136,T00007530,high_amount,24.13,closed,2025-06-28 06:10:45
A0002137,T00010964,cross_border,44.41,closed,2025-01-01 18:15:02
A0002138,T00003800,velocity,79.74,escalated,2025-02-10 00:34:32
A0002139,T00007252,new_device,19.14,closed,2025-02-07 23:17:49
A0002140,T00012398,cross_border,18.91,closed,2025-12-25 22:29:51
A0002141,T00001592,cross_border,41.81,closed,2025-11-11 23:38:42
A0002142,T00011770,cross_border,43.84,closed,2025-08-19 21:44:41
A0002143,T00011062,cross_border,75.3,escalated,2025-02-03 18:54:39
A0002144,T00014655,risky_category,94.66,escalated,2025-04-25 01:51:32
A0002145,T00005158,high_amount,83.41,escalated,2025-11-06 11:39:33
A0002146,T00009542,risky_category,97.21,escalated,2025-10-18 07:21:35
A0002147,T00002633,risky_category,16.26,closed,2025-06-18 19:46:15
A0002148,T00010569,cross_border,50.33,review,2025-02-24 22:32:52
A0002149,T00009837,risky_category,33.57,closed,2025-06-11 06:10:19
A0002150,T00020173,new_device,21.78,closed,2025-02-24 19:52:52
A0002151,T00002680,risky_category,54.94,review,2025-02-22 02:55:03
A0002152,T00001886,velocity,72.43,review,2025-11-01 16:50:19
A0002153,T00000904,velocity,35.41,closed,2025-09-04 03:02:29
A0002154,T00016751,velocity,33.48,closed,2025-05-16 10:28:18
A0002155,T00023173,cross_border,44.34,closed,2025-04-30 11:07:38
A0002156,T00013733,cross_border,42.55,closed,2025-02-11 18:09:46
A0002157,T00013669,high_amount,55.79,review,2025-06-28 21:04:33
A0002158,T00008052,high_amount,73.4,review,2025-03-04 22:37:35
A0002159,T00009902,velocity,60.05,review,2025-11-28 10:42:57
A0002160,T00011756,cross_border,50.29,review,2025-06-04 16:15:24
A0002161,T00010334,new_device,100.0,escalated,2025-04-04 16:29:21
A0002162,T00005933,cross_border,78.55,escalated,2025-05-15 22:21:13
A0002163,T00004840,velocity,34.78,closed,2025-01-29 15:35:34
A0002164,T00003422,high_amount,34.88,closed,2025-01-23 08:19:41
A0002165,T00001012,new_device,64.47,review,2025-10-06 15:30:53
A0002166,T00011196,risky_category,42.14,closed,2025-03-12 13:47:14
A0002167,T00010238,cross_border,68.09,review,2025-03-15 03:24:49
A0002168,T00009568,high_amount,77.46,escalated,2025-11-23 08:07:42
A0002169,T00011439,cross_border,57.22,review,2025-01-19 17:14:22
A0002170,T00022972,high_amount,70.83,review,2025-05-01 08:59:50
A0002171,T00000749,high_amount,53.75,review,2025-05-12 10:03:17
A0002172,T00004943,high_amount,82.22,escalated,2025-01-09 15:57:49
A0002173,T00018988,risky_category,72.23,review,2025-02-24 14:47:11
A0002174,T00020270,new_device,40.69,closed,2025-09-17 12:40:12
A0002175,T00011237,high_amount,35.31,closed,2025-08-17 01:57:55
A0002176,T00020697,new_device,60.31,review,2025-02-01 19:16:27
A0002177,T00006530,new_device,69.75,review,2025-01-21 06:52:27
A0002178,T00015603,velocity,43.15,closed,2025-09-07 15:22:20
A0002179,T00005035,cross_border,21.26,closed,2025-04-11 01:20:58
A0002180,T00016252,cross_border,41.63,closed,2025-11-25 07:35:49
A0002181,T00009632,velocity,42.44,closed,2025-03-05 13:20:20
A0002182,T00023256,risky_category,19.0,closed,2025-09-03 00:33:55
A0002183,T00005996,velocity,10.89,closed,2025-09-05 23:04:02
A0002184,T00017923,velocity,41.08,closed,2025-06-25 20:04:44
A0002185,T00014238,high_amount,57.73,review,2025-02-05 20:47:43
A0002186,T00019223,new_device,29.8,closed,2025-09-18 15:52:01
A0002187,T00011838,high_amount,41.11,closed,2025-08-05 06:54:15
A0002188,T00016683,new_device,39.49,closed,2025-03-10 12:38:12
A0002189,T00015200,risky_category,6.56,closed,2025-05-14 01:40:21
A0002190,T00018696,risky_category,35.7,closed,2025-03-13 23:32:51
A0002191,T00013688,high_amount,48.11,closed,2025-07-09 16:16:46
A0002192,T00010316,risky_category,40.86,closed,2025-09-13 21:37:19
A0002193,T00001489,high_amount,46.18,closed,2025-07-24 23:07:14
A0002194,T00011867,cross_border,49.09,closed,2025-12-08 00:58:55
A0002195,T00011795,cross_border,83.84,escalated,2025-02-15 16:50:46
A0002196,T00003123,blacklist_match,62.87,review,2025-04-28 06:00:06
A0002197,T00012228,risky_category,21.78,closed,2025-03-01 21:14:39
A0002198,T00000881,risky_category,55.05,review,2025-05-12 13:00:08
A0002199,T00022468,high_amount,54.11,review,2025-05-01 06:59:40
A0002200,T00024179,velocity,51.78,review,2025-02-11 06:51:19
A0002201,T00011629,risky_category,33.6,closed,2025-03-18 06:10:57
A0002202,T00009110,velocity,96.72,escalated,2025-05-08 18:02:26
A0002203,T00010584,cross_border,57.62,review,2025-06-02 21:43:22
A0002204,T00015300,velocity,74.45,review,2025-04-13 17:46:25
A0002205,T00003921,cross_border,80.48,escalated,2025-03-26 13:01:51
A0002206,T00009789,risky_category,64.92,review,2025-01-14 20:48:26
A0002207,T00008460,velocity,31.88,closed,2025-10-11 23:25:41
A0002208,T00020519,velocity,32.59,closed,2025-02-15 19:39:27
A0002209,T00019199,risky_category,82.12,escalated,2025-11-08 21:41:58
A0002210,T00009866,velocity,90.06,escalated,2025-08-02 01:59:29
A0002211,T00011206,new_device,14.96,closed,2025-02-21 22:27:39
A0002212,T00000873,velocity,63.86,review,2025-03-01 19:50:32
A0002213,T00023262,high_amount,92.59,escalated,2025-06-05 19:22:53
A0002214,T00008242,new_device,37.47,closed,2025-04-03 19:58:09
A0002215,T00004093,velocity,60.51,review,2025-08-17 17:32:56
A0002216,T00000523,risky_category,40.38,closed,2025-05-10 06:13:00
A0002217,T00008035,high_amount,20.54,closed,2025-09-26 07:15:02
A0002218,T00010312,velocity,17.71,closed,2025-10-04 22:48:07
A0002219,T00016253,velocity,97.19,escalated,2025-01-01 05:05:48
A0002220,T00021530,risky_category,66.6,review,2025-02-16 03:41:26
A0002221,T00008683,new_device,85.91,escalated,2025-06-22 12:09:35
A0002222,T00002613,new_device,39.89,closed,2025-01-18 11:42:27
A0002223,T00012820,cross_border,76.12,escalated,2025-07-25 10:22:30
A0002224,T00006507,cross_border,32.13,closed,2025-07-12 03:15:07
A0002225,T00015394,velocity,88.36,escalated,2025-04-18 23:36:15
A0002226,T00010665,velocity,42.78,closed,2025-06-21 06:04:59
A0002227,T00020700,new_device,60.1,review,2025-10-08 00:45:05
A0002228,T00019451,velocity,24.25,closed,2025-06-12 13:39:22
A0002229,T00016852,cross_border,75.27,escalated,2025-12-31 02:04:58
A0002230,T00002763,velocity,77.72,escalated,2025-03-22 22:57:02
A0002231,T00023725,risky_category,59.53,review,2025-05-03 03:03:03
A0002232,T00016900,velocity,68.94,review,2025-08-16 14:35:07
A0002233,T00024163,velocity,66.9,review,2025-02-09 06:25:55
A0002234,T00001410,high_amount,23.65,closed,2025-05-11 22:32:34
A0002235,T00003936,blacklist_match,45.02,closed,2025-07-19 08:02:51
A0002236,T00014279,risky_category,67.83,review,2025-03-19 23:46:02
A0002237,T00021779,new_device,73.88,review,2025-05-04 18:24:29
A0002238,T00021883,cross_border,22.3,closed,2025-02-21 22:34:38
A0002239,T00024186,velocity,11.82,closed,2025-07-13 09:21:14
A0002240,T00009901,risky_category,44.03,closed,2025-11-28 15:56:03
A0002241,T00015427,new_device,56.1,review,2025-08-29 18:56:33
A0002242,T00015990,velocity,75.7,escalated,2025-05-12 15:36:11
A0002243,T00002977,velocity,43.68,closed,2025-06-26 05:18:41
A0002244,T00003215,new_device,63.02,review,2025-09-22 20:13:05
A0002245,T00001361,new_device,6.98,closed,2025-09-04 15:28:04
A0002246,T00010354,blacklist_match,30.1,closed,2025-01-05 23:01:05
A0002247,T00013839,risky_category,70.13,review,2025-02-07 23:42:40
A0002248,T00021877,velocity,15.08,closed,2025-07-14 12:56:00
A0002249,T00001519,cross_border,29.35,closed,2025-10-18 15:53:09
A0002250,T00023073,blacklist_match,64.58,review,2025-05-14 18:19:51
A0002251,T00002015,risky_category,62.3,review,2025-06-29 06:58:39
A0002252,T00000170,high_amount,67.4,review,2025-03-26 01:24:47
A0002253,T00001341,blacklist_match,38.69,closed,2025-09-29 13:41:23
A0002254,T00013148,cross_border,60.91,review,2025-05-18 07:39:01
A0002255,T00014866,new_device,12.23,closed,2025-12-27 09:17:39
A0002256,T00022574,cross_border,76.19,escalated,2025-05-28 14:17:52
A0002257,T00021599,risky_category,31.38,closed,2025-12-29 08:13:21
A0002258,T00002042,risky_category,77.2,escalated,2025-08-21 07:48:41
A0002259,T00021421,cross_border,61.87,review,2025-01-27 04:56:05
A0002260,T00009498,cross_border,41.23,closed,2025-10-21 13:23:45
A0002261,T00002446,risky_category,36.51,closed,2025-09-11 14:25:51
A0002262,T00023532,new_device,78.86,escalated,2025-01-29 07:16:15
A0002263,T00023655,cross_border,36.79,closed,2025-12-23 00:20:42
A0002264,T00015970,high_amount,81.51,escalated,2025-10-16 02:33:48
A0002265,T00001128,risky_category,51.25,review,2025-01-03 10:35:04
A0002266,T00013215,new_device,18.79,closed,2025-12-21 11:13:26
A0002267,T00005459,blacklist_match,71.47,review,2025-09-09 01:22:39
A0002268,T00020063,new_device,75.33,escalated,2025-08-31 18:43:43
A0002269,T00014299,cross_border,36.7,closed,2025-07-26 23:53:55
A0002270,T00011806,velocity,22.33,closed,2025-01-20 09:29:13
A0002271,T00000847,cross_border,53.99,review,2025-05-02 16:51:17
A0002272,T00011900,cross_border,38.42,closed,2025-11-10 07:21:14
A0002273,T00016552,velocity,8.58,closed,2025-01-20 22:53:01
A0002274,T00019550,risky_category,57.14,review,2025-06-23 03:25:47
A0002275,T00006920,blacklist_match,46.6,closed,2025-04-07 22:45:55
A0002276,T00015565,new_device,74.86,review,2025-03-15 10:59:25
A0002277,T00018996,velocity,45.24,closed,2025-06-30 21:06:06
A0002278,T00024304,new_device,57.59,review,2025-03-22 07:57:30
A0002279,T00009847,high_amount,51.11,review,2025-11-22 10:38:37
A0002280,T00008114,high_amount,55.13,review,2025-11-11 16:21:21
A0002281,T00009415,risky_category,22.98,closed,2025-06-03 09:25:54
A0002282,T00009903,risky_category,62.24,review,2025-03-20 20:13:27
A0002283,T00019999,velocity,55.31,review,2025-07-31 10:15:47
A0002284,T00001819,new_device,54.17,review,2025-09-28 09:28:01
A0002285,T00003509,risky_category,52.92,review,2025-10-16 09:42:40
A0002286,T00003351,cross_border,56.58,review,2025-10-13 05:58:52
A0002287,T00021966,risky_category,38.19,closed,2025-01-07 00:52:34
A0002288,T00014862,new_device,80.08,escalated,2025-05-16 13:50:07
A0002289,T00022431,risky_category,69.93,review,2025-12-09 20:24:23
A0002290,T00007460,risky_category,31.93,closed,2025-06-01 22:35:44
A0002291,T00021097,new_device,41.08,closed,2025-11-08 03:53:52
A0002292,T00009223,high_amount,42.93,closed,2025-01-30 13:52:44
A0002293,T00009221,risky_category,75.19,escalated,2025-04-15 05:57:41
A0002294,T00016237,new_device,90.85,escalated,2025-06-12 18:39:12
A0002295,T00022495,velocity,12.15,closed,2025-04-19 03:51:03
A0002296,T00001682,new_device,65.89,review,2025-02-24 10:50:21
A0002297,T00000284,high_amount,58.98,review,2025-05-25 09:57:46
A0002298,T00021613,velocity,44.43,closed,2025-07-11 19:40:30
A0002299,T00009254,cross_border,18.7,closed,2025-02-08 04:54:06
A0002300,T00005611,high_amount,58.54,review,2025-02-08 09:40:33
A0002301,T00023352,high_amount,18.62,closed,2025-03-19 08:37:38
A0002302,T00001834,cross_border,63.62,review,2025-10-09 14:49:24
A0002303,T00018811,blacklist_match,16.88,closed,2025-06-10 10:59:33
A0002304,T00013523,risky_category,38.76,closed,2025-08-03 06:44:36
A0002305,T00007671,high_amount,74.15,review,2025-10-18 11:48:46
A0002306,T00024446,new_device,94.46,escalated,2025-09-26 08:58:28
A0002307,T00012300,blacklist_match,81.19,escalated,2025-02-11 14:45:51
A0002308,T00005818,risky_category,31.08,closed,2025-04-29 04:14:56
A0002309,T00008095,risky_category,67.4,review,2025-04-21 21:32:19
A0002310,T00014841,new_device,53.36,review,2025-01-19 18:42:36
A0002311,T00010836,velocity,78.69,escalated,2025-08-07 23:46:57
A0002312,T00002310,high_amount,46.28,closed,2025-05-04 12:40:29
A0002313,T00018430,new_device,53.9,review,2025-03-04 19:36:17
A0002314,T00015604,cross_border,10.82,closed,2025-06-03 11:17:18
A0002315,T00024969,cross_border,56.06,review,2025-03-01 10:02:36
A0002316,T00004789,risky_category,50.53,review,2025-01-22 05:59:08
A0002317,T00008457,velocity,46.51,closed,2025-05-03 00:40:52
A0002318,T00011921,risky_category,23.83,closed,2025-05-12 03:42:08
A0002319,T00004905,blacklist_match,54.88,review,2025-04-02 18:30:54
A0002320,T00023470,high_amount,2.7,closed,2025-01-22 00:07:33
A0002321,T00019697,high_amount,45.06,closed,2025-01-07 05:36:34
A0002322,T00017397,new_device,37.51,closed,2025-07-18 03:37:59
A0002323,T00008958,velocity,21.3,closed,2025-11-10 03:39:37
A0002324,T00024232,new_device,23.52,closed,2025-11-25 11:09:02
A0002325,T00002374,high_amount,72.42,review,2025-02-01 09:37:08
A0002326,T00021424,risky_category,30.39,closed,2025-09-15 19:29:32
A0002327,T00021120,cross_border,68.81,review,2025-10-22 06:19:29
A0002328,T00002938,velocity,28.28,closed,2025-03-05 00:43:05
A0002329,T00008512,new_device,24.1,closed,2025-07-07 03:11:50
A0002330,T00012268,new_device,25.13,closed,2025-02-18 06:42:11
A0002331,T00008997,risky_category,23.48,closed,2025-10-26 12:30:03
A0002332,T00003705,high_amount,58.06,review,2025-09-14 03:21:02
A0002333,T00011673,high_amount,75.95,escalated,2025-05-14 14:04:57
A0002334,T00024645,risky_category,27.83,closed,2025-11-16 05:48:29
A0002335,T00011349,risky_category,43.2,closed,2025-11-12 17:10:59
A0002336,T00024184,velocity,32.32,closed,2025-12-29 22:14:28
A0002337,T00015948,high_amount,43.92,closed,2025-10-08 02:07:00
A0002338,T00015864,cross_border,53.07,review,2025-07-25 16:22:30
A0002339,T00011899,risky_category,38.27,closed,2025-04-19 17:29:50
A0002340,T00011672,cross_border,50.11,review,2025-07-17 20:46:16
A0002341,T00016416,velocity,27.2,closed,2025-04-01 15:54:11
A0002342,T00023626,risky_category,53.75,review,2025-09-16 13:40:44
A0002343,T00000422,cross_border,59.7,review,2025-01-01 22:59:04
A0002344,T00021349,cross_border,55.52,review,2025-12-08 18:29:39
A0002345,T00005920,risky_category,66.23,review,2025-08-20 14:10:38
A0002346,T00017443,cross_border,51.21,review,2025-10-16 21:55:48
A0002347,T00006483,new_device,61.64,review,2025-06-16 19:53:11
A0002348,T00011684,high_amount,72.79,review,2025-06-08 17:14:08
A0002349,T00020683,new_device,94.06,escalated,2025-09-14 18:54:00
A0002350,T00010532,blacklist_match,38.85,closed,2025-03-11 17:40:09
A0002351,T00023230,high_amount,66.17,review,2025-10-06 11:38:06
A0002352,T00000910,blacklist_match,97.56,escalated,2025-01-11 10:33:02
A0002353,T00023873,blacklist_match,67.65,review,2025-07-13 10:21:55
A0002354,T00023964,new_device,71.2,review,2025-09-04 12:27:02
A0002355,T00007584,new_device,59.91,review,2025-08-01 02:00:11
A0002356,T00022113,blacklist_match,74.68,review,2025-01-16 06:12:04
A0002357,T00011257,blacklist_match,23.73,closed,2025-03-25 01:20:07
A0002358,T00008318,high_amount,100.0,escalated,2025-05-15 10:05:01
A0002359,T00021047,new_device,26.76,closed,2025-08-03 14:35:36
A0002360,T00000474,risky_category,63.99,review,2025-10-26 15:05:12
A0002361,T00003095,high_amount,31.88,closed,2025-04-06 23:33:58
A0002362,T00010642,new_device,82.82,escalated,2025-05-18 04:37:23
A0002363,T00002548,high_amount,46.32,closed,2025-11-05 03:20:27
A0002364,T00018297,cross_border,26.44,closed,2025-10-22 08:49:40
A0002365,T00006689,velocity,54.22,review,2025-11-02 04:40:52
A0002366,T00004012,high_amount,69.02,review,2025-04-28 22:08:06
A0002367,T00010472,velocity,54.61,review,2025-12-07 00:18:55
A0002368,T00005723,high_amount,61.49,review,2025-06-08 16:37:14
A0002369,T00019336,new_device,33.06,closed,2025-06-26 00:54:59
A0002370,T00016173,risky_category,24.83,closed,2025-05-17 08:52:25
A0002371,T00000274,high_amount,50.17,review,2025-07-02 23:37:47
A0002372,T00010911,velocity,93.41,escalated,2025-02-24 05:30:43
A0002373,T00004202,velocity,68.33,review,2025-09-08 04:25:10
A0002374,T00007523,cross_border,90.73,escalated,2025-01-28 01:51:46
A0002375,T00021825,blacklist_match,86.74,escalated,2025-10-04 04:53:09
A0002376,T00008034,cross_border,22.34,closed,2025-06-13 01:18:20
A0002377,T00021858,high_amount,100.0,escalated,2025-03-01 14:12:51
A0002378,T00003195,new_device,48.5,closed,2025-04-19 00:22:34
A0002379,T00024167,cross_border,60.61,review,2025-01-16 07:42:12
A0002380,T00005813,high_amount,59.31,review,2025-06-25 01:16:53
A0002381,T00005685,risky_category,79.91,escalated,2025-07-28 00:11:35
A0002382,T00004549,cross_border,39.97,closed,2025-04-03 14:00:43
A0002383,T00009005,risky_category,37.58,closed,2025-08-05 05:12:25
A0002384,T00008248,risky_category,40.99,closed,2025-03-28 00:25:17
A0002385,T00018275,risky_category,51.88,review,2025-09-21 00:27:19
A0002386,T00020644,risky_category,34.99,closed,2025-01-17 16:40:46
A0002387,T00016261,new_device,47.79,closed,2025-01-08 09:26:46
A0002388,T00008562,velocity,31.88,closed,2025-10-30 15:21:07
A0002389,T00002885,blacklist_match,26.26,closed,2025-08-10 11:02:25
A0002390,T00004480,blacklist_match,64.18,review,2025-05-19 03:49:51
A0002391,T00015256,high_amount,40.75,closed,2025-08-27 14:38:47
A0002392,T00003934,risky_category,45.43,closed,2025-01-30 17:10:25
A0002393,T00015484,high_amount,34.29,closed,2025-04-10 02:00:13
A0002394,T00019377,blacklist_match,69.49,review,2025-03-25 23:10:12
A0002395,T00021446,cross_border,94.21,escalated,2025-09-18 21:28:53
A0002396,T00002568,high_amount,53.86,review,2025-10-22 10:42:17
A0002397,T00002083,blacklist_match,56.24,review,2025-06-19 23:52:28
A0002398,T00023951,new_device,87.64,escalated,2025-05-11 06:32:21
A0002399,T00011338,velocity,63.31,review,2025-01-28 16:24:22
A0002400,T00000194,blacklist_match,49.53,closed,2025-01-04 13:06:31
A0002401,T00020060,high_amount,67.23,review,2025-02-08 06:19:15
A0002402,T00004893,high_amount,42.92,closed,2025-07-02 02:09:42
A0002403,T00024859,risky_category,52.03,review,2025-12-19 04:26:26
A0002404,T00022173,risky_category,51.78,review,2025-11-06 09:52:30
A0002405,T00000777,risky_category,89.46,escalated,2025-03-07 23:40:56
A0002406,T00018238,risky_category,54.26,review,2025-01-26 06:33:59
A0002407,T00007418,cross_border,47.42,closed,2025-07-23 02:52:33
A0002408,T00021340,new_device,41.71,closed,2025-03-30 08:35:29
A0002409,T00005737,new_device,63.8,review,2025-10-08 19:58:24
A0002410,T00007628,cross_border,49.56,closed,2025-06-10 06:04:40
A0002411,T00006824,high_amount,55.04,review,2025-07-08 13:39:39
A0002412,T00019511,high_amount,44.49,closed,2025-07-17 01:42:20
A0002413,T00004999,blacklist_match,66.41,review,2025-12-10 02:18:38
A0002414,T00007674,velocity,18.36,closed,2025-04-22 11:38:04
A0002415,T00003954,blacklist_match,47.59,closed,2025-03-02 07:48:40
A0002416,T00003593,new_device,33.95,closed,2025-07-14 16:26:27
A0002417,T00007200,new_device,7.13,closed,2025-01-16 00:53:23
A0002418,T00011687,high_amount,71.82,review,2025-07-23 14:43:11
A0002419,T00008333,risky_category,60.88,review,2025-06-01 02:27:52
A0002420,T00008741,cross_border,52.38,review,2025-09-30 19:15:11
A0002421,T00001740,cross_border,87.65,escalated,2025-07-15 04:26:22
A0002422,T00021148,risky_category,47.86,closed,2025-01-18 14:31:01
A0002423,T00019023,cross_border,77.38,escalated,2025-01-16 06:47:18
A0002424,T00023309,high_amount,92.1,escalated,2025-06-10 19:13:58
A0002425,T00022345,velocity,75.87,escalated,2025-01-06 09:02:04
A0002426,T00005569,high_amount,12.72,closed,2025-10-29 09:46:06
A0002427,T00021996,velocity,63.48,review,2025-07-31 09:06:06
A0002428,T00014203,new_device,28.84,closed,2025-10-20 23:32:07
A0002429,T00018620,velocity,66.56,review,2025-07-15 01:55:38
A0002430,T00015849,blacklist_match,36.63,closed,2025-01-28 21:49:07
A0002431,T00009427,velocity,46.11,closed,2025-02-17 23:52:08
A0002432,T00006653,new_device,65.03,review,2025-12-28 16:50:04
A0002433,T00003652,new_device,57.58,review,2025-08-20 01:43:27
A0002434,T00016446,high_amount,50.06,review,2025-07-26 08:19:23
A0002435,T00002878,high_amount,5.52,closed,2025-07-23 05:44:19
A0002436,T00019860,cross_border,24.99,closed,2025-06-23 08:38:16
A0002437,T00013299,velocity,19.62,closed,2025-01-07 02:00:22
A0002438,T00005833,velocity,77.97,escalated,2025-08-23 13:50:58
A0002439,T00023240,cross_border,80.56,escalated,2025-04-08 15:00:55
A0002440,T00007453,new_device,66.1,review,2025-08-05 09:53:34
A0002441,T00018261,cross_border,47.66,closed,2025-09-12 20:53:20
A0002442,T00000735,risky_category,34.34,closed,2025-09-14 10:59:41
A0002443,T00018229,new_device,47.5,closed,2025-03-12 22:59:15
A0002444,T00004896,new_device,100.0,escalated,2025-07-09 11:57:34
A0002445,T00000724,risky_category,57.62,review,2025-08-31 14:00:33
A0002446,T00011645,cross_border,52.97,review,2025-07-19 03:53:20
A0002447,T00010343,new_device,42.58,closed,2025-12-25 17:26:23
A0002448,T00003053,blacklist_match,58.77,review,2025-04-10 20:59:58
A0002449,T00024449,blacklist_match,54.98,review,2025-02-24 17:24:19
A0002450,T00023718,new_device,88.79,escalated,2025-09-22 19:17:22
A0002451,T00011216,high_amount,60.69,review,2025-08-22 11:30:03
A0002452,T00017854,velocity,81.87,escalated,2025-10-30 09:13:41
A0002453,T00024643,velocity,42.08,closed,2025-07-14 18:17:50
A0002454,T00006681,risky_category,26.5,closed,2025-10-05 20:17:15
A0002455,T00002148,cross_border,31.23,closed,2025-12-15 03:26:30
A0002456,T00014595,new_device,34.44,closed,2025-03-31 14:38:09
A0002457,T00008361,velocity,65.38,review,2025-11-07 14:19:19
A0002458,T00009141,blacklist_match,47.12,closed,2025-08-11 19:34:01
A0002459,T00024893,new_device,76.72,escalated,2025-01-17 07:31:13
A0002460,T00015502,velocity,46.06,closed,2025-12-30 01:59:57
A0002461,T00014224,new_device,53.76,review,2025-08-13 12:50:19
A0002462,T00013086,cross_border,63.18,review,2025-10-26 22:58:41
A0002463,T00013517,risky_category,21.07,closed,2025-03-12 05:22:57
A0002464,T00016907,risky_category,69.75,review,2025-07-03 05:07:00
A0002465,T00002919,risky_category,84.4,escalated,2025-02-15 03:05:33
A0002466,T00010397,new_device,60.67,review,2025-12-06 13:03:31
A0002467,T00018649,new_device,70.08,review,2025-04-10 16:10:27
A0002468,T00015552,velocity,56.77,review,2025-08-16 12:44:41
A0002469,T00013603,risky_category,54.53,review,2025-07-22 02:41:59
A0002470,T00016107,cross_border,35.84,closed,2025-10-25 17:33:50
A0002471,T00016729,high_amount,33.45,closed,2025-03-09 00:04:05
A0002472,T00002939,velocity,49.95,closed,2025-02-26 04:21:41
A0002473,T00001618,velocity,51.21,review,2025-06-04 03:02:47
A0002474,T00010398,risky_category,23.23,closed,2025-04-05 08:15:39
A0002475,T00018065,blacklist_match,35.38,closed,2025-07-28 03:06:37
A0002476,T00024403,cross_border,70.85,review,2025-08-07 03:01:19
A0002477,T00003559,blacklist_match,56.79,review,2025-07-22 09:05:30
A0002478,T00011627,high_amount,28.28,closed,2025-11-29 01:16:11
A0002479,T00013124,risky_category,71.0,review,2025-05-08 19:01:38
A0002480,T00004801,high_amount,7.78,closed,2025-11-22 11:05:47
A0002481,T00001617,high_amount,53.68,review,2025-11-25 15:14:55
A0002482,T00000270,blacklist_match,33.8,closed,2025-09-07 00:41:58
A0002483,T00012520,high_amount,84.07,escalated,2025-01-11 11:48:21
A0002484,T00005787,risky_category,77.75,escalated,2025-07-06 04:12:38
A0002485,T00007653,high_amount,83.57,escalated,2025-02-11 09:03:21
A0002486,T00012404,new_device,81.33,escalated,2025-06-15 07:57:11
A0002487,T00006028,velocity,47.1,closed,2025-11-14 16:07:51
A0002488,T00016139,risky_category,71.41,review,2025-06-03 03:59:32
A0002489,T00021606,new_device,77.81,escalated,2025-08-10 17:21:07
A0002490,T00020419,risky_category,24.82,closed,2025-08-21 10:12:02
A0002491,T00018223,risky_category,85.17,escalated,2025-06-07 17:52:35
A0002492,T00004058,velocity,10.35,closed,2025-05-07 09:50:54
A0002493,T00019912,risky_category,18.13,closed,2025-07-02 02:46:19
A0002494,T00000560,velocity,37.93,closed,2025-12-13 09:26:50
A0002495,T00015558,risky_category,100.0,escalated,2025-10-01 04:23:46
A0002496,T00002906,velocity,62.54,review,2025-05-14 04:10:03
A0002497,T00005773,high_amount,50.17,review,2025-10-10 10:33:17
A0002498,T00015945,high_amount,30.4,closed,2025-08-09 09:08:51
A0002499,T00002061,velocity,42.51,closed,2025-12-31 23:32:20
A0002500,T00009611,risky_category,59.12,review,2025-07-14 06:15:20
A0002501,T00009648,velocity,61.64,review,2025-07-28 12:08:30
A0002502,T00008962,velocity,13.1,closed,2025-08-27 12:23:38
A0002503,T00021664,high_amount,64.85,review,2025-11-18 04:30:01
A0002504,T00008696,cross_border,73.0,review,2025-07-08 01:41:53
A0002505,T00014144,velocity,77.71,escalated,2025-07-16 00:27:53
A0002506,T00010171,new_device,89.88,escalated,2025-04-23 22:36:56
A0002507,T00009373,cross_border,60.49,review,2025-09-14 23:24:22
A0002508,T00012417,new_device,37.5,closed,2025-01-31 06:24:22
A0002509,T00021603,high_amount,69.01,review,2025-07-16 23:31:30
A0002510,T00002980,high_amount,81.34,escalated,2025-09-25 04:51:18
A0002511,T00022339,new_device,45.78,closed,2025-11-12 05:39:37
A0002512,T00005383,risky_category,67.68,review,2025-09-05 01:48:53
A0002513,T00018474,new_device,67.1,review,2025-07-05 16:58:54
A0002514,T00006858,cross_border,1.31,closed,2025-06-13 00:34:50
A0002515,T00000219,velocity,22.39,closed,2025-12-18 02:12:31
A0002516,T00023108,risky_category,65.97,review,2025-01-06 07:37:52
A0002517,T00009260,cross_border,16.75,closed,2025-11-22 14:52:24
A0002518,T00013960,velocity,22.88,closed,2025-10-31 11:15:52
A0002519,T00008847,velocity,26.18,closed,2025-12-10 23:59:46
A0002520,T00009543,cross_border,57.32,review,2025-04-16 23:10:03
A0002521,T00001243,high_amount,30.12,closed,2025-03-10 12:02:11
A0002522,T00009746,velocity,44.75,closed,2025-05-09 12:15:00
A0002523,T00020151,velocity,44.37,closed,2025-05-23 15:49:56
A0002524,T00012288,risky_category,65.18,review,2025-11-11 06:43:11
A0002525,T00022947,high_amount,52.15,review,2025-04-26 20:21:43
A0002526,T00024508,risky_category,50.19,review,2025-12-23 16:08:29
A0002527,T00002804,high_amount,15.83,closed,2025-08-12 15:27:50
A0002528,T00009825,risky_category,86.84,escalated,2025-01-01 05:19:15
A0002529,T00012922,risky_category,64.12,review,2025-05-31 08:06:30
A0002530,T00012200,risky_category,29.77,closed,2025-11-03 07:30:33
A0002531,T00023785,velocity,36.16,closed,2025-12-06 15:09:11
A0002532,T00003512,risky_category,56.68,review,2025-12-03 20:00:51
A0002533,T00013413,risky_category,57.3,review,2025-08-22 04:59:09
A0002534,T00014727,velocity,62.72,review,2025-06-10 18:09:44
A0002535,T00021159,cross_border,21.76,closed,2025-12-08 05:08:15
A0002536,T00011315,new_device,58.2,review,2025-03-14 00:22:52
A0002537,T00013495,cross_border,84.2,escalated,2025-03-13 22:47:55
A0002538,T00024032,cross_border,78.6,escalated,2025-08-05 16:05:09
A0002539,T00014506,cross_border,53.45,review,2025-05-08 18:04:58
A0002540,T00004242,new_device,47.67,closed,2025-01-09 10:01:23
A0002541,T00021179,cross_border,52.22,review,2025-02-06 04:12:55
A0002542,T00024432,high_amount,53.95,review,2025-11-29 23:22:53
A0002543,T00017080,high_amount,46.7,closed,2025-07-01 07:27:04
A0002544,T00013787,new_device,28.04,closed,2025-05-22 22:59:30
A0002545,T00024056,velocity,78.87,escalated,2025-10-10 12:37:08
A0002546,T00013089,blacklist_match,65.0,review,2025-02-18 14:31:31
A0002547,T00008103,risky_category,48.65,closed,2025-12-01 18:44:38
A0002548,T00014473,new_device,82.54,escalated,2025-05-26 11:24:26
A0002549,T00003390,cross_border,89.19,escalated,2025-05-19 19:11:06
A0002550,T00007366,risky_category,65.94,review,2025-06-26 02:02:13
A0002551,T00011425,cross_border,28.5,closed,2025-06-08 01:14:10
A0002552,T00017022,cross_border,69.5,review,2025-07-18 21:17:19
A0002553,T00004325,cross_border,36.16,closed,2025-03-05 22:57:52
A0002554,T00017774,new_device,54.61,review,2025-04-21 21:21:16
A0002555,T00000762,new_device,68.9,review,2025-01-28 08:02:45
A0002556,T00022129,velocity,41.42,closed,2025-03-17 09:10:00
A0002557,T00002710,high_amount,56.56,review,2025-06-16 10:12:43
A0002558,T00000502,cross_border,87.99,escalated,2025-03-11 01:35:20
A0002559,T00006147,cross_border,81.22,escalated,2025-03-28 03:42:28
A0002560,T00023214,cross_border,24.95,closed,2025-01-30 03:51:00
A0002561,T00004014,velocity,57.19,review,2025-11-03 05:25:51
A0002562,T00002717,risky_category,22.63,closed,2025-12-10 09:53:45
A0002563,T00001795,blacklist_match,65.55,review,2025-06-11 08:33:55
A0002564,T00022336,cross_border,72.01,review,2025-05-02 19:44:39
A0002565,T00005087,new_device,77.01,escalated,2025-08-04 19:32:57
A0002566,T00013359,cross_border,78.53,escalated,2025-05-20 14:39:46
A0002567,T00006959,risky_category,24.34,closed,2025-10-19 18:48:51
A0002568,T00009506,high_amount,66.0,review,2025-08-05 19:04:35
A0002569,T00010247,blacklist_match,54.07,review,2025-04-05 01:59:49
A0002570,T00000160,blacklist_match,61.9,review,2025-09-20 17:05:34
A0002571,T00015734,cross_border,72.58,review,2025-06-13 06:28:58
A0002572,T00003707,cross_border,70.62,review,2025-05-08 22:08:18
A0002573,T00021952,velocity,18.74,closed,2025-07-08 19:28:25
A0002574,T00008422,new_device,37.95,closed,2025-07-14 22:47:04
A0002575,T00011406,risky_category,88.95,escalated,2025-04-20 09:36:59
A0002576,T00007384,cross_border,57.4,review,2025-04-18 08:32:47
A0002577,T00007277,new_device,53.96,review,2025-04-24 06:09:42
A0002578,T00007968,new_device,50.98,review,2025-03-02 00:07:50
A0002579,T00019861,high_amount,42.1,closed,2025-03-18 11:22:20
A0002580,T00006982,risky_category,43.24,closed,2025-04-19 01:16:11
A0002581,T00002307,new_device,68.69,review,2025-05-02 21:20:41
A0002582,T00019673,new_device,23.17,closed,2025-05-03 09:34:00
A0002583,T00024971,new_device,24.3,closed,2025-09-29 02:41:29
A0002584,T00003747,velocity,30.21,closed,2025-06-07 01:00:28
A0002585,T00006607,velocity,68.16,review,2025-08-21 21:07:59
A0002586,T00022265,blacklist_match,34.21,closed,2025-05-24 09:02:33
A0002587,T00014445,velocity,30.33,closed,2025-07-25 14:41:11
A0002588,T00001631,new_device,52.11,review,2025-09-18 22:32:25
A0002589,T00010971,high_amount,25.94,closed,2025-10-14 18:05:16
A0002590,T00016340,new_device,78.5,escalated,2025-07-09 02:43:04
A0002591,T00000848,blacklist_match,83.88,escalated,2025-01-29 13:31:24
A0002592,T00007099,risky_category,36.6,closed,2025-04-11 09:31:17
A0002593,T00011042,risky_category,41.2,closed,2025-05-22 01:48:51
A0002594,T00010696,high_amount,36.56,closed,2025-11-09 06:39:04
A0002595,T00005319,new_device,99.38,escalated,2025-03-26 22:48:28
A0002596,T00024291,velocity,51.43,review,2025-08-05 11:42:46
A0002597,T00016256,new_device,73.84,review,2025-05-13 14:34:38
A0002598,T00013331,cross_border,25.05,closed,2025-06-19 19:12:21
A0002599,T00011162,cross_border,30.6,closed,2025-01-10 05:45:12
A0002600,T00012575,high_amount,60.16,review,2025-09-29 23:36:38
A0002601,T00001788,new_device,43.73,closed,2025-03-23 17:41:46
A0002602,T00010991,new_device,63.66,review,2025-12-30 14:03:58
A0002603,T00019729,new_device,50.17,review,2025-08-22 19:40:02
A0002604,T00009700,new_device,95.7,escalated,2025-06-16 19:32:50
A0002605,T00019534,cross_border,35.84,closed,2025-03-01 22:17:58
A0002606,T00003232,new_device,81.44,escalated,2025-10-14 09:40:00
A0002607,T00013554,high_amount,56.74,review,2025-07-23 08:59:54
A0002608,T00012784,new_device,61.13,review,2025-11-03 22:29:00
A0002609,T00021721,new_device,69.39,review,2025-07-06 04:05:45
A0002610,T00024736,blacklist_match,15.67,closed,2025-08-17 14:20:12
A0002611,T00016049,risky_category,67.07,review,2025-09-06 18:30:12
A0002612,T00000608,cross_border,52.42,review,2025-07-27 09:12:26
A0002613,T00013274,velocity,22.27,closed,2025-03-24 04:54:34
A0002614,T00021975,new_device,50.17,review,2025-08-09 11:53:29
A0002615,T00022019,new_device,71.5,review,2025-05-17 11:11:11
A0002616,T00000067,velocity,41.17,closed,2025-02-05 12:42:17
A0002617,T00011228,new_device,73.61,review,2025-04-11 03:32:51
A0002618,T00013397,velocity,26.87,closed,2025-09-16 16:03:09
A0002619,T00011648,new_device,50.88,review,2025-08-19 12:39:53
A0002620,T00003725,high_amount,26.11,closed,2025-06-28 11:17:22
A0002621,T00001585,high_amount,47.23,closed,2025-06-25 17:40:26
A0002622,T00004425,blacklist_match,30.39,closed,2025-06-10 22:42:42
A0002623,T00000513,high_amount,53.39,review,2025-04-05 09:27:50
A0002624,T00002378,velocity,78.47,escalated,2025-09-23 16:58:07
A0002625,T00013633,risky_category,43.38,closed,2025-05-13 03:59:44
A0002626,T00022631,new_device,46.41,closed,2025-09-14 15:34:38
A0002627,T00024823,blacklist_match,57.21,review,2025-06-14 15:52:35
A0002628,T00017006,high_amount,97.06,escalated,2025-01-20 18:45:16
A0002629,T00004212,velocity,31.62,closed,2025-11-09 06:16:38
A0002630,T00007626,velocity,53.62,review,2025-02-16 15:37:27
A0002631,T00009406,new_device,72.48,review,2025-12-12 16:18:41
A0002632,T00015904,risky_category,83.46,escalated,2025-02-14 08:02:59
A0002633,T00009795,blacklist_match,36.88,closed,2025-12-31 18:16:03
A0002634,T00010736,velocity,80.17,escalated,2025-10-05 09:52:57
A0002635,T00018196,high_amount,59.35,review,2025-12-19 10:35:41
A0002636,T00021327,cross_border,14.6,closed,2025-12-25 16:26:48
A0002637,T00023016,velocity,55.27,review,2025-01-18 04:21:31
A0002638,T00018300,risky_category,38.89,closed,2025-02-16 16:06:25
A0002639,T00011514,risky_category,28.32,closed,2025-10-12 14:34:36
A0002640,T00015325,velocity,71.44,review,2025-11-08 17:03:07
A0002641,T00015190,velocity,65.1,review,2025-12-25 08:05:48
A0002642,T00022934,high_amount,48.14,closed,2025-04-12 21:37:22
A0002643,T00007765,cross_border,88.13,escalated,2025-08-28 02:27:59
A0002644,T00000588,risky_category,62.03,review,2025-10-08 14:29:02
A0002645,T00008053,risky_category,66.17,review,2025-11-04 11:56:17
A0002646,T00003055,new_device,74.53,review,2025-09-16 02:16:15
A0002647,T00004251,velocity,61.16,review,2025-10-22 00:02:54
A0002648,T00022980,velocity,16.14,closed,2025-04-27 00:35:34
A0002649,T00000529,risky_category,53.83,review,2025-03-03 19:00:21
A0002650,T00018401,high_amount,37.32,closed,2025-03-29 20:06:58
A0002651,T00007954,risky_category,44.58,closed,2025-05-23 18:45:23
A0002652,T00015570,high_amount,59.56,review,2025-01-18 20:10:56
A0002653,T00004462,high_amount,85.04,escalated,2025-06-21 01:10:41
A0002654,T00021139,risky_category,68.95,review,2025-02-04 15:05:32
A0002655,T00003794,high_amount,49.34,closed,2025-11-13 13:47:04
A0002656,T00012110,cross_border,5.21,closed,2025-11-13 15:54:49
A0002657,T00019494,velocity,35.05,closed,2025-02-01 14:15:39
A0002658,T00007352,risky_category,56.4,review,2025-11-08 20:59:55
A0002659,T00009986,risky_category,69.09,review,2025-10-24 10:32:35
A0002660,T00017967,blacklist_match,54.81,review,2025-03-12 12:04:00
A0002661,T00016421,new_device,89.23,escalated,2025-11-05 12:50:50
A0002662,T00022541,risky_category,70.0,review,2025-01-15 18:10:08
A0002663,T00004794,new_device,44.63,closed,2025-11-07 06:27:31
A0002664,T00014851,blacklist_match,52.03,review,2025-02-13 01:31:07
A0002665,T00021871,new_device,60.39,review,2025-02-26 20:27:45
A0002666,T00016451,velocity,48.82,closed,2025-06-27 07:20:20
A0002667,T00022276,cross_border,73.7,review,2025-01-10 18:02:15
A0002668,T00013736,risky_category,46.42,closed,2025-01-06 13:38:27
A0002669,T00018807,new_device,37.29,closed,2025-01-05 20:51:27
A0002670,T00011723,velocity,59.97,review,2025-05-19 12:55:40
A0002671,T00002602,blacklist_match,51.45,review,2025-10-22 11:57:29
A0002672,T00001866,risky_category,35.94,closed,2025-01-01 09:34:14
A0002673,T00021420,velocity,88.21,escalated,2025-06-30 05:27:49
A0002674,T00001798,new_device,30.12,closed,2025-06-07 13:10:39
A0002675,T00012197,risky_category,46.85,closed,2025-08-24 11:03:19
A0002676,T00001933,high_amount,52.13,review,2025-03-06 04:59:35
A0002677,T00008767,cross_border,49.76,closed,2025-09-05 01:34:19
A0002678,T00013616,cross_border,33.2,closed,2025-07-11 18:07:33
A0002679,T00005832,velocity,29.21,closed,2025-04-21 07:52:37
A0002680,T00019726,high_amount,13.4,closed,2025-09-19 21:43:35
A0002681,T00018797,cross_border,20.06,closed,2025-04-13 22:45:51
A0002682,T00005294,high_amount,55.51,review,2025-05-12 20:49:30
A0002683,T00011028,high_amount,62.95,review,2025-04-13 23:42:09
A0002684,T00011460,cross_border,43.61,closed,2025-10-08 10:44:50
A0002685,T00003550,blacklist_match,55.8,review,2025-03-03 11:46:11
A0002686,T00020728,blacklist_match,83.78,escalated,2025-03-25 14:21:03
A0002687,T00006882,velocity,80.38,escalated,2025-02-28 11:29:09
A0002688,T00002296,risky_category,81.96,escalated,2025-11-03 21:56:49
A0002689,T00004468,new_device,52.0,review,2025-04-16 23:54:48
A0002690,T00009863,high_amount,68.57,review,2025-01-31 12:15:32
A0002691,T00009516,risky_category,27.97,closed,2025-04-08 07:49:14
A0002692,T00004955,risky_category,90.57,escalated,2025-11-04 23:40:22
A0002693,T00021294,risky_category,90.59,escalated,2025-01-28 04:37:01
A0002694,T00014230,blacklist_match,68.53,review,2025-12-23 09:32:01
A0002695,T00020333,new_device,86.76,escalated,2025-05-10 18:46:24
A0002696,T00018977,cross_border,49.52,closed,2025-06-07 11:13:50
A0002697,T00000068,velocity,81.16,escalated,2025-11-16 17:18:59
A0002698,T00012932,new_device,30.51,closed,2025-04-06 00:01:06
A0002699,T00004839,cross_border,66.6,review,2025-11-18 01:20:34
A0002700,T00015846,risky_category,18.5,closed,2025-03-04 05:35:22
A0002701,T00023313,velocity,73.78,review,2025-12-26 16:52:21
A0002702,T00010819,new_device,40.62,closed,2025-12-10 15:44:31
A0002703,T00001001,blacklist_match,14.69,closed,2025-03-19 18:10:00
A0002704,T00016684,velocity,22.57,closed,2025-11-13 01:49:23
A0002705,T00000119,high_amount,72.82,review,2025-03-15 07:02:23
A0002706,T00007541,blacklist_match,58.62,review,2025-03-26 11:08:32
A0002707,T00017161,new_device,34.22,closed,2025-05-13 06:14:28
A0002708,T00018080,high_amount,21.34,closed,2025-04-03 21:29:31
A0002709,T00017968,new_device,24.32,closed,2025-10-24 20:42:40
A0002710,T00005059,velocity,64.96,review,2025-06-02 13:55:30
A0002711,T00023854,velocity,72.1,review,2025-07-30 20:09:33
A0002712,T00019026,cross_border,82.65,escalated,2025-08-31 02:43:28
A0002713,T00009292,risky_category,69.66,review,2025-06-20 22:07:14
A0002714,T00003536,risky_category,55.55,review,2025-04-01 13:32:23
A0002715,T00017889,cross_border,62.97,review,2025-08-12 20:45:11
A0002716,T00018792,new_device,100.0,escalated,2025-12-22 10:56:28
A0002717,T00008790,velocity,45.75,closed,2025-04-16 12:58:40
A0002718,T00006276,blacklist_match,35.62,closed,2025-09-01 00:06:22
A0002719,T00010887,new_device,34.27,closed,2025-07-05 19:58:24
A0002720,T00020890,cross_border,79.21,escalated,2025-04-09 07:58:42
A0002721,T00018507,velocity,40.61,closed,2025-03-26 21:51:47
A0002722,T00011725,new_device,49.7,closed,2025-05-16 01:40:09
A0002723,T00024821,risky_category,53.13,review,2025-03-28 13:24:51
A0002724,T00014894,new_device,33.87,closed,2025-01-09 11:20:47
A0002725,T00009111,velocity,59.67,review,2025-09-08 23:06:43
A0002726,T00021708,blacklist_match,62.16,review,2025-08-05 00:04:56
A0002727,T00009232,risky_category,34.64,closed,2025-07-31 12:30:21
A0002728,T00008436,high_amount,42.24,closed,2025-11-26 14:52:48
A0002729,T00004318,velocity,53.59,review,2025-09-02 09:45:29
A0002730,T00011447,blacklist_match,100.0,escalated,2025-10-26 04:00:25
A0002731,T00005647,velocity,31.64,closed,2025-03-20 13:22:06
A0002732,T00011659,cross_border,5.91,closed,2025-03-06 15:54:38
A0002733,T00020422,risky_category,32.94,closed,2025-03-16 10:31:06
A0002734,T00008390,risky_category,8.32,closed,2025-11-30 23:54:39
A0002735,T00021246,risky_category,69.51,review,2025-02-02 18:13:25
A0002736,T00005477,high_amount,77.93,escalated,2025-04-01 05:34:38
A0002737,T00013983,velocity,37.36,closed,2025-04-10 18:34:21
A0002738,T00000602,cross_border,85.38,escalated,2025-10-18 19:59:31
A0002739,T00019611,risky_category,55.28,review,2025-04-28 06:54:55
A0002740,T00002551,risky_category,54.14,review,2025-12-26 02:39:47
A0002741,T00010690,new_device,29.46,closed,2025-04-01 06:47:30
A0002742,T00024888,risky_category,65.29,review,2025-01-17 20:58:41
A0002743,T00020105,risky_category,32.39,closed,2025-01-09 18:01:03
A0002744,T00003413,blacklist_match,29.12,closed,2025-04-07 14:55:55
A0002745,T00018588,cross_border,91.28,escalated,2025-11-13 20:09:04
A0002746,T00017373,risky_category,65.71,review,2025-12-11 01:34:54
A0002747,T00023275,risky_category,26.74,closed,2025-06-01 09:21:59
A0002748,T00013931,velocity,48.75,closed,2025-07-13 07:27:04
A0002749,T00010815,high_amount,60.94,review,2025-05-27 22:55:05
A0002750,T00011800,cross_border,84.25,escalated,2025-09-07 04:51:33
A0002751,T00001946,velocity,55.5,review,2025-01-26 20:27:10
A0002752,T00000415,new_device,51.32,review,2025-01-26 11:33:22
A0002753,T00010676,cross_border,62.62,review,2025-04-24 19:04:06
A0002754,T00001570,risky_category,48.05,closed,2025-01-01 02:21:47
A0002755,T00008309,velocity,40.2,closed,2025-07-28 04:58:22
A0002756,T00021453,new_device,35.09,closed,2025-12-15 02:44:52
A0002757,T00010544,new_device,62.21,review,2025-05-28 06:21:37
A0002758,T00019389,risky_category,15.48,closed,2025-05-09 11:36:11
A0002759,T00002604,blacklist_match,29.85,closed,2025-11-04 23:35:09
A0002760,T00019433,velocity,74.06,review,2025-12-07 15:59:20
A0002761,T00009300,velocity,24.97,closed,2025-06-17 03:25:17
A0002762,T00014995,new_device,3.91,closed,2025-02-17 07:54:26
A0002763,T00006288,new_device,57.12,review,2025-03-05 08:21:49
A0002764,T00008464,new_device,47.26,closed,2025-10-13 17:01:04
A0002765,T00013451,blacklist_match,54.37,review,2025-12-15 20:45:23
A0002766,T00013156,velocity,59.98,review,2025-06-05 17:32:56
A0002767,T00009816,new_device,37.33,closed,2025-12-01 12:24:55
A0002768,T00006414,high_amount,55.71,review,2025-10-07 06:41:08
A0002769,T00020582,cross_border,36.34,closed,2025-08-31 05:39:58
A0002770,T00020265,new_device,37.76,closed,2025-03-19 16:44:37
A0002771,T00008758,high_amount,48.96,closed,2025-08-14 01:37:40
A0002772,T00014194,velocity,30.94,closed,2025-07-20 15:17:28
A0002773,T00018572,new_device,53.39,review,2025-06-22 05:38:23
A0002774,T00005654,blacklist_match,52.18,review,2025-04-28 12:18:03
A0002775,T00021803,cross_border,26.14,closed,2025-05-09 12:30:20
A0002776,T00019154,velocity,93.22,escalated,2025-01-12 18:30:50
A0002777,T00020274,high_amount,45.31,closed,2025-04-15 17:16:42
A0002778,T00022689,cross_border,68.16,review,2025-10-26 04:41:50
A0002779,T00014362,cross_border,17.27,closed,2025-12-19 21:00:51
A0002780,T00003100,velocity,25.36,closed,2025-11-11 02:59:00
A0002781,T00022315,risky_category,87.92,escalated,2025-06-21 20:52:02
A0002782,T00009403,risky_category,58.65,review,2025-07-27 17:42:16
A0002783,T00010997,blacklist_match,17.11,closed,2025-09-10 14:51:36
A0002784,T00021060,blacklist_match,42.44,closed,2025-10-11 17:35:12
A0002785,T00022666,blacklist_match,57.05,review,2025-06-28 02:32:01
A0002786,T00008576,cross_border,45.23,closed,2025-03-24 01:15:28
A0002787,T00007603,high_amount,44.81,closed,2025-05-24 07:25:12
A0002788,T00014122,risky_category,56.3,review,2025-12-07 21:57:53
A0002789,T00013056,new_device,49.15,closed,2025-03-04 15:39:48
A0002790,T00001563,velocity,80.77,escalated,2025-09-20 00:34:10
A0002791,T00018117,risky_category,93.54,escalated,2025-02-19 10:06:16
A0002792,T00011993,velocity,25.13,closed,2025-05-10 06:43:32
A0002793,T00023229,risky_category,73.46,review,2025-08-13 04:08:50
A0002794,T00004441,blacklist_match,52.71,review,2025-03-07 11:26:31
A0002795,T00003313,velocity,68.35,review,2025-05-11 15:44:04
A0002796,T00006369,high_amount,100.0,escalated,2025-01-16 11:09:37
A0002797,T00002996,cross_border,62.72,review,2025-06-26 00:50:45
A0002798,T00012075,blacklist_match,64.3,review,2025-10-23 23:04:22
A0002799,T00021781,risky_category,28.74,closed,2025-09-15 01:00:54
A0002800,T00015942,risky_category,29.7,closed,2025-06-05 05:49:10
A0002801,T00023050,high_amount,15.08,closed,2025-08-13 17:56:13
A0002802,T00010655,high_amount,34.97,closed,2025-08-09 06:18:45
A0002803,T00016350,cross_border,58.58,review,2025-09-20 09:21:53
A0002804,T00013841,velocity,45.84,closed,2025-05-02 19:22:19
A0002805,T00000807,cross_border,52.38,review,2025-06-13 06:47:52
A0002806,T00024667,blacklist_match,17.56,closed,2025-09-03 18:36:40
A0002807,T00013395,velocity,47.44,closed,2025-08-25 05:18:03
A0002808,T00003940,velocity,11.99,closed,2025-12-05 19:52:41
A0002809,T00017947,cross_border,51.71,review,2025-10-21 16:29:41
A0002810,T00004167,new_device,13.79,closed,2025-03-11 01:56:42
A0002811,T00013328,new_device,78.88,escalated,2025-02-14 13:38:10
A0002812,T00015922,high_amount,19.69,closed,2025-03-28 08:59:55
A0002813,T00015766,velocity,36.26,closed,2025-11-26 17:44:09
A0002814,T00024220,velocity,9.68,closed,2025-03-21 23:33:41
A0002815,T00011269,high_amount,47.39,closed,2025-06-20 07:05:01
A0002816,T00018759,velocity,48.51,closed,2025-12-13 19:16:20
A0002817,T00006443,high_amount,28.24,closed,2025-04-23 20:40:35
A0002818,T00017469,risky_category,54.03,review,2025-09-16 21:36:50
A0002819,T00022596,risky_category,47.68,closed,2025-10-06 07:17:56
A0002820,T00015884,high_amount,27.86,closed,2025-09-04 00:27:47
A0002821,T00022264,blacklist_match,45.93,closed,2025-02-10 07:19:32
A0002822,T00009376,new_device,94.71,escalated,2025-12-16 19:48:09
A0002823,T00017147,high_amount,36.33,closed,2025-12-16 01:16:48
A0002824,T00003763,velocity,22.39,closed,2025-02-25 04:23:33
A0002825,T00020253,cross_border,52.8,review,2025-11-13 16:37:58
A0002826,T00000078,velocity,75.43,escalated,2025-05-02 02:51:21
A0002827,T00002150,high_amount,62.97,review,2025-04-04 15:03:27
A0002828,T00015530,high_amount,71.86,review,2025-06-17 20:32:59
A0002829,T00010893,cross_border,47.57,closed,2025-06-06 08:08:45
A0002830,T00010456,blacklist_match,41.02,closed,2025-08-19 18:24:34
A0002831,T00023674,cross_border,64.44,review,2025-07-02 14:57:52
A0002832,T00002687,new_device,91.85,escalated,2025-01-02 08:01:57
A0002833,T00020197,new_device,45.78,closed,2025-02-25 08:57:53
A0002834,T00006390,cross_border,17.16,closed,2025-06-02 15:06:52
A0002835,T00018252,new_device,65.12,review,2025-06-24 15:07:26
A0002836,T00022175,cross_border,44.99,closed,2025-07-15 23:29:33
A0002837,T00003563,high_amount,48.69,closed,2025-06-20 01:00:10
A0002838,T00021089,high_amount,72.29,review,2025-02-10 04:32:46
A0002839,T00005564,risky_category,37.9,closed,2025-12-28 17:36:32
A0002840,T00013295,cross_border,14.58,closed,2025-05-15 09:24:27
A0002841,T00018911,velocity,17.63,closed,2025-03-23 13:31:22
A0002842,T00011044,risky_category,55.94,review,2025-09-20 17:48:57
A0002843,T00020899,high_amount,39.54,closed,2025-12-02 21:59:49
A0002844,T00017432,new_device,43.58,closed,2025-12-24 12:02:27
A0002845,T00017698,velocity,38.14,closed,2025-06-08 13:21:22
A0002846,T00002350,high_amount,91.66,escalated,2025-06-21 23:33:02
A0002847,T00000329,risky_category,73.02,review,2025-03-29 05:05:18
A0002848,T00001232,cross_border,73.08,review,2025-10-02 09:09:10
A0002849,T00022655,high_amount,37.27,closed,2025-03-22 07:43:46
A0002850,T00019545,new_device,12.72,closed,2025-07-09 05:58:48
A0002851,T00013225,new_device,22.15,closed,2025-04-06 16:08:08
A0002852,T00008301,high_amount,81.39,escalated,2025-05-20 09:01:36
A0002853,T00015255,high_amount,72.72,review,2025-05-12 13:27:17
A0002854,T00020561,risky_category,46.42,closed,2025-05-10 18:28:00
A0002855,T00016209,high_amount,92.87,escalated,2025-10-15 20:43:37
A0002856,T00009179,velocity,26.77,closed,2025-12-26 11:23:38
A0002857,T00022964,cross_border,59.46,review,2025-02-07 21:40:37
A0002858,T00006994,cross_border,34.95,closed,2025-09-04 01:12:45
A0002859,T00012948,high_amount,24.87,closed,2025-11-19 08:06:36
A0002860,T00014513,risky_category,35.85,closed,2025-08-12 04:27:23
A0002861,T00004990,velocity,82.79,escalated,2025-01-19 13:38:18
A0002862,T00022185,blacklist_match,20.83,closed,2025-11-24 16:19:08
A0002863,T00015753,velocity,26.18,closed,2025-09-21 21:42:19
A0002864,T00000401,risky_category,42.48,closed,2025-10-19 04:18:56
A0002865,T00010486,blacklist_match,68.8,review,2025-04-03 09:13:01
A0002866,T00011603,new_device,41.99,closed,2025-08-16 21:29:29
A0002867,T00003197,high_amount,14.86,closed,2025-02-23 07:09:15
A0002868,T00021412,risky_category,6.65,closed,2025-03-20 12:27:27
A0002869,T00007065,risky_category,35.77,closed,2025-02-19 09:04:36
A0002870,T00017806,velocity,86.34,escalated,2025-04-17 23:08:37
A0002871,T00014737,high_amount,60.41,review,2025-12-07 06:18:55
A0002872,T00012227,new_device,73.1,review,2025-12-18 07:46:13
A0002873,T00022694,risky_category,78.97,escalated,2025-08-24 05:49:07
A0002874,T00011422,high_amount,55.61,review,2025-04-29 10:01:39
A0002875,T00007425,new_device,47.0,closed,2025-07-17 03:27:13
A0002876,T00017981,cross_border,24.74,closed,2025-07-25 16:12:21
A0002877,T00013130,high_amount,66.35,review,2025-03-08 05:10:18
A0002878,T00004804,velocity,38.18,closed,2025-03-09 14:58:07
A0002879,T00015051,velocity,53.28,review,2025-11-01 05:25:11
A0002880,T00024747,cross_border,47.66,closed,2025-02-15 19:50:26
A0002881,T00011434,high_amount,24.84,closed,2025-12-10 00:54:37
A0002882,T00019337,velocity,49.4,closed,2025-12-24 00:21:16
A0002883,T00010012,risky_category,95.08,escalated,2025-02-23 04:21:19
A0002884,T00001460,cross_border,53.66,review,2025-05-05 06:10:19
A0002885,T00002003,high_amount,64.13,review,2025-02-14 04:34:56
A0002886,T00018632,velocity,21.12,closed,2025-10-24 10:56:25
A0002887,T00001015,risky_category,14.85,closed,2025-07-22 23:13:34
A0002888,T00001648,high_amount,78.13,escalated,2025-03-18 08:01:07
A0002889,T00002664,new_device,19.58,closed,2025-03-26 13:09:15
A0002890,T00007433,high_amount,69.99,review,2025-08-31 12:00:42
A0002891,T00002984,high_amount,86.42,escalated,2025-06-17 07:57:05
A0002892,T00024999,risky_category,42.29,closed,2025-12-06 04:31:44
A0002893,T00002197,new_device,73.65,review,2025-08-26 09:05:01
A0002894,T00014612,risky_category,17.88,closed,2025-07-03 22:24:12
A0002895,T00009246,new_device,16.56,closed,2025-08-22 22:45:07
A0002896,T00019873,high_amount,61.52,review,2025-12-13 11:43:48
A0002897,T00015872,cross_border,26.41,closed,2025-05-29 20:28:39
A0002898,T00001455,velocity,72.46,review,2025-12-05 00:40:27
A0002899,T00016091,high_amount,46.98,closed,2025-10-27 11:39:24
A0002900,T00002701,velocity,63.9,review,2025-08-16 04:59:48
A0002901,T00023983,velocity,20.47,closed,2025-03-09 19:52:49
A0002902,T00011842,high_amount,47.08,closed,2025-05-30 15:08:32
A0002903,T00000887,risky_category,46.43,closed,2025-06-13 20:29:53
A0002904,T00007518,new_device,54.02,review,2025-06-30 01:28:36
A0002905,T00007326,risky_category,30.69,closed,2025-01-19 05:34:44
A0002906,T00006170,blacklist_match,93.14,escalated,2025-11-23 22:36:45
A0002907,T00002754,velocity,97.51,escalated,2025-05-24 19:51:22
A0002908,T00002126,velocity,79.05,escalated,2025-09-10 20:18:13
A0002909,T00021702,velocity,21.19,closed,2025-03-12 11:31:22
A0002910,T00000421,velocity,65.36,review,2025-03-28 13:26:24
A0002911,T00020673,high_amount,38.28,closed,2025-03-31 21:04:31
A0002912,T00002747,new_device,27.35,closed,2025-08-03 11:55:02
A0002913,T00010539,new_device,38.09,closed,2025-09-12 05:36:47
A0002914,T00023715,blacklist_match,41.64,closed,2025-09-21 12:53:34
A0002915,T00001858,new_device,34.58,closed,2025-02-06 16:30:40
A0002916,T00002047,blacklist_match,70.29,review,2025-07-20 08:42:29
A0002917,T00023199,new_device,30.7,closed,2025-09-10 20:52:58
A0002918,T00016229,blacklist_match,62.5,review,2025-03-04 06:57:13
A0002919,T00003265,blacklist_match,100.0,escalated,2025-02-26 22:46:02
A0002920,T00004542,blacklist_match,61.11,review,2025-07-12 21:39:54
A0002921,T00006853,new_device,77.23,escalated,2025-01-16 08:56:35
A0002922,T00010349,blacklist_match,64.46,review,2025-07-13 09:25:24
A0002923,T00006107,high_amount,63.18,review,2025-09-30 13:50:57
A0002924,T00009115,high_amount,59.86,review,2025-03-31 05:53:27
A0002925,T00001831,blacklist_match,53.37,review,2025-03-12 13:34:01
A0002926,T00021778,blacklist_match,63.98,review,2025-02-06 16:18:13
A0002927,T00015089,new_device,99.52,escalated,2025-05-26 22:09:09
A0002928,T00000781,cross_border,64.92,review,2025-11-11 22:26:46
A0002929,T00012905,risky_category,76.47,escalated,2025-12-23 21:56:53
A0002930,T00024631,high_amount,41.18,closed,2025-08-27 08:28:48
A0002931,T00006111,risky_category,59.63,review,2025-06-26 12:00:33
A0002932,T00007951,high_amount,47.92,closed,2025-12-28 05:39:53
A0002933,T00002750,new_device,55.66,review,2025-08-29 02:37:51
A0002934,T00021589,risky_category,29.48,closed,2025-10-20 20:23:25
A0002935,T00011547,new_device,41.27,closed,2025-08-05 08:39:14
A0002936,T00021069,risky_category,15.62,closed,2025-10-25 08:18:09
A0002937,T00022855,risky_category,63.23,review,2025-07-25 00:51:46
A0002938,T00023348,blacklist_match,37.36,closed,2025-08-02 00:19:28
A0002939,T00018241,blacklist_match,29.39,closed,2025-10-02 02:37:58
A0002940,T00018898,high_amount,50.75,review,2025-01-27 18:32:39
A0002941,T00013260,new_device,57.68,review,2025-11-23 17:07:45
A0002942,T00015795,velocity,73.51,review,2025-08-07 01:27:44
A0002943,T00016325,new_device,40.01,closed,2025-07-23 17:23:09
A0002944,T00005365,cross_border,49.31,closed,2025-01-05 00:35:32
A0002945,T00023292,velocity,71.9,review,2025-09-28 15:49:24
A0002946,T00023822,velocity,67.88,review,2025-04-04 00:00:22
A0002947,T00020103,velocity,29.58,closed,2025-02-16 06:28:39
A0002948,T00015334,velocity,57.94,review,2025-06-11 16:54:39
A0002949,T00006757,cross_border,22.5,closed,2025-02-21 05:22:20
A0002950,T00001487,risky_category,67.77,review,2025-07-01 06:11:44
A0002951,T00009624,risky_category,85.73,escalated,2025-02-13 10:12:11
A0002952,T00014893,velocity,75.69,escalated,2025-04-25 09:53:08
A0002953,T00008886,velocity,44.59,closed,2025-05-31 10:16:19
A0002954,T00003650,high_amount,39.74,closed,2025-12-20 21:48:49
A0002955,T00009402,velocity,36.67,closed,2025-03-05 05:49:03
A0002956,T00011660,cross_border,72.12,review,2025-08-19 05:43:27
A0002957,T00012949,cross_border,69.86,review,2025-12-16 03:06:23
A0002958,T00021616,velocity,39.83,closed,2025-04-19 13:46:09
A0002959,T00001539,new_device,79.23,escalated,2025-01-21 20:42:41
A0002960,T00006257,blacklist_match,18.08,closed,2025-12-12 13:56:29
A0002961,T00023952,velocity,61.14,review,2025-12-31 06:08:44
A0002962,T00022002,risky_category,26.19,closed,2025-11-16 05:13:22
A0002963,T00020211,risky_category,64.1,review,2025-06-12 23:10:38
A0002964,T00018730,high_amount,9.25,closed,2025-03-02 20:39:44
A0002965,T00022172,risky_category,65.95,review,2025-07-03 19:13:20
A0002966,T00017843,high_amount,74.45,review,2025-11-28 06:05:16
A0002967,T00015957,cross_border,83.86,escalated,2025-11-07 14:25:08
A0002968,T00001973,risky_category,84.19,escalated,2025-11-24 13:46:20
A0002969,T00022005,risky_category,71.88,review,2025-06-02 18:34:21
A0002970,T00022731,high_amount,21.95,closed,2025-12-23 13:22:28
A0002971,T00002768,risky_category,62.79,review,2025-08-02 04:55:18
A0002972,T00007250,risky_category,26.11,closed,2025-04-24 06:57:18
A0002973,T00021452,risky_category,50.08,review,2025-05-20 01:42:50
A0002974,T00003859,risky_category,69.52,review,2025-09-29 23:30:51
A0002975,T00021321,high_amount,80.54,escalated,2025-11-14 00:56:02
A0002976,T00017269,risky_category,90.81,escalated,2025-02-20 10:51:41
A0002977,T00000532,risky_category,85.1,escalated,2025-11-29 07:47:13
A0002978,T00014286,risky_category,4.43,closed,2025-10-19 15:10:08
A0002979,T00015492,high_amount,38.18,closed,2025-07-09 10:48:03
A0002980,T00019341,blacklist_match,66.59,review,2025-12-31 03:46:05
A0002981,T00005942,cross_border,14.94,closed,2025-11-19 15:11:51
A0002982,T00006721,risky_category,72.2,review,2025-07-06 12:43:28
A0002983,T00006333,velocity,43.9,closed,2025-12-07 07:57:46
A0002984,T00004259,velocity,91.32,escalated,2025-05-20 16:24:29
A0002985,T00005229,high_amount,56.43,review,2025-06-28 19:56:52
A0002986,T00011063,risky_category,59.44,review,2025-11-28 13:29:18
A0002987,T00016144,velocity,66.09,review,2025-10-21 00:57:07
A0002988,T00016097,new_device,11.07,closed,2025-03-22 19:54:08
A0002989,T00015798,velocity,23.92,closed,2025-12-08 09:13:59
A0002990,T00004339,cross_border,82.06,escalated,2025-08-31 08:23:46
A0002991,T00004111,risky_category,82.43,escalated,2025-06-19 03:31:29
A0002992,T00006253,risky_category,73.36,review,2025-02-20 22:08:09
A0002993,T00004465,new_device,48.49,closed,2025-09-25 06:37:51
A0002994,T00024247,high_amount,84.81,escalated,2025-07-22 02:00:13
A0002995,T00000020,new_device,48.05,closed,2025-02-27 17:47:33
A0002996,T00011341,velocity,13.2,closed,2025-04-17 10:06:44
A0002997,T00009467,cross_border,58.98,review,2025-06-25 08:54:37
A0002998,T00000618,blacklist_match,78.25,escalated,2025-07-11 22:26:32
A0002999,T00001293,velocity,61.0,review,2025-10-13 19:16:16
A0003000,T00002681,risky_category,52.82,review,2025-04-16 05:19:22
A0003001,T00013077,cross_border,54.4,review,2025-05-03 17:02:12
A0003002,T00007439,new_device,37.77,closed,2025-09-08 22:02:43
A0003003,T00021018,new_device,79.0,escalated,2025-12-17 04:49:08
A0003004,T00011403,new_device,34.35,closed,2025-05-11 00:34:26
A0003005,T00019118,risky_category,58.66,review,2025-08-20 09:04:01
A0003006,T00016676,velocity,34.07,closed,2025-09-16 15:41:37
A0003007,T00017148,new_device,13.69,closed,2025-04-24 07:14:22
A0003008,T00019595,risky_category,43.21,closed,2025-03-01 04:43:32
A0003009,T00006643,new_device,52.88,review,2025-05-18 12:39:08
A0003010,T00021634,new_device,89.21,escalated,2025-01-31 20:59:44
A0003011,T00006144,blacklist_match,68.51,review,2025-02-12 17:30:26
A0003012,T00016155,velocity,13.54,closed,2025-07-09 11:46:43
A0003013,T00011364,high_amount,90.24,escalated,2025-09-04 21:13:14
A0003014,T00010327,velocity,77.54,escalated,2025-08-04 16:35:57
A0003015,T00009290,risky_category,84.44,escalated,2025-07-04 23:37:41
A0003016,T00006489,high_amount,58.94,review,2025-02-16 18:45:13
A0003017,T00013286,velocity,88.5,escalated,2025-10-07 21:56:40
A0003018,T00009971,cross_border,59.41,review,2025-07-28 17:24:35
A0003019,T00015525,velocity,37.32,closed,2025-06-16 08:01:14
A0003020,T00005118,high_amount,71.24,review,2025-01-24 18:45:39
A0003021,T00012992,cross_border,82.21,escalated,2025-07-15 09:13:04
A0003022,T00017972,cross_border,37.53,closed,2025-08-13 07:29:07
A0003023,T00020248,blacklist_match,27.21,closed,2025-03-29 14:09:47
A0003024,T00003870,risky_category,45.36,closed,2025-11-02 04:29:07
A0003025,T00004704,new_device,32.42,closed,2025-11-22 08:20:33
A0003026,T00018804,risky_category,61.87,review,2025-05-09 11:15:30
A0003027,T00015755,cross_border,76.93,escalated,2025-11-07 08:19:46
A0003028,T00003946,new_device,86.46,escalated,2025-07-06 12:08:37
A0003029,T00002002,high_amount,55.43,review,2025-06-08 16:16:18
A0003030,T00011980,high_amount,59.94,review,2025-10-03 07:12:54
A0003031,T00014716,high_amount,50.41,review,2025-03-11 01:37:33
A0003032,T00020776,blacklist_match,55.5,review,2025-10-07 04:51:21
A0003033,T00005995,velocity,48.33,closed,2025-11-14 19:26:46
A0003034,T00014461,risky_category,78.11,escalated,2025-12-09 13:39:57
A0003035,T00002577,new_device,77.24,escalated,2025-05-13 09:11:32
A0003036,T00023610,high_amount,72.11,review,2025-09-07 00:29:44
A0003037,T00018539,high_amount,87.02,escalated,2025-06-05 16:20:18
A0003038,T00002049,risky_category,66.82,review,2025-06-13 12:34:02
A0003039,T00024618,high_amount,60.02,review,2025-09-20 16:34:54
A0003040,T00020205,velocity,27.87,closed,2025-02-06 04:53:26
A0003041,T00024522,new_device,65.6,review,2025-01-22 06:19:35
A0003042,T00017231,blacklist_match,50.76,review,2025-03-17 08:28:37
A0003043,T00008323,new_device,68.89,review,2025-03-20 07:08:03
A0003044,T00005015,cross_border,45.27,closed,2025-01-30 10:53:29
A0003045,T00003528,high_amount,45.16,closed,2025-02-21 22:38:11
A0003046,T00021187,risky_category,49.17,closed,2025-06-07 13:11:10
A0003047,T00018697,risky_category,23.48,closed,2025-02-16 11:27:25
A0003048,T00010684,velocity,10.88,closed,2025-05-24 04:38:30
A0003049,T00002324,risky_category,52.56,review,2025-12-20 04:43:52
A0003050,T00006058,high_amount,28.53,closed,2025-05-01 16:05:25
A0003051,T00003524,cross_border,25.89,closed,2025-02-22 15:27:59
A0003052,T00021608,velocity,12.41,closed,2025-11-23 12:12:19
A0003053,T00022239,risky_category,83.06,escalated,2025-05-08 07:08:05
A0003054,T00022035,cross_border,55.21,review,2025-08-15 05:45:19
A0003055,T00017934,velocity,8.63,closed,2025-12-29 23:01:44
A0003056,T00021032,new_device,48.45,closed,2025-07-02 16:04:57
A0003057,T00005429,cross_border,52.87,review,2025-04-05 14:09:33
A0003058,T00014159,risky_category,57.48,review,2025-12-11 06:14:54
A0003059,T00000073,new_device,76.88,escalated,2025-12-23 10:55:17
A0003060,T00023372,high_amount,24.95,closed,2025-08-08 11:57:24
A0003061,T00006380,velocity,61.49,review,2025-10-23 09:12:40
A0003062,T00002766,cross_border,31.41,closed,2025-09-01 12:02:31
A0003063,T00008875,risky_category,43.18,closed,2025-09-15 13:05:01
A0003064,T00024230,blacklist_match,10.54,closed,2025-03-25 12:36:42
A0003065,T00022108,risky_category,59.36,review,2025-04-29 17:07:15
A0003066,T00000745,risky_category,67.71,review,2025-05-09 00:37:28
A0003067,T00022773,new_device,82.15,escalated,2025-12-29 09:53:52
A0003068,T00008366,blacklist_match,62.16,review,2025-01-14 08:58:58
A0003069,T00014087,cross_border,98.19,escalated,2025-08-18 23:29:22
A0003070,T00016130,risky_category,70.16,review,2025-10-20 03:53:18
A0003071,T00022249,new_device,92.71,escalated,2025-10-04 10:15:33
A0003072,T00013613,new_device,25.06,closed,2025-05-22 08:58:26
A0003073,T00012313,velocity,79.54,escalated,2025-05-04 21:07:09
A0003074,T00006045,high_amount,48.91,closed,2025-11-12 06:16:45
A0003075,T00000776,velocity,60.56,review,2025-01-07 15:23:06
A0003076,T00011598,new_device,33.17,closed,2025-09-24 22:32:50
A0003077,T00017938,high_amount,94.54,escalated,2025-02-20 09:02:10
A0003078,T00007270,risky_category,62.08,review,2025-11-05 22:21:37
A0003079,T00018224,velocity,81.82,escalated,2025-07-01 11:31:44
A0003080,T00021726,velocity,4.03,closed,2025-06-15 21:47:37
A0003081,T00014162,blacklist_match,45.95,closed,2025-06-14 14:27:10
A0003082,T00022153,velocity,41.85,closed,2025-10-26 11:50:47
A0003083,T00019704,new_device,35.11,closed,2025-11-20 21:48:35
A0003084,T00012405,velocity,60.24,review,2025-04-20 18:58:12
A0003085,T00006063,blacklist_match,58.01,review,2025-07-18 05:41:13
A0003086,T00008880,risky_category,25.97,closed,2025-01-22 09:23:29
A0003087,T00003373,high_amount,53.7,review,2025-05-23 01:20:38
A0003088,T00016809,cross_border,28.9,closed,2025-11-02 20:12:53
A0003089,T00019326,risky_category,21.33,closed,2025-12-06 22:52:57
A0003090,T00005697,cross_border,34.41,closed,2025-07-03 16:52:31
A0003091,T00005517,blacklist_match,31.23,closed,2025-05-04 07:25:23
A0003092,T00012222,new_device,21.31,closed,2025-12-24 04:39:11
A0003093,T00006914,risky_category,23.33,closed,2025-03-27 23:18:40
A0003094,T00010940,risky_category,86.73,escalated,2025-10-18 19:37:33
A0003095,T00015312,cross_border,44.66,closed,2025-06-07 03:23:31
A0003096,T00006919,risky_category,47.87,closed,2025-05-23 12:03:36
A0003097,T00017582,blacklist_match,36.84,closed,2025-07-12 21:43:54
A0003098,T00012893,risky_category,60.94,review,2025-06-30 00:46:58
A0003099,T00011669,velocity,41.97,closed,2025-02-19 18:44:11
A0003100,T00017350,cross_border,63.93,review,2025-09-27 00:38:34
A0003101,T00019535,velocity,69.9,review,2025-05-23 22:51:25
A0003102,T00005840,new_device,27.27,closed,2025-05-07 03:50:33
A0003103,T00005475,high_amount,34.78,closed,2025-02-19 23:01:41
A0003104,T00012272,cross_border,69.66,review,2025-08-16 02:29:19
A0003105,T00013779,cross_border,63.38,review,2025-11-27 03:32:51
A0003106,T00009131,risky_category,22.88,closed,2025-10-14 22:02:58
A0003107,T00011351,new_device,79.76,escalated,2025-08-23 19:27:42
A0003108,T00012065,velocity,87.34,escalated,2025-07-02 16:48:09
A0003109,T00007926,new_device,90.2,escalated,2025-08-23 22:24:19
A0003110,T00024695,cross_border,30.46,closed,2025-07-11 09:04:10
A0003111,T00011158,risky_category,53.12,review,2025-10-27 17:08:07
A0003112,T00009590,high_amount,75.57,escalated,2025-09-23 16:57:16
A0003113,T00015027,cross_border,47.38,closed,2025-06-13 15:43:13
A0003114,T00014223,cross_border,68.72,review,2025-07-26 00:51:35
A0003115,T00024492,blacklist_match,6.78,closed,2025-06-09 06:52:11
A0003116,T00024849,cross_border,35.66,closed,2025-06-17 18:07:04
A0003117,T00000483,new_device,62.75,review,2025-09-22 14:00:48
A0003118,T00016898,velocity,53.29,review,2025-07-02 18:35:50
A0003119,T00023000,high_amount,31.38,closed,2025-04-24 11:40:57
A0003120,T00010564,risky_category,93.23,escalated,2025-07-10 18:07:48
A0003121,T00001285,new_device,71.68,review,2025-07-31 08:03:48
A0003122,T00022253,risky_category,24.1,closed,2025-03-23 16:47:55
A0003123,T00016725,risky_category,87.46,escalated,2025-01-13 11:26:31
A0003124,T00002581,cross_border,32.22,closed,2025-05-18 17:21:21
A0003125,T00007656,risky_category,37.52,closed,2025-06-28 15:05:24
A0003126,T00013312,velocity,65.54,review,2025-01-13 05:34:23
A0003127,T00001142,new_device,46.52,closed,2025-09-20 21:56:42
A0003128,T00007864,velocity,35.43,closed,2025-07-12 23:08:35
A0003129,T00012775,blacklist_match,22.83,closed,2025-01-25 06:12:29
A0003130,T00022876,high_amount,61.27,review,2025-12-15 19:48:53
A0003131,T00006279,high_amount,75.04,escalated,2025-02-01 23:57:14
A0003132,T00019116,velocity,58.3,review,2025-02-19 03:51:05
A0003133,T00009540,risky_category,54.5,review,2025-10-08 15:34:19
A0003134,T00011309,new_device,49.48,closed,2025-01-14 03:05:18
A0003135,T00007218,new_device,62.44,review,2025-05-07 23:45:58
A0003136,T00002410,velocity,40.93,closed,2025-09-01 03:58:10
A0003137,T00006480,velocity,54.29,review,2025-12-24 19:06:39
A0003138,T00022735,cross_border,41.49,closed,2025-11-20 20:23:44
A0003139,T00019965,velocity,64.63,review,2025-05-10 15:33:37
A0003140,T00001230,cross_border,61.68,review,2025-12-28 21:54:58
A0003141,T00023817,new_device,55.77,review,2025-11-22 08:35:24
A0003142,T00019998,risky_category,41.56,closed,2025-07-01 05:05:52
A0003143,T00013031,high_amount,73.92,review,2025-04-06 06:49:17
A0003144,T00018970,blacklist_match,88.78,escalated,2025-11-08 23:21:57
A0003145,T00015936,high_amount,62.82,review,2025-12-23 21:11:40
A0003146,T00003724,new_device,80.82,escalated,2025-05-05 09:52:00
A0003147,T00014843,high_amount,66.04,review,2025-05-07 00:50:05
A0003148,T00006559,cross_border,88.16,escalated,2025-08-13 09:27:04
A0003149,T00011869,velocity,21.27,closed,2025-02-17 05:39:27
A0003150,T00006110,velocity,33.1,closed,2025-02-28 08:43:42
A0003151,T00024634,cross_border,90.69,escalated,2025-01-10 18:38:40
A0003152,T00020327,cross_border,51.27,review,2025-12-23 20:14:42
A0003153,T00023064,blacklist_match,18.94,closed,2025-08-27 05:49:43
A0003154,T00014262,blacklist_match,76.01,escalated,2025-06-17 07:31:39
A0003155,T00018809,cross_border,33.59,closed,2025-04-19 13:04:24
A0003156,T00000237,cross_border,49.6,closed,2025-07-28 23:53:35
A0003157,T00020334,blacklist_match,52.35,review,2025-10-08 06:02:42
A0003158,T00004876,velocity,9.59,closed,2025-12-10 16:04:25
A0003159,T00005176,velocity,63.62,review,2025-04-12 00:19:01
A0003160,T00019172,risky_category,80.7,escalated,2025-10-01 18:49:01
A0003161,T00009317,risky_category,80.53,escalated,2025-05-26 03:32:44
A0003162,T00008365,cross_border,64.44,review,2025-04-08 04:35:03
A0003163,T00011835,risky_category,65.27,review,2025-01-28 14:38:48
A0003164,T00008956,new_device,31.42,closed,2025-01-07 05:32:51
A0003165,T00006056,cross_border,49.15,closed,2025-01-21 07:11:57
A0003166,T00015217,high_amount,66.21,review,2025-03-26 17:54:24
A0003167,T00021094,cross_border,80.18,escalated,2025-12-23 03:04:46
A0003168,T00014800,cross_border,69.73,review,2025-11-23 20:20:01
A0003169,T00004184,cross_border,77.97,escalated,2025-01-05 17:28:31
A0003170,T00017057,high_amount,87.51,escalated,2025-02-27 11:08:39
A0003171,T00008273,risky_category,42.09,closed,2025-10-01 08:59:56
A0003172,T00015989,high_amount,66.72,review,2025-04-19 02:14:00
A0003173,T00023882,new_device,66.79,review,2025-12-06 04:01:59
A0003174,T00016140,high_amount,77.62,escalated,2025-06-02 23:32:51
A0003175,T00009675,risky_category,47.35,closed,2025-09-28 03:40:26
A0003176,T00021735,cross_border,90.89,escalated,2025-11-30 01:37:34
A0003177,T00021773,cross_border,78.62,escalated,2025-10-02 23:42:16
A0003178,T00003990,blacklist_match,40.95,closed,2025-03-27 21:07:51
A0003179,T00015280,velocity,43.2,closed,2025-07-17 17:06:54
A0003180,T00009930,blacklist_match,67.35,review,2025-09-23 10:45:01
A0003181,T00021469,velocity,74.32,review,2025-02-19 04:06:23
A0003182,T00004750,new_device,29.53,closed,2025-02-24 02:27:57
A0003183,T00017449,new_device,24.78,closed,2025-05-15 13:33:46
A0003184,T00001083,new_device,56.43,review,2025-02-20 05:18:09
A0003185,T00004326,blacklist_match,71.46,review,2025-06-09 20:47:51
A0003186,T00017864,new_device,29.74,closed,2025-04-22 02:29:15
A0003187,T00024430,cross_border,57.29,review,2025-07-16 05:30:14
A0003188,T00003801,high_amount,84.73,escalated,2025-11-20 21:52:13
A0003189,T00013062,velocity,51.74,review,2025-11-18 15:35:31
A0003190,T00019007,high_amount,54.81,review,2025-05-02 01:42:53
A0003191,T00002390,risky_category,46.94,closed,2025-02-03 12:00:46
A0003192,T00015554,cross_border,19.1,closed,2025-02-01 16:25:41
A0003193,T00019808,risky_category,45.51,closed,2025-09-02 22:42:02
A0003194,T00010641,risky_category,57.4,review,2025-03-02 04:05:56
A0003195,T00010006,new_device,45.47,closed,2025-07-04 18:04:22
A0003196,T00002013,velocity,68.16,review,2025-08-14 14:09:28
A0003197,T00020110,new_device,46.61,closed,2025-09-19 03:21:37
A0003198,T00008742,velocity,72.26,review,2025-08-03 01:46:36
A0003199,T00005537,cross_border,76.75,escalated,2025-06-28 17:51:06
A0003200,T00024682,high_amount,61.84,review,2025-08-20 15:31:48
A0003201,T00011747,high_amount,47.76,closed,2025-10-15 06:15:11
A0003202,T00007631,high_amount,58.04,review,2025-07-26 21:30:20
A0003203,T00021932,high_amount,59.87,review,2025-01-13 10:40:23
A0003204,T00002578,cross_border,69.43,review,2025-09-06 19:05:50
A0003205,T00009010,risky_category,74.91,review,2025-12-05 14:04:51
A0003206,T00020674,blacklist_match,56.24,review,2025-03-16 09:40:24
A0003207,T00004633,high_amount,78.33,escalated,2025-04-04 21:23:15
A0003208,T00018058,cross_border,68.15,review,2025-09-07 05:44:16
A0003209,T00012367,risky_category,59.68,review,2025-05-18 13:37:36
A0003210,T00007513,velocity,36.6,closed,2025-10-13 12:23:41
A0003211,T00014898,blacklist_match,33.93,closed,2025-11-09 00:05:24
A0003212,T00018500,risky_category,37.78,closed,2025-10-13 16:48:53
A0003213,T00001579,velocity,21.46,closed,2025-01-30 02:57:49
A0003214,T00002649,new_device,68.23,review,2025-11-01 06:23:30
A0003215,T00021268,velocity,25.14,closed,2025-04-07 00:55:31
A0003216,T00020622,new_device,81.55,escalated,2025-11-18 22:20:15
A0003217,T00017696,new_device,56.06,review,2025-09-29 05:54:31
A0003218,T00016075,risky_category,66.71,review,2025-05-25 08:11:51
A0003219,T00003164,risky_category,51.17,review,2025-02-26 17:14:54
A0003220,T00012601,high_amount,54.36,review,2025-07-16 12:32:51
A0003221,T00000349,new_device,73.39,review,2025-11-01 10:29:54
A0003222,T00020411,risky_category,37.64,closed,2025-03-02 21:39:26
A0003223,T00018439,new_device,74.27,review,2025-05-31 03:47:01
A0003224,T00016003,cross_border,66.21,review,2025-11-08 04:08:34
A0003225,T00024218,risky_category,11.98,closed,2025-01-14 07:09:44
A0003226,T00011407,new_device,37.31,closed,2025-10-25 20:32:57
A0003227,T00014825,velocity,24.08,closed,2025-12-07 14:22:19
A0003228,T00013729,high_amount,80.46,escalated,2025-01-18 20:09:54
A0003229,T00018862,velocity,23.28,closed,2025-05-04 01:37:45
A0003230,T00022074,velocity,28.87,closed,2025-05-23 19:48:40
A0003231,T00021324,velocity,43.49,closed,2025-12-27 16:01:17
A0003232,T00005747,velocity,84.43,escalated,2025-06-16 20:21:52
A0003233,T00001701,new_device,58.82,review,2025-01-13 11:38:07
A0003234,T00004590,new_device,21.21,closed,2025-02-15 09:35:09
A0003235,T00009464,risky_category,57.97,review,2025-04-14 11:05:50
A0003236,T00012855,cross_border,62.67,review,2025-08-19 23:57:31
A0003237,T00023657,cross_border,48.21,closed,2025-04-05 12:40:24
A0003238,T00000229,velocity,27.16,closed,2025-03-15 02:20:39
A0003239,T00002434,new_device,43.57,closed,2025-02-07 18:42:25
A0003240,T00010054,new_device,73.23,review,2025-08-02 15:35:18
A0003241,T00017169,velocity,56.54,review,2025-12-22 15:30:11
A0003242,T00023751,high_amount,40.99,closed,2025-07-02 18:29:32
A0003243,T00010445,high_amount,24.23,closed,2025-01-21 14:27:22
A0003244,T00014325,high_amount,80.83,escalated,2025-05-09 05:44:05
A0003245,T00014931,high_amount,45.65,closed,2025-11-05 09:36:43
A0003246,T00016866,velocity,68.19,review,2025-07-15 20:35:18
A0003247,T00001971,new_device,37.18,closed,2025-09-10 09:31:18
A0003248,T00023124,high_amount,25.13,closed,2025-01-20 19:51:10
A0003249,T00003562,velocity,49.52,closed,2025-08-26 02:57:45
A0003250,T00014182,blacklist_match,40.61,closed,2025-04-04 06:34:38
A0003251,T00014986,velocity,42.52,closed,2025-08-13 06:44:34
A0003252,T00023707,new_device,61.42,review,2025-07-11 07:42:04
A0003253,T00010073,risky_category,53.42,review,2025-06-13 06:42:26
A0003254,T00022250,blacklist_match,13.78,closed,2025-05-09 16:58:15
A0003255,T00012535,high_amount,71.31,review,2025-06-22 10:33:19
A0003256,T00019672,risky_category,55.3,review,2025-03-03 19:26:41
A0003257,T00017860,high_amount,47.03,closed,2025-11-18 05:08:31
A0003258,T00008023,velocity,41.73,closed,2025-11-09 04:45:53
A0003259,T00019270,cross_border,52.01,review,2025-09-30 23:50:06
A0003260,T00008665,new_device,49.71,closed,2025-12-09 08:12:28
A0003261,T00021789,new_device,30.09,closed,2025-06-28 02:26:27
A0003262,T00002887,new_device,14.32,closed,2025-09-01 10:40:20
A0003263,T00023383,blacklist_match,64.4,review,2025-09-11 07:44:22
A0003264,T00017434,cross_border,58.42,review,2025-02-24 12:00:37
A0003265,T00006923,risky_category,52.03,review,2025-03-30 13:44:53
A0003266,T00015785,velocity,97.86,escalated,2025-03-06 15:14:07
A0003267,T00024231,cross_border,62.1,review,2025-09-14 10:00:11
A0003268,T00007965,risky_category,58.62,review,2025-01-22 06:07:46
A0003269,T00023404,new_device,52.92,review,2025-07-23 15:48:10
A0003270,T00005510,high_amount,33.8,closed,2025-01-02 09:34:27
A0003271,T00019220,blacklist_match,48.65,closed,2025-08-12 23:31:34
A0003272,T00005070,cross_border,81.41,escalated,2025-08-08 11:18:38
A0003273,T00006495,blacklist_match,78.9,escalated,2025-05-08 23:35:15
A0003274,T00020661,risky_category,34.94,closed,2025-08-09 00:10:20
A0003275,T00004481,risky_category,15.24,closed,2025-05-03 03:36:24
A0003276,T00004110,blacklist_match,68.94,review,2025-05-11 01:51:33
A0003277,T00015660,velocity,45.36,closed,2025-04-17 04:19:46
A0003278,T00012053,cross_border,53.63,review,2025-08-26 18:49:40
A0003279,T00017167,risky_category,74.84,review,2025-03-30 18:16:36
A0003280,T00004173,cross_border,32.84,closed,2025-11-08 01:41:33
A0003281,T00004485,cross_border,100.0,escalated,2025-06-18 02:43:23
A0003282,T00024616,blacklist_match,48.54,closed,2025-08-17 18:40:37
A0003283,T00004127,new_device,91.94,escalated,2025-08-09 12:32:18
A0003284,T00013304,cross_border,77.59,escalated,2025-07-12 11:07:35
A0003285,T00011619,high_amount,18.65,closed,2025-03-03 19:30:29
A0003286,T00024264,velocity,62.91,review,2025-12-19 10:25:54
A0003287,T00021889,cross_border,70.72,review,2025-03-10 16:55:35
A0003288,T00014208,high_amount,71.39,review,2025-06-21 09:46:58
A0003289,T00002673,new_device,41.56,closed,2025-09-01 07:38:07
A0003290,T00010664,new_device,88.2,escalated,2025-01-16 00:55:59
A0003291,T00015806,new_device,50.87,review,2025-07-29 14:47:38
A0003292,T00010718,high_amount,64.98,review,2025-08-25 19:31:11
A0003293,T00018853,blacklist_match,72.27,review,2025-04-02 07:22:15
A0003294,T00004060,new_device,63.58,review,2025-03-06 12:35:49
A0003295,T00005514,cross_border,65.45,review,2025-03-08 16:11:28
A0003296,T00024760,cross_border,42.91,closed,2025-06-22 02:32:28
A0003297,T00005921,velocity,59.99,review,2025-02-02 12:56:07
A0003298,T00017114,cross_border,28.83,closed,2025-03-14 12:15:18
A0003299,T00000438,risky_category,56.3,review,2025-05-29 05:06:09
A0003300,T00007020,blacklist_match,64.58,review,2025-01-05 03:56:23
A0003301,T00000322,risky_category,56.26,review,2025-08-19 23:16:03
A0003302,T00021921,blacklist_match,40.3,closed,2025-08-09 20:14:47
A0003303,T00001694,high_amount,68.06,review,2025-10-02 07:01:45
A0003304,T00020617,cross_border,62.27,review,2025-12-31 00:55:05
A0003305,T00001115,cross_border,83.0,escalated,2025-11-25 05:38:23
A0003306,T00019627,new_device,48.2,closed,2025-08-19 19:55:46
A0003307,T00004248,risky_category,47.34,closed,2025-06-19 18:03:04
A0003308,T00023839,cross_border,33.5,closed,2025-01-27 02:06:21
A0003309,T00000309,risky_category,62.99,review,2025-08-31 05:11:12
A0003310,T00015773,new_device,17.25,closed,2025-09-01 03:27:38
A0003311,T00020221,high_amount,30.93,closed,2025-12-15 07:41:53
A0003312,T00023997,new_device,47.69,closed,2025-12-11 08:48:30
A0003313,T00005399,new_device,40.95,closed,2025-07-05 10:08:21
A0003314,T00012204,blacklist_match,97.93,escalated,2025-04-10 05:53:01
A0003315,T00022080,new_device,20.08,closed,2025-05-20 16:42:23
A0003316,T00016463,risky_category,36.23,closed,2025-01-30 17:43:56
A0003317,T00018480,new_device,56.1,review,2025-04-24 08:02:00
A0003318,T00008754,high_amount,44.83,closed,2025-08-10 12:49:32
A0003319,T00000152,new_device,49.12,closed,2025-09-03 01:13:04
A0003320,T00010091,blacklist_match,23.83,closed,2025-04-26 09:41:47
A0003321,T00013336,velocity,11.47,closed,2025-06-07 08:27:29
A0003322,T00007225,risky_category,60.86,review,2025-03-18 16:50:15
A0003323,T00003080,new_device,73.05,review,2025-08-26 07:10:26
A0003324,T00022260,velocity,76.46,escalated,2025-12-23 20:23:05
A0003325,T00020916,risky_category,55.63,review,2025-01-08 09:02:37
A0003326,T00016134,high_amount,73.7,review,2025-08-13 13:24:39
A0003327,T00015379,risky_category,22.98,closed,2025-01-11 11:35:34
A0003328,T00006196,velocity,59.56,review,2025-03-01 07:46:21
A0003329,T00015677,high_amount,62.34,review,2025-02-14 22:26:28
A0003330,T00019978,cross_border,68.65,review,2025-11-04 19:53:28
A0003331,T00024984,cross_border,49.53,closed,2025-10-04 17:29:04
A0003332,T00000919,cross_border,41.35,closed,2025-08-21 22:20:28
A0003333,T00010055,high_amount,22.55,closed,2025-03-21 15:29:07
A0003334,T00016686,velocity,43.42,closed,2025-01-07 05:11:42
A0003335,T00000037,new_device,41.24,closed,2025-04-29 13:47:02
A0003336,T00012141,blacklist_match,59.65,review,2025-12-15 18:03:25
A0003337,T00009718,risky_category,34.36,closed,2025-08-26 00:16:32
A0003338,T00017941,new_device,44.51,closed,2025-12-26 06:11:29
A0003339,T00017574,risky_category,57.0,review,2025-08-06 19:14:38
A0003340,T00002078,high_amount,4.93,closed,2025-07-07 17:42:28
A0003341,T00008567,risky_category,51.25,review,2025-06-09 07:23:39
A0003342,T00001661,cross_border,58.81,review,2025-05-04 16:01:50
A0003343,T00016788,cross_border,20.15,closed,2025-05-24 12:27:13
A0003344,T00007039,blacklist_match,43.1,closed,2025-09-15 23:13:02
A0003345,T00004735,high_amount,65.47,review,2025-09-10 17:50:06
A0003346,T00008112,cross_border,48.55,closed,2025-08-08 08:58:03
A0003347,T00009965,risky_category,53.18,review,2025-12-27 09:35:24
A0003348,T00017199,high_amount,60.55,review,2025-09-21 01:28:54
A0003349,T00005949,risky_category,58.85,review,2025-03-30 14:34:19
A0003350,T00009229,new_device,50.47,review,2025-04-27 16:36:04
A0003351,T00016394,high_amount,75.19,escalated,2025-09-22 21:28:35
A0003352,T00007001,new_device,35.86,closed,2025-08-08 01:45:08
A0003353,T00008756,new_device,45.52,closed,2025-09-06 08:05:10
A0003354,T00020257,cross_border,46.14,closed,2025-08-01 06:00:21
A0003355,T00014327,cross_border,55.8,review,2025-10-03 03:01:35
A0003356,T00003678,cross_border,62.3,review,2025-11-09 12:12:52
A0003357,T00005505,cross_border,31.02,closed,2025-03-28 03:04:05
A0003358,T00010624,risky_category,50.71,review,2025-03-13 02:27:08
A0003359,T00005472,risky_category,57.92,review,2025-03-22 18:31:52
A0003360,T00004200,risky_category,9.71,closed,2025-12-19 02:13:54
A0003361,T00017626,velocity,74.61,review,2025-03-02 09:50:31
A0003362,T00011370,risky_category,12.7,closed,2025-08-20 14:00:19
A0003363,T00013656,high_amount,86.36,escalated,2025-01-01 19:42:07
A0003364,T00005860,velocity,10.9,closed,2025-08-01 16:52:25
A0003365,T00015642,new_device,10.73,closed,2025-03-16 13:00:32
A0003366,T00021528,blacklist_match,69.44,review,2025-04-01 16:51:18
A0003367,T00006335,risky_category,70.31,review,2025-07-30 22:22:29
A0003368,T00020915,cross_border,49.72,closed,2025-08-13 19:36:45
A0003369,T00014746,velocity,21.45,closed,2025-09-22 05:01:29
A0003370,T00022176,risky_category,39.19,closed,2025-12-20 02:26:19
A0003371,T00001002,velocity,42.1,closed,2025-04-06 17:07:31
A0003372,T00008064,velocity,22.11,closed,2025-08-22 15:31:26
A0003373,T00016979,new_device,75.92,escalated,2025-10-02 14:40:05
A0003374,T00010279,risky_category,34.16,closed,2025-10-31 10:36:07
A0003375,T00013649,high_amount,39.5,closed,2025-09-11 00:49:54
A0003376,T00005393,risky_category,61.55,review,2025-01-17 03:59:13
A0003377,T00014969,high_amount,91.37,escalated,2025-08-25 05:34:19
A0003378,T00009318,cross_border,43.9,closed,2025-04-25 03:47:20
A0003379,T00008482,new_device,12.41,closed,2025-12-30 15:16:58
A0003380,T00006589,high_amount,26.11,closed,2025-08-15 21:51:37
A0003381,T00002040,cross_border,8.27,closed,2025-05-13 15:25:21
A0003382,T00009478,velocity,29.07,closed,2025-08-22 11:51:30
A0003383,T00015524,velocity,70.02,review,2025-06-01 18:41:23
A0003384,T00020190,velocity,61.06,review,2025-02-24 03:00:46
A0003385,T00020159,high_amount,75.68,escalated,2025-08-21 11:32:07
A0003386,T00003007,blacklist_match,64.93,review,2025-06-09 22:01:30
A0003387,T00022229,blacklist_match,58.06,review,2025-01-18 18:00:55
A0003388,T00012973,risky_category,27.75,closed,2025-02-26 04:23:21
A0003389,T00022412,cross_border,77.14,escalated,2025-10-02 14:51:32
A0003390,T00014885,velocity,80.27,escalated,2025-01-12 00:44:50
A0003391,T00004594,cross_border,69.38,review,2025-10-17 11:48:24
A0003392,T00005292,cross_border,46.23,closed,2025-07-04 17:39:55
A0003393,T00017015,new_device,33.97,closed,2025-05-25 16:23:30
A0003394,T00024565,high_amount,76.19,escalated,2025-10-29 07:12:03
A0003395,T00007287,blacklist_match,24.94,closed,2025-11-03 21:01:10
A0003396,T00003667,velocity,26.57,closed,2025-11-17 17:38:44
A0003397,T00015485,risky_category,84.52,escalated,2025-05-18 22:59:07
A0003398,T00006743,risky_category,57.03,review,2025-07-07 14:52:39
A0003399,T00020309,cross_border,52.64,review,2025-02-14 16:10:40
A0003400,T00012826,risky_category,75.93,escalated,2025-02-28 15:10:18
A0003401,T00003963,new_device,20.08,closed,2025-05-12 22:13:52
A0003402,T00024023,velocity,97.62,escalated,2025-08-25 20:14:00
A0003403,T00002820,new_device,60.74,review,2025-03-24 00:13:14
A0003404,T00015041,risky_category,16.44,closed,2025-04-11 17:59:00
A0003405,T00019822,new_device,64.15,review,2025-03-31 15:47:25
A0003406,T00017791,blacklist_match,79.4,escalated,2025-11-30 18:17:41
A0003407,T00010898,new_device,32.01,closed,2025-08-23 15:12:25
A0003408,T00012485,new_device,55.64,review,2025-11-06 03:25:33
A0003409,T00000364,risky_category,46.34,closed,2025-07-29 05:13:12
A0003410,T00011181,risky_category,82.91,escalated,2025-02-04 09:58:15
A0003411,T00022411,new_device,48.19,closed,2025-10-28 13:31:43
A0003412,T00010926,cross_border,83.65,escalated,2025-07-03 22:54:23
A0003413,T00009185,cross_border,76.86,escalated,2025-03-10 19:28:54
A0003414,T00009608,new_device,47.52,closed,2025-02-03 21:33:56
A0003415,T00000089,high_amount,81.5,escalated,2025-04-22 20:40:35
A0003416,T00024782,blacklist_match,62.18,review,2025-05-09 23:16:03
A0003417,T00005289,high_amount,37.13,closed,2025-03-10 17:03:59
A0003418,T00018259,velocity,76.83,escalated,2025-04-05 18:07:02
A0003419,T00002655,high_amount,52.26,review,2025-03-21 04:14:42
A0003420,T00009581,cross_border,34.98,closed,2025-04-22 08:26:47
A0003421,T00016924,risky_category,6.0,closed,2025-09-15 20:39:11
A0003422,T00007594,cross_border,95.29,escalated,2025-02-04 12:28:52
A0003423,T00024903,velocity,32.55,closed,2025-06-21 19:35:46
A0003424,T00010674,cross_border,23.56,closed,2025-09-07 00:08:27
A0003425,T00007078,new_device,38.02,closed,2025-06-04 06:39:48
A0003426,T00003896,cross_border,56.88,review,2025-10-16 19:45:45
A0003427,T00015100,velocity,11.12,closed,2025-05-15 21:44:00
A0003428,T00018475,risky_category,20.89,closed,2025-09-10 22:38:43
A0003429,T00016757,velocity,20.89,closed,2025-05-05 00:40:05
A0003430,T00020183,high_amount,70.84,review,2025-05-16 15:50:04
A0003431,T00014872,risky_category,43.39,closed,2025-06-19 01:54:31
A0003432,T00019949,velocity,33.17,closed,2025-03-01 17:25:06
A0003433,T00017365,high_amount,86.67,escalated,2025-11-09 07:09:40
A0003434,T00007011,new_device,37.75,closed,2025-02-13 10:45:22
A0003435,T00018092,blacklist_match,66.45,review,2025-08-13 11:50:33
A0003436,T00008616,high_amount,70.86,review,2025-06-02 21:57:43
A0003437,T00017936,high_amount,42.79,closed,2025-03-17 06:57:51
A0003438,T00010260,blacklist_match,24.56,closed,2025-02-25 20:26:46
A0003439,T00012166,cross_border,59.67,review,2025-01-07 12:29:49
A0003440,T00009935,risky_category,60.85,review,2025-07-06 16:03:34
A0003441,T00021571,cross_border,94.73,escalated,2025-10-11 13:54:38
A0003442,T00000133,risky_category,52.79,review,2025-06-13 13:27:15
A0003443,T00000985,high_amount,82.01,escalated,2025-04-10 19:27:22
A0003444,T00008380,new_device,80.2,escalated,2025-08-03 22:32:55
A0003445,T00013210,risky_category,69.05,review,2025-12-24 08:46:48
A0003446,T00003839,cross_border,43.37,closed,2025-09-25 15:41:30
A0003447,T00009385,new_device,39.59,closed,2025-10-21 17:50:58
A0003448,T00008513,new_device,46.64,closed,2025-11-12 00:32:15
A0003449,T00020288,new_device,55.82,review,2025-06-04 04:58:16
A0003450,T00016401,high_amount,66.47,review,2025-10-15 07:59:16
A0003451,T00010588,cross_border,14.53,closed,2025-07-14 18:02:49
A0003452,T00006271,new_device,37.02,closed,2025-10-10 09:29:50
A0003453,T00005600,cross_border,56.86,review,2025-03-08 02:02:29
A0003454,T00009588,new_device,87.73,escalated,2025-04-22 13:48:43
A0003455,T00023048,risky_category,50.05,review,2025-11-14 08:46:19
A0003456,T00009660,velocity,85.03,escalated,2025-06-04 08:05:47
A0003457,T00018190,risky_category,56.28,review,2025-06-05 13:57:14
A0003458,T00018446,high_amount,68.28,review,2025-03-26 17:32:16
A0003459,T00000417,velocity,70.66,review,2025-01-27 20:46:48
A0003460,T00006487,cross_border,74.94,review,2025-09-03 14:40:13
A0003461,T00012900,risky_category,57.52,review,2025-08-23 07:53:41
A0003462,T00008182,velocity,85.39,escalated,2025-03-09 06:22:39
A0003463,T00014717,new_device,36.02,closed,2025-11-11 02:01:48
A0003464,T00010771,risky_category,13.48,closed,2025-12-15 23:06:34
A0003465,T00000059,risky_category,16.14,closed,2025-08-11 20:58:33
A0003466,T00012717,velocity,80.07,escalated,2025-04-21 02:34:14
A0003467,T00012760,cross_border,56.37,review,2025-03-06 18:21:31
A0003468,T00016033,risky_category,44.37,closed,2025-06-19 10:00:42
A0003469,T00013126,high_amount,38.56,closed,2025-03-03 02:12:02
A0003470,T00012680,new_device,31.75,closed,2025-03-14 09:56:51
A0003471,T00021590,new_device,66.13,review,2025-05-09 23:40:26
A0003472,T00001465,risky_category,53.69,review,2025-02-12 07:10:45
A0003473,T00020354,new_device,70.13,review,2025-09-14 09:22:25
A0003474,T00005796,velocity,31.67,closed,2025-02-04 09:29:39
A0003475,T00008140,high_amount,89.66,escalated,2025-01-30 09:38:10
A0003476,T00015791,velocity,63.62,review,2025-02-07 11:44:38
A0003477,T00013499,velocity,55.01,review,2025-12-02 16:02:39
A0003478,T00019178,risky_category,53.83,review,2025-12-23 06:56:16
A0003479,T00015418,new_device,46.84,closed,2025-04-08 23:56:49
A0003480,T00014315,high_amount,24.34,closed,2025-05-16 23:50:55
A0003481,T00023991,high_amount,64.92,review,2025-11-09 13:43:22
A0003482,T00010875,new_device,69.15,review,2025-04-21 11:35:40
A0003483,T00023204,high_amount,7.44,closed,2025-06-05 12:07:02
A0003484,T00006416,blacklist_match,69.47,review,2025-01-03 00:24:01
A0003485,T00003430,velocity,50.7,review,2025-04-14 17:45:02
A0003486,T00007762,high_amount,57.76,review,2025-10-19 22:41:42
A0003487,T00001339,high_amount,44.28,closed,2025-11-20 16:22:30
A0003488,T00006256,high_amount,38.81,closed,2025-03-13 12:02:10
A0003489,T00000976,velocity,55.67,review,2025-02-05 18:07:11
A0003490,T00004615,velocity,85.92,escalated,2025-06-25 23:53:38
A0003491,T00018992,velocity,48.78,closed,2025-08-11 05:53:28
A0003492,T00019115,risky_category,81.44,escalated,2025-01-25 21:53:51
A0003493,T00012714,velocity,34.01,closed,2025-01-07 10:21:20
A0003494,T00001902,high_amount,10.09,closed,2025-07-01 13:01:48
A0003495,T00012752,velocity,20.69,closed,2025-01-14 16:07:59
A0003496,T00011833,velocity,38.03,closed,2025-05-19 08:51:32
A0003497,T00009155,high_amount,6.73,closed,2025-02-11 08:57:04
A0003498,T00018813,cross_border,100.0,escalated,2025-10-21 14:34:46
A0003499,T00012172,new_device,91.45,escalated,2025-09-20 02:44:18
A0003500,T00005837,blacklist_match,53.23,review,2025-11-18 14:56:55
A0003501,T00016704,cross_border,34.45,closed,2025-02-09 23:04:43
A0003502,T00014776,new_device,48.04,closed,2025-10-04 11:01:22
A0003503,T00005206,cross_border,12.28,closed,2025-11-11 18:57:18
A0003504,T00005898,high_amount,50.8,review,2025-11-10 08:24:02
A0003505,T00020905,risky_category,66.11,review,2025-02-06 03:10:33
A0003506,T00010691,velocity,42.64,closed,2025-04-03 13:29:58
A0003507,T00010850,velocity,9.17,closed,2025-08-11 05:16:59
A0003508,T00012132,new_device,19.13,closed,2025-11-29 10:56:51
A0003509,T00007842,new_device,39.66,closed,2025-05-31 09:46:10
A0003510,T00003544,cross_border,32.92,closed,2025-02-21 18:36:23
A0003511,T00017808,velocity,54.78,review,2025-08-06 07:51:57
A0003512,T00001938,blacklist_match,52.31,review,2025-06-04 05:46:33
A0003513,T00018932,high_amount,46.13,closed,2025-04-14 20:00:29
A0003514,T00017682,new_device,33.8,closed,2025-08-10 03:51:59
A0003515,T00006962,velocity,44.43,closed,2025-10-18 00:07:50
A0003516,T00011210,cross_border,71.4,review,2025-05-03 12:46:07
A0003517,T00009674,blacklist_match,81.14,escalated,2025-05-15 14:39:48
A0003518,T00011810,velocity,68.32,review,2025-02-12 10:37:51
A0003519,T00021055,new_device,69.02,review,2025-10-04 18:22:58
A0003520,T00012247,blacklist_match,59.88,review,2025-03-22 00:07:36
A0003521,T00020305,velocity,90.05,escalated,2025-02-25 08:55:05
A0003522,T00008528,velocity,68.18,review,2025-12-06 21:17:35
A0003523,T00020803,high_amount,32.66,closed,2025-01-25 23:54:33
A0003524,T00016533,velocity,44.26,closed,2025-05-25 16:54:20
A0003525,T00007620,risky_category,71.65,review,2025-12-01 13:53:35
A0003526,T00001697,high_amount,18.43,closed,2025-11-12 07:58:34
A0003527,T00021580,velocity,46.19,closed,2025-02-01 11:09:42
A0003528,T00017065,cross_border,26.51,closed,2025-05-24 22:11:57
A0003529,T00014496,new_device,54.75,review,2025-10-24 15:37:29
A0003530,T00021586,risky_category,67.99,review,2025-03-27 00:53:10
A0003531,T00010426,cross_border,47.8,closed,2025-03-13 19:20:11
A0003532,T00008135,high_amount,60.55,review,2025-06-19 08:54:42
A0003533,T00009278,new_device,57.65,review,2025-12-16 10:01:17
A0003534,T00008573,cross_border,79.88,escalated,2025-08-30 17:27:51
A0003535,T00006407,high_amount,56.22,review,2025-06-07 22:13:17
A0003536,T00015944,blacklist_match,64.98,review,2025-10-01 01:56:00
A0003537,T00022521,risky_category,66.46,review,2025-03-02 07:13:30
A0003538,T00023360,risky_category,60.54,review,2025-10-05 23:44:23
A0003539,T00024659,high_amount,21.04,closed,2025-05-04 08:05:41
A0003540,T00023494,high_amount,40.08,closed,2025-08-19 15:23:41
A0003541,T00001468,blacklist_match,94.12,escalated,2025-05-04 17:50:32
A0003542,T00015898,blacklist_match,30.15,closed,2025-07-16 13:34:36
A0003543,T00005322,velocity,62.13,review,2025-05-27 08:06:47
A0003544,T00016333,blacklist_match,68.13,review,2025-09-29 04:54:06
A0003545,T00010548,high_amount,14.16,closed,2025-07-08 20:12:34
A0003546,T00015426,high_amount,80.9,escalated,2025-09-02 08:07:30
A0003547,T00012549,new_device,52.34,review,2025-04-08 04:10:10
A0003548,T00007899,new_device,82.5,escalated,2025-05-18 14:32:05
A0003549,T00023174,high_amount,28.77,closed,2025-11-11 04:35:15
A0003550,T00013007,velocity,20.31,closed,2025-10-26 10:20:44
A0003551,T00014388,high_amount,91.39,escalated,2025-06-11 05:32:55
A0003552,T00020721,high_amount,85.9,escalated,2025-11-20 06:20:02
A0003553,T00017003,cross_border,51.43,review,2025-09-09 12:36:40
A0003554,T00010742,new_device,80.5,escalated,2025-07-25 00:21:50
A0003555,T00016418,risky_category,69.16,review,2025-01-19 14:42:20
A0003556,T00020671,velocity,17.0,closed,2025-02-09 23:23:43
A0003557,T00013362,velocity,39.07,closed,2025-05-28 04:35:03
A0003558,T00010111,risky_category,28.41,closed,2025-10-15 14:40:31
A0003559,T00021441,risky_category,77.71,escalated,2025-08-09 15:23:23
A0003560,T00007638,new_device,60.56,review,2025-01-06 12:31:34
A0003561,T00012105,velocity,82.57,escalated,2025-11-23 17:29:17
A0003562,T00020359,risky_category,43.76,closed,2025-01-07 10:09:50
A0003563,T00003237,high_amount,37.81,closed,2025-12-15 05:17:07
A0003564,T00018993,velocity,15.16,closed,2025-10-31 11:02:04
A0003565,T00006598,cross_border,38.36,closed,2025-05-21 15:39:09
A0003566,T00022151,risky_category,74.71,review,2025-02-21 17:44:07
A0003567,T00020201,risky_category,16.88,closed,2025-10-21 11:05:33
A0003568,T00014904,high_amount,70.94,review,2025-09-26 00:45:51
A0003569,T00002134,velocity,60.27,review,2025-10-12 06:06:41
A0003570,T00016318,new_device,77.73,escalated,2025-04-25 03:35:32
A0003571,T00003179,high_amount,25.9,closed,2025-03-10 13:52:47
A0003572,T00014352,risky_category,66.43,review,2025-12-20 15:50:11
A0003573,T00021667,cross_border,43.79,closed,2025-08-23 06:42:49
A0003574,T00019022,new_device,41.43,closed,2025-02-22 01:59:52
A0003575,T00011077,risky_category,26.5,closed,2025-05-31 11:01:33
A0003576,T00023176,velocity,86.75,escalated,2025-01-02 18:45:26
A0003577,T00005141,risky_category,18.78,closed,2025-07-07 11:53:56
A0003578,T00014702,velocity,86.26,escalated,2025-12-23 23:27:51
A0003579,T00005286,risky_category,8.55,closed,2025-11-26 04:42:54
A0003580,T00021244,cross_border,84.04,escalated,2025-12-03 02:47:12
A0003581,T00003214,high_amount,21.27,closed,2025-12-29 06:51:14
A0003582,T00006508,high_amount,60.73,review,2025-04-27 22:00:14
A0003583,T00019291,high_amount,59.67,review,2025-11-10 10:33:17
A0003584,T00012045,cross_border,28.67,closed,2025-01-15 07:33:51
A0003585,T00020524,new_device,62.44,review,2025-06-18 21:26:55
A0003586,T00012211,risky_category,35.2,closed,2025-12-27 15:59:51
A0003587,T00020391,risky_category,61.18,review,2025-10-02 14:41:16
A0003588,T00015576,risky_category,51.66,review,2025-05-25 14:56:06
A0003589,T00023538,cross_border,74.27,review,2025-12-01 06:21:23
A0003590,T00014418,velocity,47.14,closed,2025-08-06 13:51:42
A0003591,T00015972,high_amount,33.42,closed,2025-05-16 02:34:54
A0003592,T00022363,high_amount,14.27,closed,2025-04-30 09:39:22
A0003593,T00012878,high_amount,65.47,review,2025-06-23 09:25:48
A0003594,T00004521,new_device,70.29,review,2025-12-08 10:12:31
A0003595,T00011655,cross_border,95.53,escalated,2025-01-13 08:10:03
A0003596,T00009062,new_device,67.73,review,2025-06-01 17:47:44
A0003597,T00010768,new_device,62.57,review,2025-08-22 23:17:59
A0003598,T00015843,new_device,76.36,escalated,2025-12-28 04:44:49
A0003599,T00001407,new_device,100.0,escalated,2025-08-30 05:54:43
A0003600,T00000948,blacklist_match,69.53,review,2025-10-09 14:32:59
A0003601,T00012368,risky_category,50.91,review,2025-03-23 06:31:53
A0003602,T00013030,new_device,21.8,closed,2025-12-23 12:44:28
A0003603,T00013520,new_device,66.04,review,2025-10-25 02:06:16
A0003604,T00016547,new_device,52.79,review,2025-05-25 00:29:52
A0003605,T00000684,risky_category,33.95,closed,2025-12-31 19:57:14
A0003606,T00000600,new_device,83.18,escalated,2025-06-14 10:07:42
A0003607,T00005255,cross_border,57.32,review,2025-12-24 21:19:53
A0003608,T00009944,high_amount,33.05,closed,2025-10-21 00:36:22
A0003609,T00023677,velocity,28.7,closed,2025-02-28 05:46:27
A0003610,T00020651,new_device,77.03,escalated,2025-07-30 20:12:47
A0003611,T00024187,risky_category,39.54,closed,2025-11-23 05:36:05
A0003612,T00018858,risky_category,48.75,closed,2025-08-11 20:37:57
A0003613,T00005614,risky_category,89.31,escalated,2025-03-13 05:33:40
A0003614,T00008062,cross_border,78.41,escalated,2025-12-30 22:33:08
A0003615,T00022690,velocity,84.02,escalated,2025-09-21 01:08:14
A0003616,T00010201,high_amount,26.04,closed,2025-06-02 20:14:25
A0003617,T00008821,new_device,32.47,closed,2025-11-24 01:44:51
A0003618,T00021188,velocity,15.24,closed,2025-12-17 01:26:55
A0003619,T00008495,cross_border,9.33,closed,2025-08-05 12:47:40
A0003620,T00015501,new_device,59.45,review,2025-11-27 02:49:39
A0003621,T00019179,new_device,44.05,closed,2025-11-07 15:29:27
A0003622,T00006892,velocity,90.21,escalated,2025-06-03 00:59:26
A0003623,T00010416,risky_category,42.01,closed,2025-05-15 08:46:22
A0003624,T00021733,high_amount,84.38,escalated,2025-09-29 00:43:09
A0003625,T00014189,velocity,34.89,closed,2025-10-01 14:55:49
A0003626,T00019256,high_amount,45.84,closed,2025-06-04 19:26:06
A0003627,T00019122,velocity,30.84,closed,2025-05-15 13:29:26
A0003628,T00004357,risky_category,44.56,closed,2025-09-11 14:13:29
A0003629,T00023054,risky_category,70.89,review,2025-03-19 02:53:25
A0003630,T00011632,velocity,44.36,closed,2025-08-08 15:54:42
A0003631,T00007783,blacklist_match,58.09,review,2025-11-30 07:46:28
A0003632,T00015519,cross_border,78.79,escalated,2025-03-20 19:45:05
A0003633,T00014711,velocity,59.66,review,2025-07-08 05:36:36
A0003634,T00023012,new_device,50.07,review,2025-08-10 05:48:35
A0003635,T00019239,risky_category,5.04,closed,2025-02-06 09:19:36
A0003636,T00016636,high_amount,70.33,review,2025-07-18 09:02:56
A0003637,T00015195,risky_category,35.91,closed,2025-08-24 00:20:27
A0003638,T00017705,cross_border,52.58,review,2025-05-27 12:46:49
A0003639,T00012335,risky_category,78.39,escalated,2025-03-09 23:05:59
A0003640,T00023376,new_device,85.72,escalated,2025-02-08 12:55:00
A0003641,T00011548,risky_category,52.92,review,2025-05-12 01:06:22
A0003642,T00010712,high_amount,61.36,review,2025-07-26 09:56:31
A0003643,T00001123,velocity,25.18,closed,2025-05-31 08:34:11
A0003644,T00008915,cross_border,70.94,review,2025-01-20 12:41:29
A0003645,T00011289,velocity,26.89,closed,2025-07-26 22:08:49
A0003646,T00024768,risky_category,36.16,closed,2025-09-08 22:49:23
A0003647,T00016085,high_amount,66.26,review,2025-11-28 17:46:52
A0003648,T00009557,high_amount,43.73,closed,2025-10-21 05:00:33
A0003649,T00002136,risky_category,51.94,review,2025-05-19 22:52:44
A0003650,T00022122,velocity,74.32,review,2025-11-15 12:41:51
A0003651,T00007874,risky_category,48.05,closed,2025-02-25 00:17:22
A0003652,T00008874,new_device,40.77,closed,2025-07-14 18:43:20
A0003653,T00022576,blacklist_match,51.76,review,2025-07-26 01:41:40
A0003654,T00017977,cross_border,47.32,closed,2025-01-17 11:53:02
A0003655,T00019803,high_amount,55.46,review,2025-05-05 18:47:22
A0003656,T00007510,high_amount,87.85,escalated,2025-03-11 17:00:15
A0003657,T00019600,velocity,52.73,review,2025-07-09 11:59:10
A0003658,T00023069,risky_category,79.36,escalated,2025-05-14 19:12:22
A0003659,T00024374,velocity,44.28,closed,2025-01-09 12:38:15
A0003660,T00007387,risky_category,90.74,escalated,2025-05-03 06:15:51
A0003661,T00003848,risky_category,34.6,closed,2025-09-10 13:18:31
A0003662,T00002303,new_device,64.83,review,2025-06-28 00:40:33
A0003663,T00018337,high_amount,79.8,escalated,2025-02-27 18:30:37
A0003664,T00009748,new_device,39.37,closed,2025-08-12 21:09:40
A0003665,T00018719,new_device,55.23,review,2025-01-11 03:36:21
A0003666,T00014041,risky_category,44.48,closed,2025-06-22 00:05:53
A0003667,T00003899,cross_border,77.84,escalated,2025-10-01 20:51:42
A0003668,T00008597,blacklist_match,66.93,review,2025-03-12 03:41:48
A0003669,T00024323,velocity,60.14,review,2025-05-03 03:33:19
A0003670,T00021368,new_device,25.33,closed,2025-12-12 13:44:42
A0003671,T00023434,risky_category,49.65,closed,2025-02-14 11:30:24
A0003672,T00010087,cross_border,49.89,closed,2025-12-19 12:29:28
A0003673,T00012947,risky_category,94.87,escalated,2025-04-14 22:52:39
A0003674,T00015181,high_amount,62.21,review,2025-07-03 04:05:23
A0003675,T00024354,new_device,19.49,closed,2025-11-27 04:27:39
A0003676,T00005096,high_amount,78.2,escalated,2025-05-30 17:23:27
A0003677,T00016815,blacklist_match,32.71,closed,2025-11-03 22:52:21
A0003678,T00016830,high_amount,89.88,escalated,2025-03-31 15:34:15
A0003679,T00015229,cross_border,56.77,review,2025-10-20 21:47:10
A0003680,T00020798,high_amount,57.79,review,2025-10-21 11:31:29
A0003681,T00017686,new_device,10.25,closed,2025-07-15 04:57:08
A0003682,T00004786,high_amount,20.65,closed,2025-02-03 16:40:33
A0003683,T00020344,velocity,58.29,review,2025-12-12 12:49:46
A0003684,T00011628,blacklist_match,85.54,escalated,2025-02-22 17:25:53
A0003685,T00020235,new_device,27.22,closed,2025-04-19 14:11:02
A0003686,T00017527,risky_category,44.02,closed,2025-01-31 00:09:20
A0003687,T00018438,risky_category,24.48,closed,2025-06-30 01:54:19
A0003688,T00009857,new_device,6.73,closed,2025-04-17 13:15:44
A0003689,T00020061,high_amount,69.76,review,2025-10-12 15:34:45
A0003690,T00007985,cross_border,43.24,closed,2025-10-23 01:44:54
A0003691,T00009878,cross_border,61.18,review,2025-07-28 13:05:47
A0003692,T00015722,high_amount,19.99,closed,2025-12-12 15:33:40
A0003693,T00006178,cross_border,23.35,closed,2025-01-07 13:04:24
A0003694,T00010155,blacklist_match,82.03,escalated,2025-09-06 05:13:59
A0003695,T00022582,velocity,32.71,closed,2025-10-09 01:28:21
A0003696,T00008688,velocity,10.73,closed,2025-05-27 18:36:37
A0003697,T00020780,cross_border,48.29,closed,2025-05-29 00:26:49
A0003698,T00022284,cross_border,50.81,review,2025-12-21 04:10:54
A0003699,T00024214,cross_border,69.95,review,2025-02-25 13:46:23
A0003700,T00016972,risky_category,60.77,review,2025-01-05 02:44:31
A0003701,T00021211,new_device,45.73,closed,2025-01-16 06:20:17
A0003702,T00014567,cross_border,27.62,closed,2025-03-18 15:51:11
A0003703,T00011922,cross_border,97.12,escalated,2025-04-02 22:11:12
A0003704,T00005153,velocity,29.04,closed,2025-03-25 18:40:04
A0003705,T00017659,velocity,41.85,closed,2025-04-18 11:31:30
A0003706,T00017799,velocity,36.2,closed,2025-02-18 10:13:43
A0003707,T00018378,cross_border,47.9,closed,2025-06-07 06:05:47
A0003708,T00010870,velocity,66.45,review,2025-04-15 07:49:20
A0003709,T00016598,velocity,89.36,escalated,2025-07-25 02:22:47
A0003710,T00023163,cross_border,61.8,review,2025-01-15 14:09:49
A0003711,T00013698,cross_border,23.21,closed,2025-10-21 08:58:32
A0003712,T00014768,new_device,72.0,review,2025-04-10 20:27:02
A0003713,T00015510,new_device,30.0,closed,2025-02-24 14:33:02
A0003714,T00021902,velocity,50.41,review,2025-01-30 03:21:20
A0003715,T00021066,new_device,63.56,review,2025-05-25 10:05:06
A0003716,T00023622,velocity,2.83,closed,2025-12-08 19:03:13
A0003717,T00020920,risky_category,68.4,review,2025-07-11 08:41:30
A0003718,T00018513,risky_category,55.57,review,2025-01-20 13:10:10
A0003719,T00006971,risky_category,12.69,closed,2025-11-16 19:47:39
A0003720,T00023111,velocity,34.34,closed,2025-09-18 09:09:41
A0003721,T00007564,cross_border,48.72,closed,2025-01-13 19:47:04
A0003722,T00001263,cross_border,24.05,closed,2025-02-01 10:45:39
A0003723,T00005019,new_device,41.13,closed,2025-07-07 00:38:23
A0003724,T00006243,cross_border,95.71,escalated,2025-02-04 22:17:18
A0003725,T00008919,new_device,51.49,review,2025-12-07 16:06:06
A0003726,T00016076,high_amount,80.93,escalated,2025-02-19 20:47:20
A0003727,T00017530,risky_category,18.4,closed,2025-07-02 14:58:04
A0003728,T00023031,risky_category,39.89,closed,2025-12-29 12:05:00
A0003729,T00017621,risky_category,38.51,closed,2025-05-28 04:30:00
A0003730,T00019487,velocity,90.52,escalated,2025-02-23 15:42:46
A0003731,T00007443,blacklist_match,47.75,closed,2025-05-29 23:42:44
A0003732,T00020418,velocity,78.94,escalated,2025-05-17 04:54:39
A0003733,T00011767,high_amount,54.18,review,2025-03-19 15:45:32
A0003734,T00004622,high_amount,60.42,review,2025-12-26 23:21:17
A0003735,T00014769,velocity,18.31,closed,2025-04-08 18:26:15
A0003736,T00004355,cross_border,72.34,review,2025-10-02 15:17:03
A0003737,T00006238,cross_border,82.51,escalated,2025-07-14 16:09:49
A0003738,T00008459,blacklist_match,22.54,closed,2025-03-19 17:59:50
A0003739,T00015214,velocity,61.8,review,2025-05-14 11:27:23
A0003740,T00004303,risky_category,57.57,review,2025-09-27 16:51:34
A0003741,T00006451,cross_border,16.66,closed,2025-04-20 11:33:06
A0003742,T00007830,new_device,43.26,closed,2025-11-14 21:48:37
A0003743,T00007534,high_amount,42.08,closed,2025-10-11 17:32:35
A0003744,T00019983,high_amount,73.52,review,2025-07-20 02:37:50
A0003745,T00017478,high_amount,81.32,escalated,2025-07-05 15:55:15
A0003746,T00013408,velocity,28.88,closed,2025-01-10 11:55:54
A0003747,T00011929,cross_border,100.0,escalated,2025-03-26 06:57:10
A0003748,T00021802,high_amount,10.98,closed,2025-07-12 01:17:15
A0003749,T00016207,cross_border,59.47,review,2025-01-16 16:45:02
A0003750,T00012846,new_device,38.57,closed,2025-03-07 08:13:13
A0003751,T00004562,velocity,78.0,escalated,2025-12-22 07:10:01
A0003752,T00016872,new_device,45.82,closed,2025-08-01 11:10:31
A0003753,T00012490,velocity,49.27,closed,2025-09-22 15:22:33
A0003754,T00023504,cross_border,90.43,escalated,2025-12-13 09:40:07
A0003755,T00002624,risky_category,15.52,closed,2025-07-09 20:52:53
A0003756,T00010755,high_amount,70.02,review,2025-01-27 12:53:18
A0003757,T00001746,blacklist_match,48.76,closed,2025-07-03 23:14:34
A0003758,T00016092,high_amount,74.62,review,2025-11-28 21:05:49
A0003759,T00007209,velocity,59.7,review,2025-08-02 06:19:58
A0003760,T00004929,risky_category,80.0,escalated,2025-05-09 01:05:31
A0003761,T00012169,blacklist_match,52.31,review,2025-03-02 17:29:42
A0003762,T00024974,high_amount,66.22,review,2025-04-19 15:47:23
A0003763,T00013565,risky_category,53.22,review,2025-03-14 06:28:48
A0003764,T00019973,cross_border,21.43,closed,2025-10-08 13:08:21
A0003765,T00018273,high_amount,71.08,review,2025-01-17 15:35:00
A0003766,T00013843,cross_border,73.22,review,2025-08-08 05:06:34
A0003767,T00001576,risky_category,30.39,closed,2025-02-06 14:52:32
A0003768,T00005500,new_device,31.24,closed,2025-01-29 21:31:51
A0003769,T00005151,risky_category,59.11,review,2025-06-02 19:11:17
A0003770,T00006093,velocity,82.76,escalated,2025-02-07 01:10:22
A0003771,T00010114,high_amount,79.7,escalated,2025-08-21 07:38:18
A0003772,T00003421,high_amount,62.46,review,2025-06-15 09:35:19
A0003773,T00008234,risky_category,37.12,closed,2025-08-25 17:45:49
A0003774,T00006764,high_amount,35.77,closed,2025-03-18 15:38:40
A0003775,T00010617,velocity,46.47,closed,2025-03-25 21:10:50
A0003776,T00008903,new_device,19.02,closed,2025-07-16 15:00:12
A0003777,T00020410,cross_border,75.77,escalated,2025-04-20 18:39:22
A0003778,T00015919,risky_category,41.25,closed,2025-05-03 06:19:10
A0003779,T00016269,new_device,46.75,closed,2025-10-14 20:33:36
A0003780,T00001170,cross_border,61.3,review,2025-01-12 10:47:40
A0003781,T00023421,velocity,25.85,closed,2025-12-22 18:25:30
A0003782,T00005376,risky_category,22.72,closed,2025-06-10 02:16:31
A0003783,T00012902,velocity,33.25,closed,2025-01-02 11:09:16
A0003784,T00001013,cross_border,34.9,closed,2025-12-21 09:23:44
A0003785,T00005883,velocity,90.61,escalated,2025-09-26 14:07:18
A0003786,T00006554,velocity,47.59,closed,2025-06-30 11:43:59
A0003787,T00003467,new_device,43.0,closed,2025-11-07 20:49:56
A0003788,T00023062,new_device,92.71,escalated,2025-06-29 23:34:39
A0003789,T00014581,high_amount,94.23,escalated,2025-06-11 14:22:27
A0003790,T00000586,new_device,62.09,review,2025-07-05 17:16:43
A0003791,T00011391,cross_border,90.0,escalated,2025-05-19 12:23:29
A0003792,T00017897,velocity,88.09,escalated,2025-08-16 22:54:38
A0003793,T00009462,new_device,86.75,escalated,2025-07-24 16:01:22
A0003794,T00022275,high_amount,87.98,escalated,2025-05-06 21:57:41
A0003795,T00009973,blacklist_match,87.1,escalated,2025-02-04 02:56:36
A0003796,T00014137,cross_border,81.86,escalated,2025-04-10 14:43:05
A0003797,T00006202,blacklist_match,80.8,escalated,2025-04-02 04:37:25
A0003798,T00022420,new_device,96.54,escalated,2025-08-14 14:31:10
A0003799,T00018366,new_device,91.6,escalated,2025-05-19 06:19:31
A0003800,T00004017,new_device,39.4,closed,2025-05-25 01:08:45
A0003801,T00024251,cross_border,67.34,review,2025-04-11 10:32:47
A0003802,T00005232,velocity,30.72,closed,2025-06-30 20:27:28
A0003803,T00001439,high_amount,67.11,review,2025-01-24 02:55:24
A0003804,T00005100,cross_border,55.15,review,2025-12-09 11:12:29
A0003805,T00010423,velocity,50.55,review,2025-12-27 05:13:47
A0003806,T00008906,risky_category,38.96,closed,2025-03-31 16:10:39
A0003807,T00016299,risky_category,68.45,review,2025-03-22 02:05:55
A0003808,T00010412,velocity,41.47,closed,2025-07-12 17:35:47
A0003809,T00003258,new_device,87.75,escalated,2025-05-31 13:08:19
A0003810,T00023867,risky_category,70.82,review,2025-02-28 13:21:02
A0003811,T00017352,high_amount,45.0,closed,2025-06-13 05:50:11
A0003812,T00024039,risky_category,21.34,closed,2025-10-14 06:43:31
A0003813,T00015964,velocity,90.86,escalated,2025-08-01 19:26:41
A0003814,T00019197,risky_category,34.63,closed,2025-02-09 07:26:09
A0003815,T00011789,risky_category,52.75,review,2025-09-01 08:48:04
A0003816,T00019939,new_device,63.85,review,2025-09-21 11:49:48
A0003817,T00017867,new_device,51.1,review,2025-07-26 16:27:56
A0003818,T00016946,new_device,83.98,escalated,2025-12-29 14:03:23
A0003819,T00002601,risky_category,94.92,escalated,2025-02-10 05:18:08
A0003820,T00020550,velocity,85.71,escalated,2025-01-07 20:57:11
A0003821,T00016994,velocity,44.39,closed,2025-11-19 08:25:57
A0003822,T00014366,new_device,61.19,review,2025-06-15 16:46:57
A0003823,T00009108,cross_border,70.59,review,2025-08-23 01:51:48
A0003824,T00009412,risky_category,71.95,review,2025-04-11 12:01:02
A0003825,T00012696,high_amount,3.75,closed,2025-08-31 04:31:33
A0003826,T00012954,risky_category,31.14,closed,2025-05-23 23:36:34
A0003827,T00001920,risky_category,82.8,escalated,2025-05-06 08:01:33
A0003828,T00007069,risky_category,29.74,closed,2025-05-01 14:34:11
A0003829,T00006064,cross_border,26.61,closed,2025-04-09 09:37:33
A0003830,T00019495,new_device,92.62,escalated,2025-05-12 22:07:22
A0003831,T00019449,cross_border,41.39,closed,2025-08-19 16:10:59
A0003832,T00001565,blacklist_match,79.54,escalated,2025-12-28 09:11:31
A0003833,T00022931,risky_category,76.26,escalated,2025-03-21 11:01:55
A0003834,T00004426,blacklist_match,60.67,review,2025-06-26 18:09:19
A0003835,T00023967,new_device,59.81,review,2025-07-04 09:13:36
A0003836,T00005861,risky_category,80.23,escalated,2025-09-22 12:52:50
A0003837,T00005665,velocity,76.83,escalated,2025-04-13 21:22:21
A0003838,T00019469,risky_category,56.21,review,2025-11-04 21:27:34
A0003839,T00002781,blacklist_match,85.42,escalated,2025-08-12 02:01:54
A0003840,T00015756,blacklist_match,70.78,review,2025-08-16 12:20:13
A0003841,T00018106,risky_category,77.67,escalated,2025-07-20 18:46:11
A0003842,T00000669,velocity,69.36,review,2025-10-09 03:40:21
A0003843,T00003931,cross_border,34.96,closed,2025-08-04 02:25:51
A0003844,T00006165,cross_border,54.45,review,2025-03-04 20:56:58
A0003845,T00014526,risky_category,35.66,closed,2025-12-03 02:30:48
A0003846,T00013179,cross_border,48.1,closed,2025-01-14 08:23:24
A0003847,T00016427,cross_border,41.85,closed,2025-03-03 23:10:00
A0003848,T00007793,risky_category,60.59,review,2025-09-15 01:03:33
A0003849,T00006627,cross_border,31.93,closed,2025-02-20 14:12:58
A0003850,T00007915,blacklist_match,52.3,review,2025-04-09 15:03:31
A0003851,T00018050,new_device,76.11,escalated,2025-07-11 04:59:23
A0003852,T00001068,risky_category,69.72,review,2025-01-22 01:45:23
A0003853,T00023298,high_amount,60.62,review,2025-12-18 09:18:36
A0003854,T00011946,high_amount,44.07,closed,2025-01-16 00:58:05
A0003855,T00019968,new_device,13.17,closed,2025-10-05 12:52:22
A0003856,T00006668,velocity,73.92,review,2025-09-15 11:36:37
A0003857,T00022327,high_amount,33.0,closed,2025-06-29 22:23:29
A0003858,T00024648,velocity,87.2,escalated,2025-11-26 14:48:43
A0003859,T00010418,risky_category,54.63,review,2025-07-04 02:15:47
A0003860,T00007828,velocity,40.01,closed,2025-01-28 17:36:18
A0003861,T00018029,new_device,19.79,closed,2025-07-06 06:29:37
A0003862,T00004574,risky_category,76.2,escalated,2025-08-21 13:55:39
A0003863,T00006660,blacklist_match,40.74,closed,2025-09-03 04:19:33
A0003864,T00004841,cross_border,78.96,escalated,2025-12-27 12:49:37
A0003865,T00018410,new_device,58.43,review,2025-09-21 18:23:15
A0003866,T00023103,new_device,63.48,review,2025-10-06 19:04:16
A0003867,T00015593,high_amount,46.1,closed,2025-06-13 11:17:37
A0003868,T00007958,cross_border,88.05,escalated,2025-07-19 06:31:09
A0003869,T00024473,blacklist_match,82.01,escalated,2025-08-08 04:32:45
A0003870,T00012591,cross_border,24.56,closed,2025-07-07 02:16:02
A0003871,T00007089,new_device,43.17,closed,2025-08-08 10:56:21
A0003872,T00002235,high_amount,51.54,review,2025-10-22 22:59:44
A0003873,T00015720,risky_category,76.56,escalated,2025-05-30 15:31:01
A0003874,T00015435,risky_category,61.72,review,2025-01-23 14:04:56
A0003875,T00009176,blacklist_match,58.84,review,2025-06-17 07:33:13
A0003876,T00017396,velocity,45.53,closed,2025-04-07 18:42:11
A0003877,T00004335,cross_border,31.54,closed,2025-07-05 22:01:18
A0003878,T00016198,new_device,21.27,closed,2025-11-10 01:08:40
A0003879,T00004713,velocity,53.2,review,2025-02-04 05:47:21
A0003880,T00018173,cross_border,38.41,closed,2025-06-05 01:37:52
A0003881,T00019980,risky_category,94.11,escalated,2025-02-16 02:31:41
A0003882,T00020630,risky_category,66.39,review,2025-01-10 10:33:12
A0003883,T00007924,velocity,81.79,escalated,2025-03-21 05:17:17
A0003884,T00011211,risky_category,31.9,closed,2025-01-25 17:46:26
A0003885,T00021716,risky_category,93.5,escalated,2025-08-09 13:29:07
A0003886,T00003742,velocity,90.07,escalated,2025-09-20 06:12:13
A0003887,T00009040,new_device,41.37,closed,2025-06-20 11:49:33
A0003888,T00021771,high_amount,76.04,escalated,2025-04-07 04:15:24
A0003889,T00014489,velocity,81.21,escalated,2025-11-13 07:28:09
A0003890,T00002232,risky_category,30.33,closed,2025-03-08 02:04:29
A0003891,T00007749,cross_border,42.42,closed,2025-02-17 07:54:41
A0003892,T00002357,risky_category,50.55,review,2025-05-04 19:40:50
A0003893,T00009566,new_device,77.77,escalated,2025-01-23 00:57:09
A0003894,T00022429,blacklist_match,83.92,escalated,2025-10-14 06:20:42
A0003895,T00013352,cross_border,19.94,closed,2025-02-21 19:41:16
A0003896,T00015857,cross_border,43.5,closed,2025-06-25 06:59:26
A0003897,T00020864,blacklist_match,44.63,closed,2025-09-20 23:08:27
A0003898,T00003665,new_device,14.14,closed,2025-04-07 12:05:00
A0003899,T00011431,high_amount,74.23,review,2025-10-19 00:19:39
A0003900,T00002010,high_amount,93.13,escalated,2025-09-05 07:27:48
A0003901,T00000008,new_device,3.68,closed,2025-11-27 08:14:12
A0003902,T00005945,high_amount,21.6,closed,2025-05-24 08:44:53
A0003903,T00010717,cross_border,71.68,review,2025-11-29 21:07:47
A0003904,T00009740,high_amount,32.05,closed,2025-09-24 22:48:01
A0003905,T00011983,risky_category,54.57,review,2025-06-30 23:02:19
A0003906,T00009733,blacklist_match,65.48,review,2025-01-23 23:18:35
A0003907,T00022702,risky_category,36.69,closed,2025-03-08 06:27:03
A0003908,T00006215,new_device,19.53,closed,2025-09-22 02:36:08
A0003909,T00010285,velocity,62.55,review,2025-06-14 17:26:58
A0003910,T00011750,velocity,47.96,closed,2025-09-28 21:23:13
A0003911,T00003471,new_device,41.15,closed,2025-05-16 23:09:39
A0003912,T00000410,high_amount,60.6,review,2025-03-08 05:53:46
A0003913,T00008564,new_device,87.28,escalated,2025-02-18 23:51:52
A0003914,T00016885,blacklist_match,85.74,escalated,2025-11-05 21:39:59
A0003915,T00005106,high_amount,89.97,escalated,2025-09-04 14:05:18
A0003916,T00019019,velocity,52.27,review,2025-01-30 12:21:18
A0003917,T00018510,cross_border,89.07,escalated,2025-10-05 17:20:42
A0003918,T00004799,blacklist_match,47.7,closed,2025-11-29 10:41:22
A0003919,T00010207,velocity,49.88,closed,2025-08-31 14:47:15
A0003920,T00001864,risky_category,33.93,closed,2025-02-07 02:43:42
A0003921,T00003009,high_amount,58.77,review,2025-07-28 09:26:03
A0003922,T00010557,velocity,80.38,escalated,2025-05-04 14:44:25
A0003923,T00022268,velocity,62.8,review,2025-12-10 19:21:52
A0003924,T00008352,new_device,46.78,closed,2025-12-19 08:08:23
A0003925,T00003170,new_device,39.46,closed,2025-09-09 23:40:18
A0003926,T00005964,high_amount,55.97,review,2025-03-27 01:28:10
A0003927,T00021265,cross_border,26.57,closed,2025-01-30 19:07:29
A0003928,T00013061,blacklist_match,54.35,review,2025-10-06 19:04:06
A0003929,T00024216,high_amount,51.33,review,2025-03-07 22:14:44
A0003930,T00006025,high_amount,46.36,closed,2025-10-10 02:00:57
A0003931,T00018265,velocity,27.17,closed,2025-06-02 14:42:12
A0003932,T00009534,risky_category,65.64,review,2025-02-25 03:09:18
A0003933,T00010512,new_device,48.39,closed,2025-07-28 14:45:50
A0003934,T00009625,high_amount,65.14,review,2025-10-19 18:10:52
A0003935,T00021657,high_amount,57.37,review,2025-10-03 16:03:54
A0003936,T00023638,risky_category,30.27,closed,2025-10-31 16:21:19
A0003937,T00001827,cross_border,62.22,review,2025-06-06 22:58:38
A0003938,T00013325,risky_category,36.14,closed,2025-06-08 13:15:15
A0003939,T00023629,risky_category,52.61,review,2025-03-20 21:12:12
A0003940,T00010864,velocity,64.05,review,2025-01-30 03:51:06
A0003941,T00023136,velocity,43.53,closed,2025-12-31 04:42:49
A0003942,T00014787,blacklist_match,68.83,review,2025-10-14 15:14:09
A0003943,T00000832,velocity,25.46,closed,2025-12-21 14:26:54
A0003944,T00016309,high_amount,48.07,closed,2025-10-25 15:31:18
A0003945,T00001698,blacklist_match,86.55,escalated,2025-03-22 10:25:59
A0003946,T00004891,high_amount,19.35,closed,2025-09-23 16:45:25
A0003947,T00019957,risky_category,16.04,closed,2025-08-01 22:08:52
A0003948,T00022145,velocity,51.78,review,2025-04-30 23:50:19
A0003949,T00004030,blacklist_match,20.63,closed,2025-05-23 07:55:41
A0003950,T00000218,risky_category,41.32,closed,2025-09-24 07:16:24
A0003951,T00020876,velocity,63.95,review,2025-10-30 20:36:09
A0003952,T00019088,cross_border,41.91,closed,2025-12-08 12:06:17
A0003953,T00021071,high_amount,66.54,review,2025-05-19 01:06:56
A0003954,T00013984,cross_border,93.71,escalated,2025-11-02 04:47:22
A0003955,T00022213,high_amount,67.38,review,2025-10-15 05:17:49
A0003956,T00002991,velocity,45.2,closed,2025-01-04 08:49:11
A0003957,T00006837,velocity,15.27,closed,2025-11-16 03:48:24
A0003958,T00011885,velocity,70.58,review,2025-01-22 23:30:37
A0003959,T00004991,risky_category,49.65,closed,2025-09-05 09:28:19
A0003960,T00023659,risky_category,47.4,closed,2025-10-02 22:00:06
A0003961,T00017644,velocity,60.31,review,2025-11-14 12:49:32
A0003962,T00008729,cross_border,24.89,closed,2025-08-12 02:40:22
A0003963,T00000542,cross_border,82.04,escalated,2025-12-25 14:37:00
A0003964,T00012600,cross_border,14.57,closed,2025-07-29 10:54:54
A0003965,T00001529,blacklist_match,47.36,closed,2025-03-03 06:44:08
A0003966,T00008099,blacklist_match,56.02,review,2025-06-13 10:10:47
A0003967,T00000710,new_device,75.37,escalated,2025-06-10 18:09:41
A0003968,T00001839,new_device,45.02,closed,2025-10-30 01:16:42
A0003969,T00004987,velocity,62.72,review,2025-04-12 05:52:25
A0003970,T00021457,risky_category,64.17,review,2025-11-12 17:39:56
A0003971,T00020426,new_device,56.92,review,2025-11-08 00:11:10
A0003972,T00013606,high_amount,61.91,review,2025-03-02 04:56:07
A0003973,T00017622,risky_category,26.03,closed,2025-05-28 08:46:57
A0003974,T00012806,new_device,46.03,closed,2025-04-01 22:31:56
A0003975,T00005402,risky_category,48.6,closed,2025-03-24 07:12:40
A0003976,T00020939,cross_border,20.39,closed,2025-08-12 18:21:07
A0003977,T00006043,high_amount,39.61,closed,2025-12-18 00:00:58
A0003978,T00016810,velocity,30.56,closed,2025-08-27 00:17:35
A0003979,T00009649,high_amount,76.73,escalated,2025-04-25 19:27:42
A0003980,T00014217,blacklist_match,62.5,review,2025-07-20 19:11:01
A0003981,T00021232,high_amount,88.48,escalated,2025-07-05 16:52:37
A0003982,T00014152,cross_border,59.28,review,2025-03-10 18:33:40
A0003983,T00012314,high_amount,56.37,review,2025-09-25 08:44:38
A0003984,T00007374,velocity,28.24,closed,2025-08-03 04:20:31
A0003985,T00000704,new_device,47.54,closed,2025-08-18 10:50:07
A0003986,T00005228,new_device,51.84,review,2025-12-25 19:25:26
A0003987,T00015385,risky_category,56.49,review,2025-12-23 08:36:05
A0003988,T00021099,high_amount,23.39,closed,2025-07-06 22:37:35
A0003989,T00004064,high_amount,46.32,closed,2025-03-28 15:28:35
A0003990,T00007666,risky_category,66.88,review,2025-02-14 11:19:44
A0003991,T00022704,velocity,29.49,closed,2025-10-27 02:14:53
A0003992,T00002790,cross_border,67.85,review,2025-07-02 00:20:08
A0003993,T00012590,risky_category,61.26,review,2025-06-02 07:59:54
A0003994,T00004725,high_amount,58.58,review,2025-05-25 16:32:55
A0003995,T00004410,cross_border,63.71,review,2025-05-17 15:16:14
A0003996,T00007544,velocity,50.82,review,2025-05-04 13:36:41
A0003997,T00011864,high_amount,44.67,closed,2025-09-15 17:06:48
A0003998,T00012202,velocity,61.08,review,2025-10-30 08:45:04
A0003999,T00010462,velocity,90.0,escalated,2025-12-17 06:47:51
A0004000,T00013199,new_device,46.62,closed,2025-08-16 19:07:11
A0004001,T00002237,risky_category,85.03,escalated,2025-10-11 07:19:41
A0004002,T00024964,new_device,57.49,review,2025-09-21 14:54:52
A0004003,T00013033,high_amount,29.47,closed,2025-10-26 23:43:59
A0004004,T00014063,blacklist_match,39.11,closed,2025-06-23 15:47:03
A0004005,T00000458,risky_category,26.52,closed,2025-01-23 07:23:19
A0004006,T00013570,high_amount,55.67,review,2025-10-05 05:33:18
A0004007,T00002325,velocity,55.72,review,2025-02-04 05:38:17
A0004008,T00016335,risky_category,84.51,escalated,2025-06-15 23:24:34
A0004009,T00012374,new_device,22.26,closed,2025-04-11 22:08:22
A0004010,T00021846,cross_border,23.45,closed,2025-05-26 11:03:51
A0004011,T00008228,risky_category,18.06,closed,2025-12-25 09:41:03
A0004012,T00002973,high_amount,57.53,review,2025-03-28 22:30:13
A0004013,T00002993,new_device,42.61,closed,2025-01-10 07:36:12
A0004014,T00001741,velocity,79.8,escalated,2025-02-15 21:47:46
A0004015,T00001846,new_device,49.93,closed,2025-02-10 04:55:55
A0004016,T00009577,high_amount,77.59,escalated,2025-01-02 02:18:58
A0004017,T00013655,blacklist_match,35.21,closed,2025-08-18 22:03:46
A0004018,T00024046,new_device,61.34,review,2025-06-11 15:02:30
A0004019,T00009106,risky_category,74.41,review,2025-04-12 20:43:27
A0004020,T00015912,risky_category,49.06,closed,2025-09-03 12:36:03
A0004021,T00007922,velocity,38.42,closed,2025-09-24 02:17:20
A0004022,T00004857,cross_border,63.28,review,2025-03-27 06:43:14
A0004023,T00021338,velocity,66.27,review,2025-02-08 07:53:03
A0004024,T00015495,cross_border,55.91,review,2025-06-06 02:48:46
A0004025,T00019854,risky_category,20.21,closed,2025-09-28 13:30:39
A0004026,T00000747,new_device,71.18,review,2025-07-26 05:12:54
A0004027,T00018891,velocity,86.0,escalated,2025-02-02 22:16:20
A0004028,T00022825,cross_border,48.36,closed,2025-09-08 20:38:48
A0004029,T00015398,risky_category,32.3,closed,2025-12-11 22:31:07
A0004030,T00007357,high_amount,74.68,review,2025-11-17 20:08:46
A0004031,T00010407,cross_border,32.65,closed,2025-06-25 18:26:08
A0004032,T00000681,risky_category,26.4,closed,2025-12-25 08:46:10
A0004033,T00019201,new_device,65.39,review,2025-11-20 20:37:24
A0004034,T00014682,new_device,48.32,closed,2025-06-02 07:51:18
A0004035,T00020961,velocity,39.35,closed,2025-03-23 23:10:42
A0004036,T00017245,velocity,46.46,closed,2025-09-10 08:10:09
A0004037,T00013043,new_device,46.83,closed,2025-09-14 22:29:13
A0004038,T00016621,risky_category,83.11,escalated,2025-06-02 00:06:13
A0004039,T00014343,risky_category,59.76,review,2025-09-28 12:48:23
A0004040,T00024518,high_amount,22.87,closed,2025-09-08 18:43:51
A0004041,T00024459,cross_border,29.81,closed,2025-11-06 13:02:22
A0004042,T00022730,risky_category,28.18,closed,2025-09-19 00:11:21
A0004043,T00012955,risky_category,91.57,escalated,2025-03-02 09:33:22
A0004044,T00017046,high_amount,68.6,review,2025-07-07 06:39:52
A0004045,T00002211,cross_border,64.96,review,2025-09-25 18:01:18
A0004046,T00018370,high_amount,46.65,closed,2025-12-18 00:23:37
A0004047,T00004187,cross_border,51.3,review,2025-08-05 05:17:22
A0004048,T00014877,new_device,19.56,closed,2025-07-27 02:26:50
A0004049,T00005378,new_device,69.7,review,2025-07-26 18:10:17
A0004050,T00006496,new_device,68.34,review,2025-05-31 18:58:21
A0004051,T00003608,new_device,61.24,review,2025-01-26 16:07:52
A0004052,T00003128,high_amount,93.69,escalated,2025-05-05 17:29:59
A0004053,T00014844,cross_border,66.04,review,2025-08-04 10:09:49
A0004054,T00017834,velocity,25.01,closed,2025-08-21 19:50:38
A0004055,T00023965,cross_border,4.95,closed,2025-11-14 18:42:44
A0004056,T00004519,risky_category,60.42,review,2025-09-14 01:39:34
A0004057,T00006835,velocity,91.34,escalated,2025-10-09 13:24:11
A0004058,T00003458,high_amount,35.21,closed,2025-06-12 17:17:59
A0004059,T00010784,new_device,90.73,escalated,2025-04-19 02:13:51
A0004060,T00006515,velocity,54.42,review,2025-04-03 21:57:58
A0004061,T00021090,velocity,55.59,review,2025-01-23 15:43:09
A0004062,T00019399,high_amount,50.7,review,2025-08-03 12:57:35
A0004063,T00008293,risky_category,44.86,closed,2025-03-21 22:13:04
A0004064,T00010476,cross_border,84.53,escalated,2025-10-13 12:19:38
A0004065,T00012670,blacklist_match,82.87,escalated,2025-01-01 14:27:06
A0004066,T00018067,cross_border,87.47,escalated,2025-10-16 16:35:00
A0004067,T00020357,high_amount,88.85,escalated,2025-05-03 16:51:00
A0004068,T00017892,new_device,53.56,review,2025-06-14 13:08:00
A0004069,T00018990,velocity,55.76,review,2025-12-26 10:14:40
A0004070,T00004216,high_amount,36.72,closed,2025-12-08 16:16:55
A0004071,T00012858,velocity,7.97,closed,2025-01-09 09:15:24
A0004072,T00023876,blacklist_match,70.73,review,2025-07-23 14:49:40
A0004073,T00007606,high_amount,64.77,review,2025-01-04 15:24:01
A0004074,T00013334,risky_category,76.28,escalated,2025-04-17 16:28:37
A0004075,T00008476,high_amount,71.03,review,2025-08-31 22:36:25
A0004076,T00007257,cross_border,69.48,review,2025-01-18 09:53:45
A0004077,T00021661,cross_border,31.25,closed,2025-12-28 11:51:32
A0004078,T00000315,high_amount,42.2,closed,2025-05-28 12:23:37
A0004079,T00017741,cross_border,50.46,review,2025-09-21 15:32:08
A0004080,T00023131,risky_category,52.81,review,2025-02-01 17:59:38
A0004081,T00002466,risky_category,91.79,escalated,2025-02-20 00:43:12
A0004082,T00023920,high_amount,73.45,review,2025-07-16 09:11:39
A0004083,T00006320,risky_category,32.14,closed,2025-09-17 00:01:03
A0004084,T00000515,new_device,38.95,closed,2025-07-26 16:15:47
A0004085,T00024507,velocity,62.16,review,2025-10-26 03:26:06
A0004086,T00000326,high_amount,22.49,closed,2025-07-08 23:09:37
A0004087,T00011397,cross_border,55.63,review,2025-09-25 10:09:14
A0004088,T00008740,velocity,54.05,review,2025-11-05 05:59:45
A0004089,T00022506,cross_border,50.35,review,2025-05-08 04:30:10
A0004090,T00021313,risky_category,55.58,review,2025-02-10 11:33:15
A0004091,T00011079,high_amount,41.01,closed,2025-02-12 10:05:53
A0004092,T00013620,velocity,84.72,escalated,2025-07-03 01:34:44
A0004093,T00014127,high_amount,30.07,closed,2025-05-19 00:34:43
A0004094,T00013765,high_amount,52.68,review,2025-08-30 11:08:14
A0004095,T00006449,velocity,2.52,closed,2025-01-12 04:43:06
A0004096,T00012892,high_amount,59.5,review,2025-04-11 03:26:32
A0004097,T00007989,velocity,40.13,closed,2025-06-13 22:29:42
A0004098,T00001601,blacklist_match,41.87,closed,2025-07-16 09:13:37
A0004099,T00013297,blacklist_match,45.32,closed,2025-02-12 14:08:32
A0004100,T00012837,risky_category,44.37,closed,2025-08-06 08:49:42
A0004101,T00000983,blacklist_match,79.75,escalated,2025-04-19 16:28:43
A0004102,T00017124,velocity,68.01,review,2025-02-01 23:40:17
A0004103,T00018553,high_amount,82.22,escalated,2025-10-02 04:29:15
A0004104,T00022686,cross_border,37.31,closed,2025-11-16 04:35:45
A0004105,T00001302,new_device,59.5,review,2025-10-03 10:37:05
A0004106,T00015295,blacklist_match,40.61,closed,2025-02-28 08:01:39
A0004107,T00018679,new_device,13.11,closed,2025-12-21 10:17:19
A0004108,T00021073,risky_category,8.68,closed,2025-05-26 15:40:57
A0004109,T00001728,risky_category,50.89,review,2025-09-11 10:27:25
A0004110,T00022028,risky_category,59.07,review,2025-10-18 09:35:59
A0004111,T00004221,cross_border,39.75,closed,2025-12-27 10:13:31
A0004112,T00014407,risky_category,52.25,review,2025-04-04 02:19:08
A0004113,T00014724,cross_border,35.46,closed,2025-06-21 23:31:25
A0004114,T00024357,velocity,67.78,review,2025-11-04 01:40:53
A0004115,T00005719,cross_border,25.12,closed,2025-10-09 20:32:21
A0004116,T00017149,velocity,80.67,escalated,2025-10-30 20:19:42
A0004117,T00023630,risky_category,60.57,review,2025-09-21 07:58:04
A0004118,T00000292,risky_category,53.79,review,2025-08-15 22:00:40
A0004119,T00004627,velocity,30.87,closed,2025-07-27 18:23:12
A0004120,T00021707,cross_border,43.21,closed,2025-03-23 09:51:25
A0004121,T00017258,cross_border,61.63,review,2025-04-16 06:40:12
A0004122,T00002293,velocity,92.57,escalated,2025-04-15 22:18:16
A0004123,T00003631,velocity,72.13,review,2025-05-24 18:48:45
A0004124,T00009872,blacklist_match,42.36,closed,2025-12-14 14:13:38
A0004125,T00002477,cross_border,45.35,closed,2025-05-13 04:26:43
A0004126,T00010793,velocity,60.63,review,2025-10-12 04:08:14
A0004127,T00018141,cross_border,31.56,closed,2025-08-10 23:04:46
A0004128,T00012667,new_device,52.36,review,2025-10-16 22:53:38
A0004129,T00008686,new_device,80.82,escalated,2025-12-20 11:35:32
A0004130,T00017840,risky_category,70.32,review,2025-04-22 13:26:08
A0004131,T00022488,cross_border,44.89,closed,2025-04-15 10:46:36
A0004132,T00002703,risky_category,68.16,review,2025-12-05 02:02:03
A0004133,T00001355,new_device,87.67,escalated,2025-05-21 00:14:57
A0004134,T00001321,risky_category,61.19,review,2025-06-25 15:36:23
A0004135,T00013500,velocity,11.12,closed,2025-11-20 00:45:20
A0004136,T00011030,blacklist_match,70.02,review,2025-03-30 08:40:06
A0004137,T00019282,cross_border,30.85,closed,2025-09-15 14:55:08
A0004138,T00012764,new_device,42.69,closed,2025-09-03 15:47:57
A0004139,T00003972,risky_category,59.51,review,2025-08-31 22:48:27
A0004140,T00015203,risky_category,72.03,review,2025-10-21 19:15:48
A0004141,T00013075,new_device,94.21,escalated,2025-03-29 12:39:26
A0004142,T00003902,velocity,48.1,closed,2025-05-29 01:16:34
A0004143,T00017380,cross_border,19.46,closed,2025-02-13 10:40:09
A0004144,T00002928,risky_category,45.52,closed,2025-10-08 00:51:22
A0004145,T00008169,high_amount,74.11,review,2025-03-24 20:02:53
A0004146,T00011160,cross_border,66.51,review,2025-08-31 13:54:38
A0004147,T00015043,velocity,24.98,closed,2025-02-16 04:38:45
A0004148,T00017878,high_amount,73.2,review,2025-03-03 08:58:58
A0004149,T00019320,cross_border,41.22,closed,2025-09-24 10:28:37
A0004150,T00000677,new_device,70.22,review,2025-09-16 01:58:45
A0004151,T00011893,cross_border,90.52,escalated,2025-05-08 03:16:29
A0004152,T00016246,high_amount,19.12,closed,2025-11-06 15:39:30
A0004153,T00018272,high_amount,66.97,review,2025-06-10 17:56:30
A0004154,T00000130,risky_category,27.75,closed,2025-01-26 02:14:20
A0004155,T00002337,high_amount,48.29,closed,2025-02-27 19:26:47
A0004156,T00006461,risky_category,27.52,closed,2025-09-05 21:14:34
A0004157,T00008294,velocity,44.43,closed,2025-05-10 18:43:57
A0004158,T00018405,risky_category,12.87,closed,2025-02-13 20:09:17
A0004159,T00018700,new_device,21.69,closed,2025-05-28 18:36:50
A0004160,T00005345,blacklist_match,83.43,escalated,2025-01-04 01:19:19
A0004161,T00005866,high_amount,58.94,review,2025-05-29 07:50:23
A0004162,T00012371,blacklist_match,39.16,closed,2025-05-14 03:22:25
A0004163,T00017766,cross_border,47.48,closed,2025-12-02 14:43:15
A0004164,T00021359,high_amount,68.48,review,2025-06-04 15:54:07
A0004165,T00015022,blacklist_match,6.88,closed,2025-11-06 01:31:24
A0004166,T00021578,risky_category,72.96,review,2025-11-11 08:04:29
A0004167,T00013928,risky_category,75.83,escalated,2025-03-15 17:18:39
A0004168,T00015237,risky_category,38.77,closed,2025-04-13 13:14:02
A0004169,T00018158,velocity,26.75,closed,2025-09-18 17:23:55
A0004170,T00024731,blacklist_match,89.16,escalated,2025-02-24 18:07:08
A0004171,T00013614,velocity,51.2,review,2025-06-26 12:07:53
A0004172,T00015479,risky_category,21.72,closed,2025-12-07 20:53:17
A0004173,T00024605,risky_category,34.4,closed,2025-12-24 22:44:53
A0004174,T00000874,new_device,69.97,review,2025-09-13 09:32:28
A0004175,T00007451,velocity,83.33,escalated,2025-03-30 16:13:38
A0004176,T00019214,risky_category,31.65,closed,2025-11-07 21:01:20
A0004177,T00012501,velocity,88.65,escalated,2025-03-15 18:01:45
A0004178,T00003196,velocity,89.83,escalated,2025-08-07 16:16:07
A0004179,T00002823,high_amount,31.23,closed,2025-06-16 08:31:28
A0004180,T00004153,new_device,77.32,escalated,2025-03-16 09:39:31
A0004181,T00012098,cross_border,14.45,closed,2025-04-04 17:10:09
A0004182,T00022297,velocity,53.67,review,2025-09-09 18:15:31
A0004183,T00012880,risky_category,69.13,review,2025-02-07 04:32:55
A0004184,T00005619,cross_border,45.4,closed,2025-05-13 10:00:35
A0004185,T00005074,new_device,22.55,closed,2025-11-23 04:50:08
A0004186,T00024679,velocity,28.31,closed,2025-12-20 18:12:12
A0004187,T00004045,risky_category,74.47,review,2025-10-01 15:19:53
A0004188,T00018102,blacklist_match,60.73,review,2025-06-26 21:25:37
A0004189,T00016699,high_amount,38.59,closed,2025-03-05 13:32:38
A0004190,T00009747,blacklist_match,67.15,review,2025-04-20 14:14:01
A0004191,T00014027,high_amount,42.66,closed,2025-08-15 11:49:51
A0004192,T00009849,high_amount,59.39,review,2025-06-01 12:24:25
A0004193,T00003268,velocity,84.53,escalated,2025-06-29 03:22:29
A0004194,T00006841,cross_border,73.36,review,2025-09-05 16:33:53
A0004195,T00009777,velocity,88.4,escalated,2025-09-24 19:26:26
A0004196,T00005774,velocity,58.64,review,2025-10-25 02:05:29
A0004197,T00001794,risky_category,37.11,closed,2025-10-18 00:11:56
A0004198,T00020752,cross_border,64.86,review,2025-07-22 01:27:35
A0004199,T00007298,velocity,80.03,escalated,2025-12-31 11:43:25
A0004200,T00018879,risky_category,72.44,review,2025-05-27 01:33:40
A0004201,T00010229,high_amount,9.18,closed,2025-10-05 07:24:40
A0004202,T00014470,cross_border,60.74,review,2025-09-14 22:26:59
A0004203,T00012077,risky_category,29.41,closed,2025-06-05 08:16:17
A0004204,T00014912,velocity,78.42,escalated,2025-06-24 06:46:04
A0004205,T00019249,risky_category,80.95,escalated,2025-08-04 01:17:25
A0004206,T00000241,new_device,61.38,review,2025-03-30 18:51:19
A0004207,T00002515,new_device,70.21,review,2025-03-24 08:59:32
A0004208,T00017166,velocity,60.24,review,2025-08-01 09:27:56
A0004209,T00007625,velocity,6.31,closed,2025-03-15 05:18:16
A0004210,T00015023,new_device,35.94,closed,2025-09-07 11:59:00
A0004211,T00018575,velocity,50.59,review,2025-10-12 03:59:26
A0004212,T00001039,new_device,85.49,escalated,2025-01-14 10:50:37
A0004213,T00015038,blacklist_match,48.36,closed,2025-01-13 15:27:38
A0004214,T00000872,new_device,23.28,closed,2025-05-16 05:50:49
A0004215,T00002271,high_amount,35.7,closed,2025-07-22 23:31:29
A0004216,T00016489,high_amount,78.36,escalated,2025-09-23 17:20:28
A0004217,T00018645,new_device,79.64,escalated,2025-10-24 17:47:55
A0004218,T00018899,high_amount,16.91,closed,2025-06-30 00:54:32
A0004219,T00002166,cross_border,23.37,closed,2025-07-25 04:09:31
A0004220,T00006871,cross_border,53.48,review,2025-02-03 17:00:08
A0004221,T00002100,velocity,41.55,closed,2025-01-23 18:25:49
A0004222,T00006942,velocity,58.31,review,2025-02-21 05:26:04
A0004223,T00003955,risky_category,26.93,closed,2025-01-26 15:39:48
A0004224,T00019493,high_amount,22.94,closed,2025-11-23 05:26:37
A0004225,T00007803,velocity,61.01,review,2025-12-14 12:12:08
A0004226,T00002986,cross_border,61.98,review,2025-02-04 10:39:14
A0004227,T00009404,velocity,59.93,review,2025-06-01 13:04:44
A0004228,T00012274,new_device,97.01,escalated,2025-06-18 08:40:59
A0004229,T00003656,new_device,64.61,review,2025-10-30 09:35:28
A0004230,T00013162,high_amount,33.81,closed,2025-04-17 15:13:43
A0004231,T00021894,cross_border,25.71,closed,2025-08-25 08:58:50
A0004232,T00000783,risky_category,40.68,closed,2025-03-05 10:41:52
A0004233,T00012403,velocity,26.59,closed,2025-02-18 15:59:42
A0004234,T00007919,cross_border,54.43,review,2025-12-06 01:14:12
A0004235,T00016138,velocity,37.32,closed,2025-05-09 21:58:43
A0004236,T00003255,new_device,64.11,review,2025-01-19 12:54:45
A0004237,T00014321,velocity,45.46,closed,2025-05-02 21:56:12
A0004238,T00000852,new_device,57.12,review,2025-04-23 09:14:05
A0004239,T00002791,velocity,27.64,closed,2025-02-02 12:06:51
A0004240,T00009941,risky_category,29.16,closed,2025-04-08 08:11:54
A0004241,T00021401,risky_category,58.52,review,2025-08-13 10:41:57
A0004242,T00000098,risky_category,18.84,closed,2025-02-13 21:03:29
A0004243,T00015419,new_device,45.57,closed,2025-12-02 22:20:48
A0004244,T00002441,risky_category,72.26,review,2025-06-13 23:30:10
A0004245,T00015244,new_device,80.79,escalated,2025-04-22 22:17:08
A0004246,T00010435,high_amount,32.6,closed,2025-08-12 17:26:16
A0004247,T00002001,blacklist_match,11.7,closed,2025-10-16 00:03:35
A0004248,T00007169,high_amount,70.0,review,2025-06-21 06:33:55
A0004249,T00023331,velocity,47.49,closed,2025-10-18 04:11:44
A0004250,T00022517,risky_category,58.35,review,2025-07-29 20:18:18
A0004251,T00021930,new_device,84.16,escalated,2025-03-12 20:13:14
A0004252,T00024346,cross_border,73.38,review,2025-02-27 04:20:49
A0004253,T00024785,velocity,73.58,review,2025-03-31 11:23:02
A0004254,T00024895,velocity,64.86,review,2025-05-03 13:47:53
A0004255,T00017099,high_amount,43.03,closed,2025-05-16 19:51:54
A0004256,T00011762,high_amount,73.27,review,2025-05-23 22:34:00
A0004257,T00007002,new_device,62.29,review,2025-12-04 08:22:42
A0004258,T00001429,velocity,45.4,closed,2025-01-26 08:06:00
A0004259,T00007843,risky_category,14.18,closed,2025-01-28 00:33:13
A0004260,T00001383,velocity,42.57,closed,2025-03-05 06:45:24
A0004261,T00021676,blacklist_match,37.27,closed,2025-02-21 03:50:56
A0004262,T00004013,cross_border,47.37,closed,2025-08-23 11:26:38
A0004263,T00008824,new_device,24.39,closed,2025-04-02 20:24:52
A0004264,T00011446,cross_border,37.94,closed,2025-01-15 15:19:07
A0004265,T00021209,high_amount,21.57,closed,2025-12-07 04:09:06
A0004266,T00021079,risky_category,32.14,closed,2025-01-29 04:40:32
A0004267,T00023847,cross_border,50.93,review,2025-11-08 10:31:59
A0004268,T00009019,velocity,42.61,closed,2025-06-21 06:09:00
A0004269,T00011498,risky_category,50.53,review,2025-08-15 19:51:31
A0004270,T00013147,risky_category,36.43,closed,2025-05-23 05:22:10
A0004271,T00023082,high_amount,32.48,closed,2025-08-08 10:26:16
A0004272,T00002528,cross_border,41.92,closed,2025-11-17 08:45:14
A0004273,T00000215,blacklist_match,83.58,escalated,2025-09-21 00:50:39
A0004274,T00008603,risky_category,49.2,closed,2025-04-01 02:22:59
A0004275,T00014978,cross_border,29.15,closed,2025-03-09 02:25:06
A0004276,T00009641,velocity,84.86,escalated,2025-07-27 00:31:48
A0004277,T00011002,velocity,55.92,review,2025-07-18 10:08:39
A0004278,T00003634,cross_border,27.84,closed,2025-10-05 14:18:56
A0004279,T00003958,blacklist_match,84.44,escalated,2025-10-26 17:13:01
A0004280,T00023446,new_device,70.28,review,2025-07-09 15:55:23
A0004281,T00020592,velocity,52.1,review,2025-04-10 21:34:52
A0004282,T00012804,velocity,58.57,review,2025-03-13 20:35:51
A0004283,T00014006,risky_category,48.38,closed,2025-03-23 02:15:58
A0004284,T00024993,new_device,44.61,closed,2025-04-12 08:01:58
A0004285,T00012924,risky_category,43.76,closed,2025-03-10 05:37:09
A0004286,T00011121,blacklist_match,38.95,closed,2025-03-09 08:49:58
A0004287,T00003285,velocity,55.73,review,2025-10-27 08:52:17
A0004288,T00006254,cross_border,19.83,closed,2025-01-25 13:10:32
A0004289,T00001557,risky_category,49.36,closed,2025-10-04 14:35:28
A0004290,T00005668,risky_category,61.63,review,2025-06-30 18:46:20
A0004291,T00016507,risky_category,45.61,closed,2025-09-10 00:01:12
A0004292,T00024001,risky_category,54.14,review,2025-10-09 06:34:05
A0004293,T00009797,risky_category,42.54,closed,2025-01-09 21:20:24
A0004294,T00022456,new_device,73.08,review,2025-11-22 08:54:26
A0004295,T00005711,cross_border,92.89,escalated,2025-06-13 19:31:17
A0004296,T00007404,cross_border,36.21,closed,2025-05-05 03:42:55
A0004297,T00021155,risky_category,27.79,closed,2025-09-22 22:02:04
A0004298,T00004272,cross_border,45.96,closed,2025-01-09 15:28:46
A0004299,T00004396,risky_category,26.07,closed,2025-01-02 03:00:57
A0004300,T00002645,velocity,30.24,closed,2025-06-10 02:21:42
A0004301,T00018889,risky_category,45.29,closed,2025-05-02 18:14:00
A0004302,T00017252,velocity,75.46,escalated,2025-08-14 15:45:29
A0004303,T00006221,risky_category,55.65,review,2025-04-12 05:14:27
A0004304,T00012812,risky_category,30.73,closed,2025-06-14 22:24:52
A0004305,T00013324,high_amount,73.9,review,2025-11-08 07:06:14
A0004306,T00004025,high_amount,65.38,review,2025-06-03 17:25:25
A0004307,T00022014,risky_category,47.65,closed,2025-12-14 14:08:12
A0004308,T00011448,cross_border,49.98,closed,2025-08-16 19:51:10
A0004309,T00018827,blacklist_match,51.77,review,2025-10-14 08:47:09
A0004310,T00019479,velocity,60.43,review,2025-01-21 11:06:53
A0004311,T00008796,new_device,69.44,review,2025-12-12 13:10:52
A0004312,T00020893,velocity,57.15,review,2025-06-23 05:30:35
A0004313,T00016154,cross_border,42.18,closed,2025-03-02 06:47:09
A0004314,T00000402,high_amount,78.28,escalated,2025-08-30 14:47:28
A0004315,T00005958,velocity,14.42,closed,2025-05-18 21:42:59
A0004316,T00013564,velocity,18.62,closed,2025-08-03 12:20:51
A0004317,T00003867,high_amount,17.27,closed,2025-07-30 06:55:11
A0004318,T00005808,new_device,48.76,closed,2025-03-20 21:26:26
A0004319,T00005465,new_device,67.31,review,2025-07-27 02:41:17
A0004320,T00022622,high_amount,79.58,escalated,2025-06-10 15:17:58
A0004321,T00014429,risky_category,75.76,escalated,2025-06-16 11:00:14
A0004322,T00002379,risky_category,79.61,escalated,2025-04-29 19:52:56
A0004323,T00020612,cross_border,50.03,review,2025-07-14 19:15:42
A0004324,T00014434,blacklist_match,87.59,escalated,2025-02-11 11:44:39
A0004325,T00017073,velocity,42.57,closed,2025-12-22 06:19:11
A0004326,T00015265,velocity,36.99,closed,2025-05-26 07:58:25
A0004327,T00004957,new_device,55.4,review,2025-03-23 10:52:35
A0004328,T00001502,high_amount,41.55,closed,2025-09-12 12:48:55
A0004329,T00011916,new_device,68.07,review,2025-02-26 01:24:24
A0004330,T00006748,cross_border,46.7,closed,2025-08-24 08:41:16
A0004331,T00006291,risky_category,72.42,review,2025-02-18 10:44:26
A0004332,T00014219,risky_category,69.17,review,2025-05-17 00:14:06
A0004333,T00014508,velocity,37.54,closed,2025-04-07 16:22:18
A0004334,T00022508,blacklist_match,76.96,escalated,2025-05-29 19:58:56
A0004335,T00015669,new_device,33.63,closed,2025-12-26 06:57:21
A0004336,T00005632,risky_category,74.48,review,2025-09-30 10:13:14
A0004337,T00012257,velocity,63.79,review,2025-12-07 02:29:59
A0004338,T00021000,risky_category,71.19,review,2025-02-17 19:07:24
A0004339,T00020479,blacklist_match,66.57,review,2025-04-21 14:34:48
A0004340,T00020707,high_amount,65.4,review,2025-01-10 14:54:40
A0004341,T00009369,blacklist_match,20.18,closed,2025-06-27 10:29:05
A0004342,T00023303,risky_category,66.28,review,2025-05-18 16:04:12
A0004343,T00007067,risky_category,66.6,review,2025-11-06 03:22:00
A0004344,T00004392,cross_border,60.35,review,2025-04-08 09:15:34
A0004345,T00015983,new_device,60.95,review,2025-08-17 23:40:48
A0004346,T00009732,high_amount,53.98,review,2025-09-13 12:50:19
A0004347,T00017957,velocity,39.33,closed,2025-09-25 18:12:06
A0004348,T00021693,risky_category,81.8,escalated,2025-06-15 21:31:45
A0004349,T00016663,risky_category,82.31,escalated,2025-07-11 01:00:29
A0004350,T00012669,high_amount,11.22,closed,2025-07-29 19:36:18
A0004351,T00008201,new_device,54.59,review,2025-08-08 11:56:07
A0004352,T00018380,cross_border,57.24,review,2025-09-09 09:25:13
A0004353,T00024827,velocity,38.57,closed,2025-12-03 17:33:03
A0004354,T00003833,risky_category,86.3,escalated,2025-05-18 11:35:37
A0004355,T00016313,risky_category,41.31,closed,2025-06-22 21:12:45
A0004356,T00023564,risky_category,75.51,escalated,2025-01-21 20:24:04
A0004357,T00002950,high_amount,37.56,closed,2025-04-05 18:48:40
A0004358,T00023093,velocity,87.03,escalated,2025-03-03 05:55:28
A0004359,T00004925,new_device,50.92,review,2025-07-08 01:24:18
A0004360,T00005451,cross_border,93.15,escalated,2025-12-22 07:39:43
A0004361,T00005307,velocity,77.31,escalated,2025-03-19 07:34:06
A0004362,T00007312,blacklist_match,67.63,review,2025-02-24 02:14:24
A0004363,T00005236,high_amount,27.05,closed,2025-06-18 23:24:15
A0004364,T00020740,new_device,91.03,escalated,2025-01-08 08:09:11
A0004365,T00020926,risky_category,68.0,review,2025-04-27 15:50:07
A0004366,T00001609,velocity,86.4,escalated,2025-11-30 02:01:56
A0004367,T00004866,high_amount,16.97,closed,2025-10-18 22:52:12
A0004368,T00012389,velocity,51.74,review,2025-04-24 21:06:56
A0004369,T00021560,cross_border,51.87,review,2025-09-28 05:02:03
A0004370,T00022752,risky_category,100.0,escalated,2025-08-20 07:21:26
A0004371,T00014042,new_device,29.51,closed,2025-10-18 12:55:37
A0004372,T00019740,new_device,46.31,closed,2025-04-19 15:41:33
A0004373,T00022757,high_amount,26.84,closed,2025-08-26 07:11:43
A0004374,T00006249,risky_category,51.05,review,2025-11-25 14:18:22
A0004375,T00005944,cross_border,54.61,review,2025-08-17 11:14:08
A0004376,T00020585,cross_border,59.48,review,2025-08-06 23:42:54
A0004377,T00021959,risky_category,62.81,review,2025-12-14 08:00:52
A0004378,T00014379,cross_border,85.71,escalated,2025-09-02 21:12:41
A0004379,T00000084,cross_border,31.8,closed,2025-10-09 17:23:41
A0004380,T00016604,high_amount,60.65,review,2025-12-19 23:12:04
A0004381,T00010846,new_device,71.84,review,2025-03-29 17:04:40
A0004382,T00004865,cross_border,60.39,review,2025-10-21 05:38:40
A0004383,T00019108,high_amount,15.22,closed,2025-10-01 15:09:39
A0004384,T00002929,velocity,43.11,closed,2025-03-16 09:12:31
A0004385,T00011141,risky_category,32.62,closed,2025-08-01 16:47:50
A0004386,T00019540,velocity,60.96,review,2025-01-24 02:24:24
A0004387,T00007728,velocity,17.69,closed,2025-01-29 04:09:59
A0004388,T00022308,new_device,22.2,closed,2025-12-20 07:21:41
A0004389,T00015728,blacklist_match,59.86,review,2025-01-06 03:03:35
A0004390,T00021307,high_amount,39.96,closed,2025-02-20 17:04:06
A0004391,T00000838,risky_category,60.6,review,2025-07-15 13:59:45
A0004392,T00010401,high_amount,32.63,closed,2025-04-12 14:38:01
A0004393,T00004061,new_device,40.33,closed,2025-06-12 09:08:40
A0004394,T00015954,high_amount,55.01,review,2025-08-02 06:21:47
A0004395,T00005583,risky_category,79.22,escalated,2025-07-14 20:24:18
A0004396,T00000929,high_amount,2.4,closed,2025-05-20 15:22:26
A0004397,T00024018,cross_border,48.7,closed,2025-10-18 02:19:04
A0004398,T00006452,high_amount,55.83,review,2025-02-10 06:08:50
A0004399,T00010193,high_amount,67.51,review,2025-04-26 14:16:55
A0004400,T00002683,velocity,80.13,escalated,2025-11-13 18:24:00
A0004401,T00017361,risky_category,25.57,closed,2025-11-10 03:16:41
A0004402,T00021380,risky_category,88.49,escalated,2025-09-15 07:20:35
A0004403,T00014199,new_device,45.34,closed,2025-07-26 10:35:28
A0004404,T00001181,new_device,72.39,review,2025-06-22 01:12:23
A0004405,T00000869,high_amount,17.95,closed,2025-03-23 07:43:20
A0004406,T00021811,risky_category,25.54,closed,2025-11-01 18:19:13
A0004407,T00002473,new_device,27.91,closed,2025-06-04 05:15:56
A0004408,T00003387,blacklist_match,80.13,escalated,2025-03-10 00:04:42
A0004409,T00015655,cross_border,79.05,escalated,2025-12-22 22:47:21
A0004410,T00022572,cross_border,45.17,closed,2025-06-17 13:55:05
A0004411,T00013079,blacklist_match,67.44,review,2025-12-21 20:56:45
A0004412,T00019250,new_device,52.57,review,2025-07-01 13:19:23
A0004413,T00009555,cross_border,19.99,closed,2025-03-19 02:59:08
A0004414,T00023955,cross_border,64.83,review,2025-01-20 00:12:08
A0004415,T00015835,high_amount,26.61,closed,2025-11-14 12:34:51
A0004416,T00010921,blacklist_match,76.48,escalated,2025-03-12 22:08:33
A0004417,T00018971,new_device,48.46,closed,2025-02-08 19:42:46
A0004418,T00010262,high_amount,17.6,closed,2025-09-29 01:30:01
A0004419,T00015084,blacklist_match,35.59,closed,2025-01-19 20:41:43
A0004420,T00010411,cross_border,64.4,review,2025-01-09 21:01:04
A0004421,T00013560,risky_category,50.97,review,2025-11-21 03:41:15
A0004422,T00011817,risky_category,58.95,review,2025-09-26 06:24:39
A0004423,T00002345,velocity,11.83,closed,2025-01-19 21:15:56
A0004424,T00004730,velocity,56.33,review,2025-04-13 18:04:59
A0004425,T00012245,high_amount,86.84,escalated,2025-01-18 03:44:05
A0004426,T00013411,risky_category,29.97,closed,2025-05-09 00:22:43
A0004427,T00020059,risky_category,57.45,review,2025-03-19 15:57:13
A0004428,T00017218,cross_border,90.83,escalated,2025-12-30 11:06:46
A0004429,T00009001,velocity,36.52,closed,2025-06-27 11:27:47
A0004430,T00011692,new_device,56.85,review,2025-12-28 05:20:27
A0004431,T00023284,risky_category,35.89,closed,2025-04-28 06:32:26
A0004432,T00007797,velocity,11.08,closed,2025-01-15 07:19:46
A0004433,T00020476,new_device,55.48,review,2025-01-26 21:32:28
A0004434,T00017694,cross_border,51.65,review,2025-08-01 09:33:59
A0004435,T00016375,risky_category,52.07,review,2025-08-14 07:49:28
A0004436,T00012552,high_amount,57.8,review,2025-03-03 15:44:53
A0004437,T00020834,risky_category,45.1,closed,2025-04-08 16:28:16
A0004438,T00003297,risky_category,11.04,closed,2025-07-09 19:54:28
A0004439,T00000995,cross_border,55.78,review,2025-07-18 10:33:29
A0004440,T00023793,risky_category,41.12,closed,2025-04-13 11:27:04
A0004441,T00008281,cross_border,16.68,closed,2025-12-14 14:49:10
A0004442,T00020314,high_amount,70.48,review,2025-02-13 08:53:56
A0004443,T00006547,cross_border,66.38,review,2025-08-21 16:53:42
A0004444,T00024923,velocity,72.28,review,2025-02-07 07:26:51
A0004445,T00023696,risky_category,35.76,closed,2025-03-09 07:57:16
A0004446,T00021999,velocity,28.66,closed,2025-05-12 11:40:16
A0004447,T00001598,high_amount,45.35,closed,2025-09-27 11:52:10
A0004448,T00021618,velocity,65.62,review,2025-09-22 05:31:29
A0004449,T00008205,cross_border,69.31,review,2025-04-01 23:56:35
A0004450,T00022804,cross_border,57.54,review,2025-01-17 23:50:09
A0004451,T00016345,risky_category,68.34,review,2025-05-23 08:04:05
A0004452,T00013789,risky_category,59.53,review,2025-10-27 11:45:56
A0004453,T00003279,high_amount,74.51,review,2025-02-12 21:05:03
A0004454,T00013717,new_device,16.21,closed,2025-09-03 03:02:04
A0004455,T00011580,velocity,80.05,escalated,2025-08-07 11:58:03
A0004456,T00013679,risky_category,17.68,closed,2025-05-27 11:00:28
A0004457,T00017671,blacklist_match,88.79,escalated,2025-06-28 09:14:43
A0004458,T00011773,velocity,78.74,escalated,2025-03-15 01:06:16
A0004459,T00022587,risky_category,47.81,closed,2025-01-13 18:24:55
A0004460,T00013845,velocity,36.49,closed,2025-03-02 06:36:58
A0004461,T00009061,high_amount,87.01,escalated,2025-07-10 17:24:22
A0004462,T00009451,risky_category,23.52,closed,2025-05-25 16:20:33
A0004463,T00019948,cross_border,36.1,closed,2025-04-21 22:57:58
A0004464,T00010090,new_device,80.19,escalated,2025-08-06 07:26:00
A0004465,T00024483,high_amount,42.26,closed,2025-04-19 19:59:05
A0004466,T00001615,high_amount,32.48,closed,2025-05-27 23:47:46
A0004467,T00001470,risky_category,32.59,closed,2025-01-05 08:14:01
A0004468,T00014875,high_amount,62.45,review,2025-10-11 01:30:35
A0004469,T00020462,cross_border,36.38,closed,2025-09-27 01:01:12
A0004470,T00011329,risky_category,59.09,review,2025-09-26 05:06:10
A0004471,T00016232,cross_border,20.15,closed,2025-06-02 07:17:23
A0004472,T00000718,new_device,29.92,closed,2025-08-04 19:57:04
A0004473,T00023948,blacklist_match,66.71,review,2025-10-11 16:43:23
A0004474,T00018788,high_amount,41.59,closed,2025-06-04 04:13:01
A0004475,T00020393,new_device,65.59,review,2025-01-05 10:33:24
A0004476,T00021123,velocity,39.23,closed,2025-04-12 17:45:19
A0004477,T00005258,new_device,54.82,review,2025-08-09 10:35:10
A0004478,T00021647,blacklist_match,82.86,escalated,2025-07-02 00:09:01
A0004479,T00009710,velocity,20.11,closed,2025-08-06 15:28:01
A0004480,T00022658,high_amount,42.01,closed,2025-08-27 23:08:05
A0004481,T00021549,new_device,37.42,closed,2025-03-11 17:44:29
A0004482,T00019314,new_device,44.74,closed,2025-10-14 12:06:03
A0004483,T00004305,velocity,75.06,escalated,2025-09-19 13:52:56
A0004484,T00015304,cross_border,77.25,escalated,2025-07-28 11:53:24
A0004485,T00015634,risky_category,61.23,review,2025-01-16 22:22:55
A0004486,T00010348,velocity,32.64,closed,2025-08-14 20:55:58
A0004487,T00011759,new_device,43.59,closed,2025-07-11 11:57:07
A0004488,T00019848,high_amount,51.87,review,2025-05-25 16:56:58
A0004489,T00015747,high_amount,18.06,closed,2025-10-31 02:50:16
A0004490,T00009684,velocity,42.21,closed,2025-11-11 19:58:41
A0004491,T00009303,blacklist_match,34.5,closed,2025-07-14 16:45:14
A0004492,T00017158,high_amount,35.6,closed,2025-05-04 09:19:29
A0004493,T00010002,risky_category,67.54,review,2025-10-10 20:22:43
A0004494,T00013498,cross_border,53.8,review,2025-11-02 21:41:44
A0004495,T00009351,velocity,54.01,review,2025-08-30 14:25:35
A0004496,T00001621,risky_category,74.0,review,2025-12-26 03:32:25
A0004497,T00000903,velocity,77.8,escalated,2025-10-19 11:20:59
A0004498,T00022408,risky_category,69.92,review,2025-09-20 12:06:15
A0004499,T00021278,cross_border,70.61,review,2025-08-27 13:04:39
A0004500,T00006418,velocity,33.8,closed,2025-01-10 11:26:50
A0004501,T00016988,velocity,75.0,escalated,2025-08-26 10:39:36
A0004502,T00012506,risky_category,16.69,closed,2025-12-30 16:17:15
A0004503,T00016745,velocity,83.3,escalated,2025-09-14 21:33:05
A0004504,T00010123,new_device,90.58,escalated,2025-02-14 10:44:45
A0004505,T00002364,risky_category,73.86,review,2025-06-27 22:37:26
A0004506,T00022365,risky_category,69.46,review,2025-02-08 10:17:14
A0004507,T00011173,velocity,55.66,review,2025-06-08 12:46:34
A0004508,T00014948,new_device,58.89,review,2025-06-30 12:24:27
A0004509,T00004509,velocity,81.45,escalated,2025-10-09 13:34:22
A0004510,T00004741,blacklist_match,43.41,closed,2025-05-01 03:31:57
A0004511,T00015164,new_device,33.78,closed,2025-03-20 11:48:17
A0004512,T00006000,high_amount,59.11,review,2025-08-27 13:24:08
A0004513,T00015169,risky_category,36.01,closed,2025-08-21 09:09:15
A0004514,T00021269,high_amount,68.75,review,2025-11-03 14:16:33
A0004515,T00024846,velocity,92.47,escalated,2025-11-22 04:13:01
A0004516,T00022304,risky_category,7.07,closed,2025-07-27 02:22:46
A0004517,T00010131,high_amount,84.98,escalated,2025-09-24 16:02:39
A0004518,T00011926,velocity,40.88,closed,2025-08-27 14:12:31
A0004519,T00014269,risky_category,67.17,review,2025-09-28 02:00:14
A0004520,T00019828,cross_border,69.62,review,2025-03-21 17:04:20
A0004521,T00007766,high_amount,86.33,escalated,2025-05-21 09:10:41
A0004522,T00001735,risky_category,67.68,review,2025-10-31 09:14:57
A0004523,T00007167,high_amount,75.1,escalated,2025-11-30 15:16:24
A0004524,T00023980,cross_border,8.28,closed,2025-12-17 11:30:15
A0004525,T00005003,blacklist_match,23.21,closed,2025-07-07 08:19:40
A0004526,T00017917,new_device,80.94,escalated,2025-06-10 22:15:59
A0004527,T00022680,risky_category,73.17,review,2025-05-17 19:46:39
A0004528,T00011327,new_device,53.57,review,2025-07-03 17:35:51
A0004529,T00010351,high_amount,13.89,closed,2025-01-31 10:18:13
A0004530,T00014828,velocity,67.6,review,2025-08-23 12:22:26
A0004531,T00017470,blacklist_match,96.55,escalated,2025-05-23 12:38:58
A0004532,T00011876,risky_category,57.81,review,2025-04-20 19:15:51
A0004533,T00014001,velocity,86.81,escalated,2025-03-09 19:44:27
A0004534,T00016756,risky_category,51.56,review,2025-09-20 00:24:16
A0004535,T00003548,new_device,64.56,review,2025-07-17 07:49:07
A0004536,T00011765,velocity,33.62,closed,2025-10-20 10:30:21
A0004537,T00001482,velocity,32.24,closed,2025-04-19 04:41:16
A0004538,T00006711,high_amount,83.73,escalated,2025-12-03 10:16:33
A0004539,T00007060,blacklist_match,63.64,review,2025-11-26 13:06:26
A0004540,T00021409,high_amount,47.24,closed,2025-08-19 23:45:42
A0004541,T00012796,high_amount,48.38,closed,2025-09-10 22:44:41
A0004542,T00021465,risky_category,41.39,closed,2025-10-12 09:22:00
A0004543,T00012779,new_device,54.81,review,2025-02-28 16:34:47
A0004544,T00016759,risky_category,38.48,closed,2025-06-24 14:01:26
A0004545,T00014317,new_device,67.38,review,2025-12-07 07:34:24
A0004546,T00005210,velocity,66.88,review,2025-06-15 03:10:37
A0004547,T00021685,high_amount,72.86,review,2025-12-02 05:15:02
A0004548,T00023516,cross_border,90.95,escalated,2025-02-26 21:18:17
A0004549,T00014430,new_device,37.42,closed,2025-09-26 06:52:21
A0004550,T00012718,cross_border,29.26,closed,2025-11-12 13:13:50
A0004551,T00019173,velocity,46.56,closed,2025-10-31 07:17:58
A0004552,T00022769,risky_category,62.08,review,2025-10-20 23:05:23
A0004553,T00007583,velocity,90.53,escalated,2025-02-14 00:39:21
A0004554,T00010373,high_amount,49.1,closed,2025-03-08 05:05:40
A0004555,T00001921,risky_category,74.31,review,2025-08-18 02:20:09
A0004556,T00002685,risky_category,34.88,closed,2025-09-05 06:02:54
A0004557,T00023865,velocity,39.98,closed,2025-02-08 02:43:08
A0004558,T00022514,cross_border,48.52,closed,2025-03-22 09:44:54
A0004559,T00004749,velocity,14.68,closed,2025-12-14 21:42:41
A0004560,T00000824,high_amount,68.99,review,2025-03-05 03:04:29
A0004561,T00020365,new_device,48.04,closed,2025-04-25 16:05:34
A0004562,T00008386,velocity,43.8,closed,2025-03-09 04:49:11
A0004563,T00006140,velocity,28.58,closed,2025-08-11 01:46:09
A0004564,T00021695,velocity,78.25,escalated,2025-08-24 04:33:28
A0004565,T00010488,risky_category,37.23,closed,2025-05-29 18:31:24
A0004566,T00014648,velocity,85.05,escalated,2025-04-10 10:03:43
A0004567,T00004660,new_device,91.31,escalated,2025-01-01 22:32:24
A0004568,T00000876,blacklist_match,60.7,review,2025-02-25 12:00:02
A0004569,T00019230,risky_category,18.13,closed,2025-01-25 12:15:59
A0004570,T00019421,velocity,32.49,closed,2025-04-18 21:17:10
A0004571,T00010800,high_amount,49.74,closed,2025-08-11 21:23:05
A0004572,T00013415,new_device,92.19,escalated,2025-08-17 05:12:35
A0004573,T00005389,cross_border,90.07,escalated,2025-05-09 20:12:49
A0004574,T00016613,cross_border,34.11,closed,2025-04-16 00:40:08
A0004575,T00010163,cross_border,14.25,closed,2025-01-29 05:12:41
A0004576,T00007481,high_amount,72.05,review,2025-11-14 18:55:35
A0004577,T00012396,risky_category,53.75,review,2025-05-21 12:37:40
A0004578,T00018837,high_amount,42.94,closed,2025-10-11 19:37:37
A0004579,T00023166,high_amount,100.0,escalated,2025-12-22 08:10:43
A0004580,T00020124,high_amount,68.1,review,2025-09-05 13:14:09
A0004581,T00014659,blacklist_match,64.12,review,2025-02-23 11:58:50
A0004582,T00002143,velocity,56.1,review,2025-02-02 15:56:01
A0004583,T00021849,new_device,65.25,review,2025-06-05 15:26:13
A0004584,T00012540,new_device,79.72,escalated,2025-02-20 21:26:13
A0004585,T00007970,high_amount,87.53,escalated,2025-09-25 08:44:02
A0004586,T00024708,new_device,57.96,review,2025-10-11 14:12:00
A0004587,T00003515,high_amount,83.17,escalated,2025-10-09 04:02:26
A0004588,T00015614,velocity,23.0,closed,2025-01-12 15:09:47
A0004589,T00012329,risky_category,23.38,closed,2025-02-16 03:33:45
A0004590,T00014062,new_device,32.55,closed,2025-05-28 19:55:02
A0004591,T00018725,new_device,48.97,closed,2025-09-02 19:33:53
A0004592,T00014539,blacklist_match,41.95,closed,2025-12-02 16:08:41
A0004593,T00009701,velocity,80.71,escalated,2025-03-30 14:49:55
A0004594,T00005918,risky_category,65.65,review,2025-05-26 22:42:29
A0004595,T00003772,new_device,4.85,closed,2025-11-09 16:26:27
A0004596,T00016913,new_device,71.54,review,2025-08-19 11:16:26
A0004597,T00006437,new_device,28.01,closed,2025-02-21 08:57:23
A0004598,T00008190,new_device,75.71,escalated,2025-12-29 16:35:24
A0004599,T00000112,risky_category,37.59,closed,2025-09-16 23:07:57
A0004600,T00016227,cross_border,72.06,review,2025-03-20 07:13:01
A0004601,T00013929,velocity,38.04,closed,2025-11-22 08:19:58
A0004602,T00015177,cross_border,66.56,review,2025-02-07 08:54:41
A0004603,T00022221,velocity,31.62,closed,2025-11-25 12:43:57
A0004604,T00020128,velocity,55.63,review,2025-07-17 12:05:20
A0004605,T00017827,new_device,43.62,closed,2025-06-02 23:34:36
A0004606,T00022877,velocity,94.06,escalated,2025-07-30 00:43:42
A0004607,T00023443,velocity,66.89,review,2025-02-07 17:15:17
A0004608,T00004076,new_device,35.0,closed,2025-08-30 11:34:12
A0004609,T00023514,velocity,43.92,closed,2025-07-25 04:33:16
A0004610,T00024883,new_device,44.36,closed,2025-07-10 18:59:48
A0004611,T00003589,high_amount,61.31,review,2025-05-25 12:24:50
A0004612,T00003850,new_device,36.28,closed,2025-10-29 04:58:05
A0004613,T00017841,risky_category,65.11,review,2025-08-28 02:06:57
A0004614,T00006779,new_device,9.28,closed,2025-09-20 01:03:40
A0004615,T00006906,velocity,41.12,closed,2025-07-09 20:35:11
A0004616,T00012236,velocity,54.69,review,2025-03-18 06:33:33
A0004617,T00008164,velocity,30.05,closed,2025-07-29 19:19:00
A0004618,T00021160,risky_category,69.08,review,2025-05-08 13:28:27
A0004619,T00004134,new_device,51.61,review,2025-10-07 07:03:03
A0004620,T00021888,cross_border,76.16,escalated,2025-03-08 00:05:23
A0004621,T00018175,velocity,39.01,closed,2025-06-24 22:45:39
A0004622,T00010922,velocity,47.23,closed,2025-10-08 17:19:54
A0004623,T00007928,velocity,60.01,review,2025-07-02 11:33:33
A0004624,T00016012,new_device,64.62,review,2025-05-13 03:34:45
A0004625,T00018496,risky_category,54.77,review,2025-01-23 22:22:16
A0004626,T00017768,cross_border,39.35,closed,2025-02-28 17:47:52
A0004627,T00018240,velocity,79.17,escalated,2025-06-08 19:25:16
A0004628,T00006857,new_device,37.97,closed,2025-05-31 02:20:20
A0004629,T00001796,high_amount,66.48,review,2025-04-04 09:02:04
A0004630,T00014818,risky_category,45.29,closed,2025-03-27 00:54:11
A0004631,T00017520,risky_category,54.57,review,2025-06-19 16:53:09
A0004632,T00006546,new_device,36.36,closed,2025-11-09 17:11:05
A0004633,T00010948,cross_border,34.4,closed,2025-03-07 02:47:52
A0004634,T00023109,risky_category,44.35,closed,2025-11-27 05:39:34
A0004635,T00019679,blacklist_match,4.9,closed,2025-01-01 11:20:41
A0004636,T00017950,velocity,20.12,closed,2025-01-16 09:08:54
A0004637,T00003497,cross_border,85.85,escalated,2025-12-01 15:52:56
A0004638,T00000753,cross_border,58.41,review,2025-03-10 18:37:56
A0004639,T00000526,cross_border,60.6,review,2025-06-09 17:38:20
A0004640,T00003462,cross_border,51.88,review,2025-06-17 18:47:24
A0004641,T00015951,velocity,13.98,closed,2025-11-07 03:21:27
A0004642,T00024192,blacklist_match,60.51,review,2025-08-17 22:46:42
A0004643,T00012675,velocity,70.48,review,2025-12-26 21:58:03
A0004644,T00023357,high_amount,70.71,review,2025-05-01 11:42:52
A0004645,T00005225,high_amount,22.71,closed,2025-02-25 12:51:10
A0004646,T00002221,high_amount,75.71,escalated,2025-09-26 00:39:02
A0004647,T00020125,velocity,83.01,escalated,2025-08-11 09:45:22
A0004648,T00011709,cross_border,51.35,review,2025-04-03 02:56:17
A0004649,T00006543,new_device,17.39,closed,2025-03-29 12:21:10
A0004650,T00009421,high_amount,53.48,review,2025-11-02 18:27:15
A0004651,T00011976,high_amount,96.48,escalated,2025-10-23 21:27:56
A0004652,T00024209,velocity,64.46,review,2025-08-29 18:37:45
A0004653,T00010559,risky_category,63.76,review,2025-02-24 00:14:24
A0004654,T00015179,risky_category,48.76,closed,2025-09-09 23:41:28
A0004655,T00022254,velocity,62.52,review,2025-06-24 20:40:29
A0004656,T00010916,new_device,47.0,closed,2025-05-10 19:51:39
A0004657,T00019228,new_device,74.59,review,2025-06-23 06:52:23
A0004658,T00014131,new_device,66.34,review,2025-06-04 06:40:38
A0004659,T00023326,new_device,74.32,review,2025-11-08 08:21:44
A0004660,T00009476,high_amount,27.25,closed,2025-06-27 07:34:10
A0004661,T00016285,cross_border,28.62,closed,2025-06-07 01:44:42
A0004662,T00018563,risky_category,25.72,closed,2025-11-20 02:44:45
A0004663,T00015635,velocity,56.09,review,2025-12-24 16:13:04
A0004664,T00021504,new_device,93.2,escalated,2025-01-07 02:43:23
A0004665,T00000149,high_amount,48.09,closed,2025-03-13 10:45:03
A0004666,T00022834,cross_border,63.21,review,2025-06-29 08:31:52
A0004667,T00009013,new_device,96.71,escalated,2025-08-14 02:10:54
A0004668,T00017918,velocity,39.77,closed,2025-10-19 19:34:26
A0004669,T00016026,risky_category,47.55,closed,2025-05-12 02:07:52
A0004670,T00016334,risky_category,68.56,review,2025-08-24 20:58:22
A0004671,T00006555,velocity,39.67,closed,2025-04-22 08:07:23
A0004672,T00020047,blacklist_match,47.07,closed,2025-01-16 08:06:21
A0004673,T00008709,blacklist_match,100.0,escalated,2025-05-02 15:05:03
A0004674,T00006885,new_device,55.73,review,2025-05-23 15:25:29
A0004675,T00009257,cross_border,62.79,review,2025-10-25 07:52:23
A0004676,T00021463,high_amount,38.26,closed,2025-02-21 12:44:59
A0004677,T00014920,velocity,41.27,closed,2025-02-14 11:28:37
A0004678,T00008007,high_amount,58.61,review,2025-09-28 20:17:41
A0004679,T00020788,risky_category,64.17,review,2025-04-30 10:27:55
A0004680,T00024624,new_device,19.81,closed,2025-08-03 15:52:17
A0004681,T00023874,new_device,69.33,review,2025-09-27 17:32:19
A0004682,T00000086,risky_category,31.87,closed,2025-05-28 02:51:38
A0004683,T00021498,risky_category,19.23,closed,2025-12-17 17:25:43
A0004684,T00006074,blacklist_match,41.64,closed,2025-07-30 04:30:41
A0004685,T00008524,new_device,64.41,review,2025-08-16 00:18:21
A0004686,T00014053,new_device,44.38,closed,2025-01-14 11:15:00
A0004687,T00017596,velocity,47.75,closed,2025-10-27 07:50:52
A0004688,T00014019,blacklist_match,54.12,review,2025-03-07 18:10:47
A0004689,T00019658,velocity,23.54,closed,2025-11-23 11:49:28
A0004690,T00023928,new_device,45.93,closed,2025-06-26 10:45:01
A0004691,T00019879,risky_category,77.77,escalated,2025-06-30 06:59:31
A0004692,T00008869,velocity,49.93,closed,2025-06-24 02:55:54
A0004693,T00017797,velocity,15.19,closed,2025-05-02 17:11:03
A0004694,T00021118,cross_border,47.11,closed,2025-09-13 16:08:47
A0004695,T00010368,cross_border,69.91,review,2025-11-30 03:40:36
A0004696,T00003294,velocity,45.08,closed,2025-05-12 04:13:55
A0004697,T00009539,cross_border,45.83,closed,2025-09-17 07:13:00
A0004698,T00008543,new_device,63.43,review,2025-12-10 13:01:07
A0004699,T00000143,risky_category,55.05,review,2025-08-04 15:30:42
A0004700,T00022826,cross_border,87.64,escalated,2025-12-21 11:30:30
A0004701,T00017348,high_amount,54.99,review,2025-02-26 21:31:43
A0004702,T00018506,high_amount,37.75,closed,2025-08-12 22:54:32
A0004703,T00015509,cross_border,44.68,closed,2025-02-09 01:11:12
A0004704,T00015319,new_device,88.07,escalated,2025-12-25 16:58:01
A0004705,T00004168,new_device,40.84,closed,2025-02-13 00:20:11
A0004706,T00009702,high_amount,44.47,closed,2025-09-28 06:21:21
A0004707,T00011290,risky_category,41.55,closed,2025-03-15 10:45:54
A0004708,T00014009,new_device,78.47,escalated,2025-12-09 04:04:19
A0004709,T00010936,risky_category,62.85,review,2025-04-17 14:00:43
A0004710,T00012707,high_amount,70.79,review,2025-09-12 19:27:08
A0004711,T00002144,risky_category,12.19,closed,2025-04-23 17:12:33
A0004712,T00001444,new_device,46.14,closed,2025-03-12 13:40:17
A0004713,T00003749,velocity,78.73,escalated,2025-07-26 07:12:32
A0004714,T00019015,cross_border,97.03,escalated,2025-05-21 17:04:05
A0004715,T00019067,cross_border,42.16,closed,2025-12-27 01:10:23
A0004716,T00006466,high_amount,27.56,closed,2025-04-04 11:48:26
A0004717,T00018687,risky_category,67.41,review,2025-05-10 07:52:56
A0004718,T00023233,velocity,12.39,closed,2025-09-15 06:12:34
A0004719,T00017925,new_device,41.38,closed,2025-03-09 17:43:30
A0004720,T00008102,cross_border,92.06,escalated,2025-04-09 10:52:44
A0004721,T00016002,velocity,71.54,review,2025-01-03 17:56:56
A0004722,T00020786,new_device,40.84,closed,2025-07-05 06:11:29
A0004723,T00009080,blacklist_match,71.72,review,2025-01-17 14:55:09
A0004724,T00017565,cross_border,73.02,review,2025-05-21 04:10:13
A0004725,T00001106,risky_category,46.31,closed,2025-11-05 07:39:58
A0004726,T00018201,risky_category,24.76,closed,2025-08-30 23:47:57
A0004727,T00008152,high_amount,36.05,closed,2025-04-23 12:14:25
A0004728,T00014597,high_amount,37.83,closed,2025-12-27 04:24:28
A0004729,T00018777,velocity,90.93,escalated,2025-05-28 00:42:56
A0004730,T00024550,velocity,48.88,closed,2025-01-21 23:18:21
A0004731,T00006661,new_device,27.96,closed,2025-02-09 06:30:01
A0004732,T00004601,velocity,64.65,review,2025-09-11 07:52:02
A0004733,T00002860,risky_category,84.01,escalated,2025-06-03 15:50:32
A0004734,T00008781,risky_category,93.4,escalated,2025-11-11 11:57:25
A0004735,T00022358,risky_category,36.34,closed,2025-08-06 21:07:43
A0004736,T00022158,new_device,30.78,closed,2025-05-06 11:05:49
A0004737,T00002119,blacklist_match,72.93,review,2025-12-28 07:12:01
A0004738,T00024790,risky_category,71.41,review,2025-11-23 11:17:28
A0004739,T00010650,risky_category,46.12,closed,2025-09-17 00:22:21
A0004740,T00007549,high_amount,25.68,closed,2025-05-02 23:00:04
A0004741,T00000181,risky_category,44.35,closed,2025-12-18 00:14:58
A0004742,T00011602,high_amount,23.16,closed,2025-09-03 16:15:04
A0004743,T00019435,high_amount,75.6,escalated,2025-11-15 02:17:44
A0004744,T00007309,risky_category,35.0,closed,2025-08-06 05:22:08
A0004745,T00017740,high_amount,9.65,closed,2025-09-24 11:04:43
A0004746,T00019482,cross_border,100.0,escalated,2025-10-25 15:53:32
A0004747,T00003771,high_amount,75.02,escalated,2025-09-23 23:57:36
A0004748,T00010929,high_amount,55.17,review,2025-05-20 20:57:51
A0004749,T00000641,velocity,29.16,closed,2025-08-09 23:02:54
A0004750,T00021885,cross_border,38.65,closed,2025-07-19 08:38:35
A0004751,T00020738,risky_category,11.05,closed,2025-10-14 01:16:26
A0004752,T00008232,new_device,58.77,review,2025-04-04 13:22:38
A0004753,T00003447,cross_border,68.95,review,2025-10-14 03:44:59
A0004754,T00007851,velocity,89.17,escalated,2025-03-06 22:20:44
A0004755,T00017678,risky_category,33.68,closed,2025-09-07 16:18:03
A0004756,T00000837,cross_border,23.99,closed,2025-12-28 09:28:55
A0004757,T00012592,velocity,77.59,escalated,2025-03-03 14:44:30
A0004758,T00017286,cross_border,57.44,review,2025-12-08 12:18:20
A0004759,T00020011,risky_category,45.67,closed,2025-11-01 02:15:12
A0004760,T00017703,risky_category,80.36,escalated,2025-10-20 14:46:03
A0004761,T00000811,high_amount,6.28,closed,2025-01-30 09:20:16
A0004762,T00004569,velocity,44.28,closed,2025-03-29 15:56:57
A0004763,T00005530,new_device,62.99,review,2025-08-24 16:11:45
A0004764,T00006117,blacklist_match,17.43,closed,2025-04-12 10:39:41
A0004765,T00002789,cross_border,51.59,review,2025-03-02 03:13:33
A0004766,T00005548,new_device,73.28,review,2025-10-25 15:44:25
A0004767,T00020539,velocity,77.32,escalated,2025-06-18 13:04:41
A0004768,T00004136,new_device,72.9,review,2025-03-30 07:08:22
A0004769,T00018313,blacklist_match,72.86,review,2025-02-08 17:16:29
A0004770,T00018640,cross_border,53.44,review,2025-01-25 17:04:14
A0004771,T00020510,risky_category,23.05,closed,2025-10-09 10:27:03
A0004772,T00007800,new_device,71.12,review,2025-08-14 07:49:26
A0004773,T00002580,high_amount,76.83,escalated,2025-07-17 11:37:44
A0004774,T00010222,risky_category,38.64,closed,2025-10-30 01:37:11
A0004775,T00018088,blacklist_match,51.5,review,2025-09-03 18:24:40
A0004776,T00008759,high_amount,97.32,escalated,2025-12-14 19:31:26
A0004777,T00024691,new_device,54.86,review,2025-07-27 17:32:46
A0004778,T00010239,high_amount,65.19,review,2025-05-07 16:58:27
A0004779,T00014883,high_amount,52.0,review,2025-04-06 18:01:30
A0004780,T00010761,new_device,72.22,review,2025-04-12 16:35:13
A0004781,T00016518,new_device,70.07,review,2025-09-24 15:33:42
A0004782,T00014656,risky_category,100.0,escalated,2025-03-28 05:16:05
A0004783,T00006650,new_device,89.3,escalated,2025-03-15 06:05:19
A0004784,T00002161,risky_category,86.1,escalated,2025-12-26 11:03:49
A0004785,T00020036,new_device,72.83,review,2025-10-03 05:31:01
A0004786,T00016443,new_device,27.44,closed,2025-01-21 14:56:26
A0004787,T00004922,risky_category,61.29,review,2025-07-20 18:10:45
A0004788,T00010743,new_device,51.26,review,2025-11-07 01:25:53
A0004789,T00002953,high_amount,50.64,review,2025-08-12 18:57:44
A0004790,T00016833,cross_border,42.73,closed,2025-11-01 12:47:28
A0004791,T00009836,risky_category,54.3,review,2025-06-13 17:08:37
A0004792,T00001226,blacklist_match,22.76,closed,2025-06-30 05:34:01
A0004793,T00017993,risky_category,56.34,review,2025-02-08 02:19:00
A0004794,T00017248,risky_category,82.83,escalated,2025-02-22 12:01:13
A0004795,T00013283,risky_category,15.28,closed,2025-01-24 01:05:31
A0004796,T00018136,risky_category,76.84,escalated,2025-12-15 20:26:00
A0004797,T00022654,velocity,67.71,review,2025-10-05 00:20:10
A0004798,T00021147,high_amount,89.85,escalated,2025-01-14 12:37:23
A0004799,T00002406,velocity,88.88,escalated,2025-09-04 04:55:34
A0004800,T00020596,cross_border,69.67,review,2025-05-04 05:52:28
A0004801,T00003403,high_amount,51.9,review,2025-02-07 18:25:55
A0004802,T00017851,risky_category,34.41,closed,2025-10-16 14:19:55
A0004803,T00005420,high_amount,64.73,review,2025-11-19 00:25:03
A0004804,T00018291,cross_border,51.77,review,2025-09-13 17:21:08
A0004805,T00002419,velocity,100.0,escalated,2025-06-17 15:36:42
A0004806,T00006199,cross_border,79.47,escalated,2025-01-18 01:38:55
A0004807,T00020933,cross_border,94.78,escalated,2025-01-31 10:48:45
A0004808,T00015094,risky_category,55.16,review,2025-07-10 12:40:27
A0004809,T00010259,high_amount,36.85,closed,2025-09-13 01:21:40
A0004810,T00009202,risky_category,39.46,closed,2025-11-24 20:25:26
A0004811,T00007782,velocity,37.58,closed,2025-11-23 21:54:26
A0004812,T00019034,new_device,37.11,closed,2025-08-07 04:19:57
A0004813,T00023764,velocity,39.09,closed,2025-04-14 15:13:59
A0004814,T00005370,high_amount,28.79,closed,2025-06-26 20:13:52
A0004815,T00000105,cross_border,78.58,escalated,2025-11-30 19:50:44
A0004816,T00024157,blacklist_match,75.72,escalated,2025-03-19 21:51:29
A0004817,T00011815,velocity,51.6,review,2025-01-06 20:19:27
A0004818,T00013346,cross_border,75.14,escalated,2025-04-12 10:09:48
A0004819,T00020000,high_amount,29.67,closed,2025-03-23 09:11:05
A0004820,T00015909,high_amount,40.56,closed,2025-02-24 19:28:34
A0004821,T00003250,high_amount,40.5,closed,2025-05-22 20:53:36
A0004822,T00000232,velocity,87.81,escalated,2025-02-06 16:09:40
A0004823,T00006652,risky_category,45.03,closed,2025-09-11 12:02:14
A0004824,T00013267,risky_category,77.91,escalated,2025-11-08 19:11:37
A0004825,T00015486,cross_border,30.97,closed,2025-05-05 18:28:34
A0004826,T00007402,velocity,63.75,review,2025-11-06 10:03:05
A0004827,T00007997,high_amount,100.0,escalated,2025-07-22 12:18:04
A0004828,T00010027,risky_category,57.27,review,2025-07-01 11:14:05
A0004829,T00019831,cross_border,93.67,escalated,2025-09-22 07:51:04
A0004830,T00017113,cross_border,33.35,closed,2025-06-07 16:42:48
A0004831,T00016726,risky_category,85.49,escalated,2025-10-19 05:27:15
A0004832,T00004950,risky_category,83.35,escalated,2025-03-22 04:55:40
A0004833,T00010197,high_amount,68.08,review,2025-09-11 16:31:56
A0004834,T00004106,risky_category,47.47,closed,2025-02-15 03:21:53
A0004835,T00024806,velocity,17.32,closed,2025-06-27 17:05:21
A0004836,T00004924,cross_border,75.41,escalated,2025-05-17 03:06:18
A0004837,T00014909,cross_border,72.23,review,2025-09-04 08:59:59
A0004838,T00019901,velocity,71.27,review,2025-09-25 17:13:09
A0004839,T00022625,high_amount,68.59,review,2025-07-09 08:20:41
A0004840,T00018436,high_amount,49.55,closed,2025-06-15 06:34:45
A0004841,T00008360,cross_border,54.08,review,2025-11-08 01:26:30
A0004842,T00017464,high_amount,18.54,closed,2025-02-08 07:47:50
A0004843,T00013889,high_amount,57.0,review,2025-07-05 06:59:01
A0004844,T00018495,cross_border,60.03,review,2025-08-01 15:39:35
A0004845,T00019308,velocity,42.06,closed,2025-06-14 06:22:07
A0004846,T00012963,new_device,62.08,review,2025-04-15 03:47:48
A0004847,T00007893,cross_border,43.98,closed,2025-04-29 01:47:42
A0004848,T00016886,risky_category,43.24,closed,2025-01-18 09:56:17
A0004849,T00000162,cross_border,21.77,closed,2025-10-31 20:22:36
A0004850,T00012824,high_amount,48.7,closed,2025-03-16 12:25:47
A0004851,T00006150,velocity,96.35,escalated,2025-12-24 22:56:39
A0004852,T00000698,risky_category,69.21,review,2025-12-21 16:22:51
A0004853,T00023691,high_amount,80.85,escalated,2025-08-22 20:14:23
A0004854,T00015042,cross_border,79.65,escalated,2025-09-07 18:12:26
A0004855,T00024143,high_amount,71.03,review,2025-10-06 04:46:21
A0004856,T00016721,velocity,15.62,closed,2025-08-05 09:00:17
A0004857,T00024094,risky_category,60.55,review,2025-02-24 12:30:05
A0004858,T00016630,velocity,63.27,review,2025-08-13 21:12:03
A0004859,T00019409,risky_category,47.36,closed,2025-08-05 21:24:18
A0004860,T00008478,velocity,53.94,review,2025-09-20 14:56:11
A0004861,T00002757,risky_category,87.39,escalated,2025-07-15 20:41:08
A0004862,T00013939,blacklist_match,60.9,review,2025-10-24 07:07:40
A0004863,T00010818,risky_category,43.21,closed,2025-07-02 19:30:50
A0004864,T00011165,high_amount,30.79,closed,2025-08-08 00:46:46
A0004865,T00001763,high_amount,44.09,closed,2025-10-30 07:20:39
A0004866,T00011300,high_amount,75.36,escalated,2025-09-15 01:53:38
A0004867,T00008905,risky_category,28.02,closed,2025-11-16 05:02:09
A0004868,T00015695,new_device,48.56,closed,2025-09-08 16:32:43
A0004869,T00011700,risky_category,61.16,review,2025-02-11 16:56:07
A0004870,T00020008,new_device,31.61,closed,2025-02-12 03:37:02
A0004871,T00020599,new_device,45.04,closed,2025-03-18 21:15:24
A0004872,T00001542,cross_border,17.56,closed,2025-06-07 13:29:08
A0004873,T00024627,blacklist_match,8.39,closed,2025-06-29 06:44:34
A0004874,T00020896,new_device,97.35,escalated,2025-08-01 04:40:54
A0004875,T00009634,blacklist_match,45.56,closed,2025-07-11 20:54:17
A0004876,T00007049,cross_border,51.13,review,2025-03-23 14:55:14
A0004877,T00011275,blacklist_match,12.82,closed,2025-10-28 23:05:19
A0004878,T00013537,new_device,79.02,escalated,2025-10-01 10:11:14
A0004879,T00012148,velocity,82.99,escalated,2025-01-06 08:26:31
A0004880,T00024238,risky_category,72.77,review,2025-10-28 10:10:00
A0004881,T00019049,high_amount,18.05,closed,2025-07-10 20:11:30
A0004882,T00001981,risky_category,63.55,review,2025-06-26 07:19:47
A0004883,T00002486,new_device,15.95,closed,2025-08-02 00:35:17
A0004884,T00020362,risky_category,71.63,review,2025-01-29 23:29:25
A0004885,T00014946,new_device,65.09,review,2025-09-28 07:46:55
A0004886,T00005988,new_device,64.68,review,2025-07-08 23:31:42
A0004887,T00015276,cross_border,58.51,review,2025-06-26 02:06:39
A0004888,T00024588,cross_border,73.35,review,2025-12-20 07:04:28
A0004889,T00006918,blacklist_match,66.94,review,2025-05-09 02:33:19
A0004890,T00012338,new_device,69.74,review,2025-04-29 18:34:34
A0004891,T00009188,velocity,43.81,closed,2025-08-16 17:17:24
A0004892,T00019601,velocity,89.86,escalated,2025-07-16 19:18:27
A0004893,T00014084,cross_border,39.63,closed,2025-12-28 20:15:04
A0004894,T00019316,high_amount,71.66,review,2025-05-29 21:36:49
A0004895,T00006116,velocity,44.22,closed,2025-08-06 08:12:25
A0004896,T00002306,risky_category,14.99,closed,2025-07-30 19:49:55
A0004897,T00011593,risky_category,83.0,escalated,2025-07-23 13:40:19
A0004898,T00019863,risky_category,77.61,escalated,2025-12-08 18:54:30
A0004899,T00018167,high_amount,65.9,review,2025-01-01 21:47:39
A0004900,T00000253,new_device,93.85,escalated,2025-03-02 18:33:43
A0004901,T00019606,velocity,37.44,closed,2025-09-15 15:17:51
A0004902,T00009048,new_device,25.89,closed,2025-04-14 17:08:04
A0004903,T00017233,high_amount,13.23,closed,2025-09-11 16:34:15
A0004904,T00022800,risky_category,53.24,review,2025-06-17 13:52:53
A0004905,T00020369,risky_category,64.71,review,2025-05-01 18:30:45
A0004906,T00006673,velocity,72.21,review,2025-06-07 18:44:44
A0004907,T00003122,new_device,66.14,review,2025-01-10 09:40:34
A0004908,T00000298,cross_border,74.22,review,2025-10-27 05:13:18
A0004909,T00020538,blacklist_match,48.01,closed,2025-06-02 22:57:02
A0004910,T00011350,risky_category,69.12,review,2025-08-01 22:38:29
A0004911,T00019683,new_device,24.34,closed,2025-06-14 17:14:17
A0004912,T00009672,velocity,22.99,closed,2025-10-07 16:24:30
A0004913,T00013226,velocity,100.0,escalated,2025-03-03 19:32:48
A0004914,T00022955,blacklist_match,70.43,review,2025-01-18 20:26:20
A0004915,T00017561,high_amount,15.77,closed,2025-07-06 02:28:21
A0004916,T00019265,risky_category,25.85,closed,2025-02-24 02:33:35
A0004917,T00012674,new_device,76.29,escalated,2025-06-04 16:36:36
A0004918,T00017818,velocity,53.63,review,2025-09-29 02:02:54
A0004919,T00002456,risky_category,40.13,closed,2025-03-16 09:13:02
A0004920,T00003655,velocity,37.67,closed,2025-09-20 06:00:23
A0004921,T00020115,risky_category,30.31,closed,2025-09-14 18:00:33
A0004922,T00004466,new_device,50.85,review,2025-01-18 18:51:00
A0004923,T00001443,new_device,53.97,review,2025-10-30 23:45:47
A0004924,T00006104,risky_category,53.79,review,2025-03-24 02:41:18
A0004925,T00017948,cross_border,63.75,review,2025-03-04 00:25:02
A0004926,T00021701,cross_border,36.5,closed,2025-01-18 10:21:50
A0004927,T00021909,risky_category,85.15,escalated,2025-07-15 23:51:08
A0004928,T00008885,cross_border,47.66,closed,2025-01-31 02:39:34
A0004929,T00011146,cross_border,66.14,review,2025-12-23 07:12:58
A0004930,T00011435,cross_border,61.43,review,2025-07-03 11:26:12
A0004931,T00015632,cross_border,17.15,closed,2025-09-02 19:01:53
A0004932,T00017407,risky_category,94.7,escalated,2025-10-15 09:58:05
A0004933,T00006967,cross_border,62.55,review,2025-01-27 03:31:52
A0004934,T00008654,new_device,34.76,closed,2025-08-11 20:02:28
A0004935,T00011074,cross_border,73.11,review,2025-06-11 08:11:00
A0004936,T00016798,high_amount,88.42,escalated,2025-07-09 20:02:05
A0004937,T00019567,cross_border,58.38,review,2025-09-18 22:25:00
A0004938,T00020158,velocity,16.62,closed,2025-04-22 00:46:38
A0004939,T00010190,velocity,83.31,escalated,2025-11-21 01:16:28
A0004940,T00015242,velocity,19.45,closed,2025-10-07 12:55:09
A0004941,T00016504,risky_category,53.13,review,2025-03-11 01:30:05
A0004942,T00005231,velocity,80.57,escalated,2025-03-04 16:14:48
A0004943,T00017436,risky_category,60.58,review,2025-01-16 02:49:55
A0004944,T00008895,velocity,64.61,review,2025-01-10 13:10:00
A0004945,T00010666,velocity,71.92,review,2025-12-15 22:41:41
A0004946,T00008441,high_amount,31.66,closed,2025-11-10 17:46:56
A0004947,T00011463,velocity,54.75,review,2025-10-23 11:15:08
A0004948,T00020695,high_amount,64.98,review,2025-07-09 18:41:49
A0004949,T00008000,velocity,66.67,review,2025-09-03 11:39:13
A0004950,T00018385,velocity,53.02,review,2025-12-13 11:28:48
A0004951,T00006444,new_device,65.88,review,2025-09-20 17:48:21
A0004952,T00012964,risky_category,32.14,closed,2025-12-10 04:39:21
A0004953,T00018280,new_device,3.66,closed,2025-07-03 12:42:17
A0004954,T00023931,cross_border,68.97,review,2025-07-17 01:06:34
A0004955,T00017070,risky_category,49.26,closed,2025-03-28 14:31:12
A0004956,T00008356,high_amount,79.3,escalated,2025-08-10 02:05:37
A0004957,T00003210,new_device,28.41,closed,2025-01-10 06:22:27
A0004958,T00000611,risky_category,49.89,closed,2025-07-03 01:38:46
A0004959,T00000593,cross_border,65.87,review,2025-08-05 00:40:59
A0004960,T00022814,new_device,57.38,review,2025-12-08 23:18:49
A0004961,T00020226,cross_border,10.18,closed,2025-12-07 04:23:06
A0004962,T00011195,velocity,34.21,closed,2025-05-06 17:35:59
A0004963,T00015808,risky_category,34.51,closed,2025-12-10 13:38:54
A0004964,T00007082,risky_category,25.91,closed,2025-11-18 17:49:49
A0004965,T00015088,high_amount,58.55,review,2025-05-22 18:24:40
A0004966,T00021520,high_amount,28.17,closed,2025-11-24 18:24:09
A0004967,T00002810,new_device,35.0,closed,2025-11-28 13:52:03
A0004968,T00007047,cross_border,42.37,closed,2025-05-06 01:34:30
A0004969,T00017433,high_amount,66.86,review,2025-07-07 11:59:21
A0004970,T00001193,new_device,42.51,closed,2025-01-07 01:31:14
A0004971,T00024818,risky_category,41.16,closed,2025-09-05 09:08:37
A0004972,T00012176,blacklist_match,37.33,closed,2025-02-07 16:38:10
A0004973,T00018523,blacklist_match,89.97,escalated,2025-10-06 13:05:06
A0004974,T00016069,risky_category,62.65,review,2025-03-15 06:39:14
A0004975,T00007887,high_amount,58.61,review,2025-09-30 20:20:05
A0004976,T00013018,new_device,64.25,review,2025-06-21 15:05:15
A0004977,T00006889,cross_border,25.59,closed,2025-11-06 05:57:42
A0004978,T00014350,velocity,56.1,review,2025-07-11 10:10:12
A0004979,T00020943,velocity,34.1,closed,2025-08-27 20:23:47
A0004980,T00016502,blacklist_match,61.53,review,2025-11-08 03:57:56
A0004981,T00022144,risky_category,64.82,review,2025-09-04 00:51:14
A0004982,T00004766,new_device,43.45,closed,2025-04-05 07:58:38
A0004983,T00022152,new_device,44.83,closed,2025-01-12 00:49:00
A0004984,T00003442,new_device,18.34,closed,2025-09-22 10:26:49
A0004985,T00012473,risky_category,46.28,closed,2025-11-29 10:14:53
A0004986,T00020132,high_amount,70.93,review,2025-12-02 22:43:22
A0004987,T00002179,high_amount,70.16,review,2025-05-26 23:39:40
A0004988,T00023513,risky_category,68.73,review,2025-06-30 13:11:09
A0004989,T00016219,risky_category,70.05,review,2025-04-17 05:03:16
A0004990,T00020903,high_amount,73.47,review,2025-12-15 21:59:00
A0004991,T00007822,cross_border,90.48,escalated,2025-08-11 17:37:50
A0004992,T00016344,new_device,12.39,closed,2025-12-10 15:38:12
A0004993,T00000285,velocity,41.7,closed,2025-06-12 16:01:54
A0004994,T00016277,cross_border,50.52,review,2025-10-21 21:54:08
A0004995,T00000648,risky_category,66.0,review,2025-12-02 13:24:07
A0004996,T00018519,blacklist_match,40.01,closed,2025-03-09 18:08:30
A0004997,T00018177,velocity,66.05,review,2025-03-17 15:35:09
A0004998,T00023191,new_device,80.03,escalated,2025-12-31 05:53:16
A0004999,T00005535,high_amount,74.67,review,2025-09-13 03:50:42
A0005000,T00022645,cross_border,67.85,review,2025-01-07 14:48:58
A0005001,T00005588,high_amount,73.74,review,2025-09-30 04:17:01
A0005002,T00009528,velocity,85.27,escalated,2025-03-17 14:02:22
A0005003,T00020166,velocity,72.54,review,2025-10-02 03:16:05
A0005004,T00017656,risky_category,77.23,escalated,2025-01-18 02:34:10
A0005005,T00015949,velocity,49.9,closed,2025-09-13 23:07:16
A0005006,T00024857,risky_category,69.43,review,2025-05-14 05:44:49
A0005007,T00005430,cross_border,11.08,closed,2025-06-15 11:50:39
A0005008,T00023203,cross_border,31.92,closed,2025-08-01 10:17:01
A0005009,T00020092,new_device,82.48,escalated,2025-05-05 15:37:36
A0005010,T00023852,velocity,84.67,escalated,2025-11-04 04:52:08
A0005011,T00016218,high_amount,59.94,review,2025-07-15 15:09:02
A0005012,T00003886,risky_category,74.54,review,2025-05-06 01:09:16
A0005013,T00007456,new_device,67.93,review,2025-07-08 23:08:59
A0005014,T00008763,velocity,62.37,review,2025-10-02 05:56:49
A0005015,T00003452,risky_category,68.21,review,2025-04-02 21:08:34
A0005016,T00015556,high_amount,24.47,closed,2025-06-10 21:05:11
A0005017,T00021393,risky_category,55.02,review,2025-06-30 11:14:30
A0005018,T00007771,high_amount,42.76,closed,2025-11-13 02:28:35
A0005019,T00006373,high_amount,56.55,review,2025-06-02 22:01:00
A0005020,T00012554,cross_border,27.26,closed,2025-12-20 15:49:40
A0005021,T00005991,new_device,31.41,closed,2025-02-26 09:52:52
A0005022,T00004645,risky_category,28.34,closed,2025-01-06 23:22:54
A0005023,T00018779,risky_category,44.9,closed,2025-02-11 23:33:22
A0005024,T00007435,high_amount,53.7,review,2025-04-09 17:06:09
A0005025,T00009814,cross_border,30.61,closed,2025-06-28 17:34:14
A0005026,T00006224,high_amount,73.91,review,2025-12-27 04:19:49
A0005027,T00000994,blacklist_match,77.5,escalated,2025-09-02 22:09:12
A0005028,T00005216,cross_border,60.22,review,2025-02-21 22:07:13
A0005029,T00010749,risky_category,38.92,closed,2025-05-25 02:20:00
A0005030,T00004710,new_device,36.79,closed,2025-11-09 19:25:11
A0005031,T00005027,cross_border,45.28,closed,2025-03-21 07:38:55
A0005032,T00001362,new_device,75.56,escalated,2025-03-01 23:33:24
A0005033,T00022397,high_amount,77.62,escalated,2025-02-21 21:47:47
A0005034,T00006539,cross_border,19.49,closed,2025-05-01 05:04:35
A0005035,T00019857,cross_border,70.89,review,2025-08-13 21:21:43
A0005036,T00006219,velocity,70.34,review,2025-12-23 02:55:41
A0005037,T00012662,new_device,74.48,review,2025-12-21 20:04:45
A0005038,T00000923,high_amount,47.6,closed,2025-02-02 09:39:31
A0005039,T00004969,high_amount,33.01,closed,2025-11-19 18:55:48
A0005040,T00007727,new_device,44.82,closed,2025-07-30 01:32:51
A0005041,T00017128,cross_border,40.31,closed,2025-01-17 23:57:06
A0005042,T00018597,velocity,49.97,closed,2025-12-25 04:50:22
A0005043,T00009345,velocity,76.19,escalated,2025-05-01 04:37:54
A0005044,T00012024,high_amount,38.24,closed,2025-12-11 13:41:16
A0005045,T00007232,blacklist_match,87.19,escalated,2025-07-15 02:23:32
A0005046,T00020224,high_amount,56.26,review,2025-03-16 06:50:24
A0005047,T00007085,cross_border,26.94,closed,2025-03-25 05:02:14
A0005048,T00006550,velocity,52.68,review,2025-12-15 18:03:21
A0005049,T00012807,blacklist_match,80.99,escalated,2025-08-21 18:30:18
A0005050,T00005321,velocity,36.7,closed,2025-03-28 12:47:58
A0005051,T00018741,velocity,56.61,review,2025-03-20 04:43:37
A0005052,T00012615,blacklist_match,91.76,escalated,2025-03-29 09:03:13
A0005053,T00020604,risky_category,54.3,review,2025-12-18 16:16:50
A0005054,T00013189,new_device,61.53,review,2025-08-19 20:02:20
A0005055,T00016712,high_amount,62.47,review,2025-09-24 15:34:23
A0005056,T00008641,risky_category,23.79,closed,2025-11-17 06:27:45
A0005057,T00001400,velocity,60.08,review,2025-05-16 08:09:39
A0005058,T00004700,cross_border,77.76,escalated,2025-03-29 07:01:44
A0005059,T00010436,velocity,52.97,review,2025-03-13 20:08:45
A0005060,T00016018,cross_border,30.54,closed,2025-03-15 07:38:50
A0005061,T00023280,high_amount,76.67,escalated,2025-05-21 00:20:02
A0005062,T00015018,high_amount,33.83,closed,2025-02-03 13:51:52
A0005063,T00002737,high_amount,65.37,review,2025-06-12 19:01:26
A0005064,T00012196,velocity,62.18,review,2025-05-02 03:51:27
A0005065,T00019954,velocity,88.31,escalated,2025-06-05 07:46:18
A0005066,T00024338,velocity,57.34,review,2025-01-26 05:08:29
A0005067,T00024615,velocity,41.0,closed,2025-12-31 19:15:00
A0005068,T00019524,velocity,12.34,closed,2025-01-07 12:14:38
A0005069,T00020340,velocity,47.16,closed,2025-01-17 08:35:06
A0005070,T00012322,new_device,44.69,closed,2025-09-25 13:10:24
A0005071,T00007091,high_amount,29.12,closed,2025-02-23 17:19:21
A0005072,T00017609,risky_category,52.19,review,2025-05-25 00:56:09
A0005073,T00001596,velocity,78.58,escalated,2025-03-12 22:23:48
A0005074,T00008960,risky_category,34.01,closed,2025-07-06 07:20:30
A0005075,T00020781,risky_category,58.37,review,2025-07-16 08:31:03
A0005076,T00007706,velocity,58.44,review,2025-09-02 06:09:12
A0005077,T00017345,velocity,87.42,escalated,2025-08-09 15:44:43
A0005078,T00016948,new_device,84.16,escalated,2025-04-14 02:49:39
A0005079,T00020024,blacklist_match,31.53,closed,2025-11-24 00:25:19
A0005080,T00019457,high_amount,55.17,review,2025-04-18 21:04:35
A0005081,T00021656,new_device,39.97,closed,2025-06-29 08:29:34
A0005082,T00022556,velocity,2.13,closed,2025-12-04 10:59:27
A0005083,T00010867,high_amount,62.87,review,2025-08-02 19:46:10
A0005084,T00005413,new_device,11.69,closed,2025-03-04 19:05:10
A0005085,T00022580,new_device,54.93,review,2025-01-09 18:25:13
A0005086,T00006112,blacklist_match,47.6,closed,2025-05-03 07:03:11
A0005087,T00021938,high_amount,47.52,closed,2025-02-09 21:35:36
A0005088,T00005609,high_amount,6.43,closed,2025-01-12 05:18:16
A0005089,T00000644,blacklist_match,19.04,closed,2025-12-25 14:28:24
A0005090,T00017398,velocity,88.71,escalated,2025-02-16 16:16:35
A0005091,T00006894,high_amount,32.65,closed,2025-01-09 17:21:56
A0005092,T00019085,cross_border,41.52,closed,2025-11-04 07:46:18
A0005093,T00002773,velocity,68.29,review,2025-09-24 09:21:40
A0005094,T00000006,velocity,44.28,closed,2025-05-01 09:31:10
A0005095,T00022621,cross_border,42.3,closed,2025-01-16 14:19:50
A0005096,T00000151,cross_border,44.21,closed,2025-03-29 21:27:47
A0005097,T00004438,high_amount,73.76,review,2025-07-31 01:22:12
A0005098,T00010508,risky_category,80.96,escalated,2025-10-25 08:44:33
A0005099,T00004072,velocity,10.68,closed,2025-01-05 19:53:23
A0005100,T00014308,cross_border,93.59,escalated,2025-11-20 16:10:05
A0005101,T00021219,new_device,18.6,closed,2025-04-10 16:40:10
A0005102,T00024561,new_device,91.02,escalated,2025-12-06 11:07:03
A0005103,T00002827,risky_category,49.1,closed,2025-12-13 04:39:34
A0005104,T00024040,high_amount,50.48,review,2025-05-28 20:36:30
A0005105,T00005120,new_device,49.96,closed,2025-10-03 10:05:14
A0005106,T00010059,risky_category,20.84,closed,2025-11-03 09:54:31
A0005107,T00000184,high_amount,23.09,closed,2025-06-28 19:45:05
A0005108,T00024135,risky_category,43.83,closed,2025-07-07 11:33:19
A0005109,T00011188,cross_border,32.64,closed,2025-09-04 10:46:50
A0005110,T00016626,velocity,82.03,escalated,2025-12-17 04:15:46
A0005111,T00001057,velocity,73.83,review,2025-03-30 14:04:27
A0005112,T00017038,velocity,20.97,closed,2025-08-14 20:15:14
A0005113,T00004023,velocity,36.54,closed,2025-09-03 11:20:20
A0005114,T00007994,blacklist_match,37.75,closed,2025-03-13 19:43:15
A0005115,T00011353,velocity,17.2,closed,2025-06-08 04:39:40
A0005116,T00014815,high_amount,61.8,review,2025-11-25 15:31:58
A0005117,T00019950,high_amount,29.8,closed,2025-03-22 17:04:10
A0005118,T00018030,cross_border,54.81,review,2025-05-15 14:24:53
A0005119,T00019589,velocity,90.13,escalated,2025-10-22 12:31:04
A0005120,T00003175,high_amount,37.37,closed,2025-04-09 19:01:28
A0005121,T00024683,new_device,68.84,review,2025-08-09 16:50:09
A0005122,T00009182,cross_border,63.18,review,2025-04-10 12:44:45
A0005123,T00005806,new_device,81.98,escalated,2025-12-02 22:45:37
A0005124,T00022948,new_device,53.92,review,2025-12-14 15:41:35
A0005125,T00013794,new_device,50.48,review,2025-01-18 04:34:22
A0005126,T00004448,high_amount,54.56,review,2025-09-20 03:31:14
A0005127,T00019525,cross_border,78.02,escalated,2025-07-08 20:26:19
A0005128,T00011940,cross_border,46.51,closed,2025-08-06 14:39:34
A0005129,T00020298,high_amount,23.15,closed,2025-08-06 02:46:54
A0005130,T00018839,cross_border,41.9,closed,2025-03-15 01:32:48
A0005131,T00000862,blacklist_match,33.1,closed,2025-03-12 23:11:38
A0005132,T00003328,blacklist_match,56.34,review,2025-09-26 07:28:20
A0005133,T00019293,velocity,13.29,closed,2025-12-03 18:54:57
A0005134,T00019136,cross_border,58.24,review,2025-11-25 12:29:21
A0005135,T00011643,high_amount,60.28,review,2025-01-18 09:06:26
A0005136,T00006337,new_device,37.9,closed,2025-10-09 17:50:04
A0005137,T00009375,new_device,44.47,closed,2025-12-24 14:16:12
A0005138,T00011553,cross_border,60.05,review,2025-10-31 20:00:18
A0005139,T00013173,new_device,64.42,review,2025-01-03 13:47:41
A0005140,T00012577,cross_border,77.17,escalated,2025-01-13 09:52:15
A0005141,T00022725,new_device,46.61,closed,2025-03-09 18:20:35
A0005142,T00008566,cross_border,71.16,review,2025-08-31 22:36:16
A0005143,T00021004,high_amount,26.74,closed,2025-07-13 12:29:41
A0005144,T00023481,high_amount,66.63,review,2025-07-01 08:33:11
A0005145,T00013382,cross_border,86.8,escalated,2025-04-09 19:27:46
A0005146,T00009396,velocity,58.9,review,2025-04-06 00:29:22
A0005147,T00020732,risky_category,33.08,closed,2025-09-16 11:26:21
A0005148,T00000405,risky_category,53.58,review,2025-11-15 01:17:36
A0005149,T00001228,blacklist_match,27.77,closed,2025-02-26 10:04:24
A0005150,T00013096,risky_category,100.0,escalated,2025-01-30 21:26:23
A0005151,T00000890,velocity,40.96,closed,2025-11-24 14:00:03
A0005152,T00001453,risky_category,82.07,escalated,2025-11-02 09:49:11
A0005153,T00003576,risky_category,50.14,review,2025-11-13 21:45:00
A0005154,T00006051,velocity,75.83,escalated,2025-05-01 13:07:28
A0005155,T00013810,risky_category,34.98,closed,2025-09-09 00:59:04
A0005156,T00016163,risky_category,65.97,review,2025-05-10 06:13:21
A0005157,T00011314,risky_category,45.96,closed,2025-11-24 08:21:38
A0005158,T00013737,cross_border,18.83,closed,2025-08-27 10:59:01
A0005159,T00011734,high_amount,16.55,closed,2025-08-24 23:00:34
A0005160,T00020189,velocity,35.33,closed,2025-08-03 22:43:25
A0005161,T00022461,risky_category,46.29,closed,2025-11-29 22:48:42
A0005162,T00001915,new_device,52.68,review,2025-08-25 06:29:57
A0005163,T00024195,velocity,55.6,review,2025-01-25 12:43:16
A0005164,T00011713,new_device,92.14,escalated,2025-06-19 05:15:51
A0005165,T00004345,velocity,20.31,closed,2025-05-06 17:53:50
A0005166,T00019935,cross_border,35.84,closed,2025-09-21 00:34:04
A0005167,T00006166,new_device,60.99,review,2025-06-07 14:28:46
A0005168,T00001099,new_device,69.78,review,2025-07-10 10:57:18
A0005169,T00023329,new_device,80.73,escalated,2025-04-10 05:37:58
A0005170,T00006606,risky_category,39.3,closed,2025-08-07 06:31:51
A0005171,T00006329,new_device,36.0,closed,2025-04-07 20:46:07
A0005172,T00019913,velocity,37.26,closed,2025-08-02 18:45:51
A0005173,T00019345,velocity,78.37,escalated,2025-12-14 17:27:30
A0005174,T00020213,cross_border,17.99,closed,2025-01-20 08:07:08
A0005175,T00012026,new_device,31.8,closed,2025-06-18 04:21:14
A0005176,T00006537,velocity,76.9,escalated,2025-02-23 14:11:44
A0005177,T00008261,blacklist_match,26.0,closed,2025-10-22 21:58:08
A0005178,T00016784,risky_category,14.67,closed,2025-07-17 08:19:35
A0005179,T00023378,cross_border,37.2,closed,2025-08-25 00:27:07
A0005180,T00001996,cross_border,39.31,closed,2025-11-16 05:32:38
A0005181,T00007802,cross_border,28.77,closed,2025-11-22 15:18:34
A0005182,T00012987,cross_border,35.37,closed,2025-05-19 08:07:36
A0005183,T00009958,cross_border,80.81,escalated,2025-07-20 00:20:45
A0005184,T00024260,blacklist_match,21.47,closed,2025-03-31 16:14:01
A0005185,T00012370,risky_category,94.08,escalated,2025-06-05 00:30:54
A0005186,T00024684,risky_category,32.67,closed,2025-01-05 09:20:44
A0005187,T00018934,velocity,85.35,escalated,2025-12-27 17:07:00
A0005188,T00010043,cross_border,17.37,closed,2025-08-07 16:09:29
A0005189,T00014156,new_device,87.04,escalated,2025-11-10 14:43:58
A0005190,T00019692,high_amount,36.07,closed,2025-01-20 00:59:51
A0005191,T00007734,velocity,57.56,review,2025-05-24 05:06:58
A0005192,T00000594,cross_border,60.54,review,2025-01-18 22:08:13
A0005193,T00017431,cross_border,26.88,closed,2025-08-26 12:43:42
A0005194,T00018129,velocity,82.97,escalated,2025-03-03 20:57:48
A0005195,T00022012,high_amount,21.43,closed,2025-10-11 11:59:44
A0005196,T00015848,cross_border,83.35,escalated,2025-05-31 22:11:30
A0005197,T00000139,risky_category,20.33,closed,2025-06-18 17:21:51
A0005198,T00019971,high_amount,24.67,closed,2025-11-22 10:39:50
A0005199,T00013989,velocity,40.19,closed,2025-10-31 21:32:13
A0005200,T00003957,high_amount,52.55,review,2025-02-07 03:57:54
A0005201,T00022738,cross_border,100.0,escalated,2025-05-10 10:02:09
A0005202,T00022539,blacklist_match,49.15,closed,2025-06-24 07:08:26
A0005203,T00024171,high_amount,95.82,escalated,2025-05-12 07:15:09
A0005204,T00018794,high_amount,36.96,closed,2025-05-31 13:08:58
A0005205,T00001278,velocity,42.43,closed,2025-09-30 16:41:06
A0005206,T00020992,high_amount,40.29,closed,2025-03-24 16:36:55
A0005207,T00007617,high_amount,34.83,closed,2025-04-20 06:26:25
A0005208,T00012525,risky_category,95.23,escalated,2025-10-30 02:10:09
A0005209,T00010056,new_device,68.36,review,2025-11-04 02:07:41
A0005210,T00022248,new_device,64.48,review,2025-12-20 04:29:39
A0005211,T00000880,cross_border,38.51,closed,2025-12-20 03:53:32
A0005212,T00022422,blacklist_match,86.57,escalated,2025-09-23 23:51:59
A0005213,T00012721,cross_border,58.79,review,2025-08-22 15:21:08
A0005214,T00006403,velocity,65.18,review,2025-07-08 06:53:21
A0005215,T00000945,blacklist_match,71.52,review,2025-12-27 15:45:04
A0005216,T00014600,blacklist_match,79.41,escalated,2025-10-09 11:45:36
A0005217,T00005549,blacklist_match,72.99,review,2025-02-26 12:03:24
A0005218,T00001452,risky_category,38.22,closed,2025-02-08 15:45:46
A0005219,T00001940,cross_border,56.06,review,2025-12-01 02:53:53
A0005220,T00007040,velocity,62.14,review,2025-02-12 15:39:45
A0005221,T00002824,new_device,60.76,review,2025-11-13 03:55:04
A0005222,T00004584,new_device,23.4,closed,2025-04-01 07:28:54
A0005223,T00022795,cross_border,43.04,closed,2025-12-19 02:38:17
A0005224,T00010575,cross_border,44.78,closed,2025-05-09 21:35:28
A0005225,T00018364,new_device,25.11,closed,2025-12-01 08:59:23
A0005226,T00021866,high_amount,80.02,escalated,2025-08-03 20:32:31
A0005227,T00007550,velocity,28.44,closed,2025-02-09 14:36:39
A0005228,T00022087,blacklist_match,29.83,closed,2025-04-12 13:24:50
A0005229,T00022603,risky_category,84.93,escalated,2025-06-10 08:02:16
A0005230,T00019356,high_amount,48.21,closed,2025-01-19 09:59:30
A0005231,T00020163,high_amount,56.09,review,2025-08-05 20:15:46
A0005232,T00001653,high_amount,45.06,closed,2025-10-31 05:01:36
A0005233,T00007644,risky_category,19.03,closed,2025-11-02 00:35:00
A0005234,T00002355,high_amount,19.92,closed,2025-07-05 04:18:08
A0005235,T00010961,risky_category,62.1,review,2025-11-26 12:42:11
A0005236,T00011509,velocity,94.66,escalated,2025-10-18 16:35:17
A0005237,T00004471,risky_category,83.57,escalated,2025-04-05 06:01:53
A0005238,T00024499,high_amount,63.85,review,2025-07-07 09:48:19
A0005239,T00016644,high_amount,35.42,closed,2025-09-28 13:28:42
A0005240,T00001673,high_amount,67.49,review,2025-03-14 15:43:19
A0005241,T00004586,risky_category,100.0,escalated,2025-04-01 21:42:10
A0005242,T00015261,new_device,21.05,closed,2025-04-20 14:24:20
A0005243,T00014455,new_device,37.45,closed,2025-07-02 07:10:38
A0005244,T00003792,risky_category,97.17,escalated,2025-08-11 15:52:12
A0005245,T00015285,risky_category,27.97,closed,2025-12-18 23:27:05
A0005246,T00018093,velocity,64.02,review,2025-01-09 02:26:42
A0005247,T00005799,velocity,62.27,review,2025-02-24 08:45:57
A0005248,T00007377,cross_border,85.09,escalated,2025-01-02 15:09:34
A0005249,T00008811,new_device,34.0,closed,2025-06-02 17:23:47
A0005250,T00001897,high_amount,69.11,review,2025-09-03 10:53:10
A0005251,T00009248,risky_category,42.85,closed,2025-09-24 13:25:46
A0005252,T00008851,high_amount,16.58,closed,2025-05-11 08:53:12
A0005253,T00019921,velocity,23.94,closed,2025-06-29 03:16:00
A0005254,T00010264,high_amount,21.41,closed,2025-06-15 12:15:00
A0005255,T00006957,new_device,97.86,escalated,2025-12-23 16:10:10
A0005256,T00017915,risky_category,21.28,closed,2025-12-05 21:34:54
A0005257,T00016429,new_device,54.62,review,2025-01-14 03:08:51
A0005258,T00018478,high_amount,95.65,escalated,2025-07-17 16:15:40
A0005259,T00022347,high_amount,36.03,closed,2025-02-28 09:11:30
A0005260,T00009034,velocity,25.88,closed,2025-07-08 05:40:24
A0005261,T00024100,blacklist_match,61.39,review,2025-10-04 20:18:34
A0005262,T00000015,risky_category,30.63,closed,2025-01-22 11:25:54
A0005263,T00013197,risky_category,53.15,review,2025-09-13 01:11:59
A0005264,T00010612,velocity,51.7,review,2025-12-25 11:07:50
A0005265,T00006989,risky_category,81.47,escalated,2025-03-30 07:14:54
A0005266,T00000413,risky_category,46.57,closed,2025-05-21 17:28:09
A0005267,T00022522,new_device,46.24,closed,2025-10-31 23:56:52
A0005268,T00013573,risky_category,66.12,review,2025-11-24 21:46:38
A0005269,T00000933,new_device,51.37,review,2025-04-25 15:54:44
A0005270,T00011928,high_amount,81.46,escalated,2025-03-12 08:46:47
A0005271,T00014374,velocity,28.12,closed,2025-03-27 22:38:06
A0005272,T00006203,cross_border,15.96,closed,2025-04-20 09:28:48
A0005273,T00008762,high_amount,37.0,closed,2025-07-03 00:10:27
A0005274,T00010492,velocity,59.85,review,2025-10-27 08:21:46
A0005275,T00004204,new_device,59.96,review,2025-02-03 03:42:09
A0005276,T00010286,velocity,57.61,review,2025-08-02 11:16:05
A0005277,T00013405,velocity,28.41,closed,2025-05-18 20:40:50
A0005278,T00004250,new_device,42.79,closed,2025-03-15 04:03:26
A0005279,T00000658,high_amount,72.99,review,2025-08-03 09:06:57
A0005280,T00024368,new_device,89.09,escalated,2025-06-02 14:55:08
A0005281,T00004636,new_device,59.53,review,2025-07-23 02:15:58
A0005282,T00004600,high_amount,33.11,closed,2025-11-23 22:42:48
A0005283,T00010075,cross_border,61.86,review,2025-12-05 19:18:47
A0005284,T00017337,blacklist_match,81.69,escalated,2025-08-10 18:38:35
A0005285,T00014725,high_amount,98.69,escalated,2025-08-06 15:44:37
A0005286,T00002153,new_device,62.72,review,2025-12-28 01:14:35
A0005287,T00006095,risky_category,21.7,closed,2025-04-02 07:11:50
A0005288,T00016803,new_device,33.62,closed,2025-03-03 16:16:32
A0005289,T00018609,cross_border,63.8,review,2025-05-27 03:53:54
A0005290,T00004018,risky_category,22.39,closed,2025-11-19 22:40:59
A0005291,T00020352,high_amount,47.42,closed,2025-10-19 23:08:11
A0005292,T00006342,blacklist_match,59.58,review,2025-09-30 17:36:43
A0005293,T00009512,risky_category,37.65,closed,2025-07-27 00:40:57
A0005294,T00006618,high_amount,61.04,review,2025-12-06 14:10:44
A0005295,T00017203,cross_border,76.41,escalated,2025-01-25 19:02:23
A0005296,T00008575,new_device,57.98,review,2025-01-18 06:17:25
A0005297,T00014268,risky_category,41.63,closed,2025-02-07 13:27:14
A0005298,T00022367,cross_border,58.46,review,2025-12-09 23:25:32
A0005299,T00011308,velocity,86.3,escalated,2025-01-31 09:14:40
A0005300,T00016175,blacklist_match,63.82,review,2025-07-26 10:28:54
A0005301,T00020353,new_device,70.97,review,2025-11-14 01:11:46
A0005302,T00007708,cross_border,86.55,escalated,2025-11-06 11:25:39
A0005303,T00009810,blacklist_match,94.76,escalated,2025-06-05 06:38:15
A0005304,T00014093,blacklist_match,25.24,closed,2025-07-22 05:06:29
A0005305,T00003148,velocity,97.48,escalated,2025-07-23 18:22:14
A0005306,T00018775,velocity,7.28,closed,2025-06-02 05:57:27
A0005307,T00011234,velocity,65.71,review,2025-02-19 08:57:32
A0005308,T00009298,high_amount,61.72,review,2025-12-07 13:13:58
A0005309,T00010635,high_amount,47.83,closed,2025-08-03 17:55:05
A0005310,T00006808,cross_border,58.97,review,2025-11-14 18:31:35
A0005311,T00021738,high_amount,24.1,closed,2025-06-23 14:53:13
A0005312,T00009991,risky_category,44.29,closed,2025-12-26 00:41:14
A0005313,T00008372,velocity,54.7,review,2025-10-15 11:41:51
A0005314,T00015923,cross_border,43.69,closed,2025-09-15 23:25:53
A0005315,T00018031,velocity,12.68,closed,2025-11-01 18:40:57
A0005316,T00021318,cross_border,41.65,closed,2025-04-28 01:10:09
A0005317,T00019632,blacklist_match,48.96,closed,2025-05-01 00:37:56
A0005318,T00013571,velocity,39.0,closed,2025-05-30 06:29:48
A0005319,T00017824,high_amount,46.46,closed,2025-06-17 08:49:44
A0005320,T00004777,cross_border,40.08,closed,2025-08-23 19:19:19
A0005321,T00000330,risky_category,22.75,closed,2025-08-04 10:12:31
A0005322,T00011161,new_device,19.89,closed,2025-01-18 10:06:14
A0005323,T00014777,velocity,80.27,escalated,2025-02-24 14:10:38
A0005324,T00005234,new_device,62.79,review,2025-12-04 15:01:51
A0005325,T00002080,cross_border,78.56,escalated,2025-01-16 19:30:41
A0005326,T00008125,risky_category,65.86,review,2025-01-08 02:15:01
A0005327,T00022636,risky_category,31.36,closed,2025-12-18 20:36:14
A0005328,T00024922,high_amount,83.48,escalated,2025-09-19 19:27:09
A0005329,T00018906,velocity,92.1,escalated,2025-11-05 21:58:12
A0005330,T00011086,cross_border,61.68,review,2025-05-26 19:15:43
A0005331,T00022926,cross_border,70.46,review,2025-05-27 22:56:31
A0005332,T00014254,risky_category,37.61,closed,2025-07-18 13:02:36
A0005333,T00019390,high_amount,61.43,review,2025-03-08 20:14:32
A0005334,T00002690,cross_border,77.75,escalated,2025-04-19 13:52:52
A0005335,T00000713,risky_category,38.63,closed,2025-10-14 13:01:19
A0005336,T00017213,blacklist_match,22.49,closed,2025-10-04 10:49:24
A0005337,T00006936,cross_border,77.53,escalated,2025-09-11 13:37:50
A0005338,T00023217,velocity,56.37,review,2025-11-28 19:17:55
A0005339,T00008127,new_device,74.77,review,2025-06-02 04:33:55
A0005340,T00022798,new_device,65.09,review,2025-07-19 18:41:53
A0005341,T00004170,velocity,39.54,closed,2025-04-18 17:14:18
A0005342,T00001905,velocity,66.48,review,2025-12-11 16:10:32
A0005343,T00005025,blacklist_match,52.28,review,2025-03-09 12:59:48
A0005344,T00003672,high_amount,41.7,closed,2025-12-30 18:33:20
A0005345,T00014785,cross_border,46.49,closed,2025-06-06 18:37:28
A0005346,T00020432,risky_category,38.55,closed,2025-04-22 13:46:54
A0005347,T00004172,high_amount,40.67,closed,2025-04-14 10:36:23
A0005348,T00013957,new_device,30.64,closed,2025-06-01 03:20:09
A0005349,T00011279,velocity,43.5,closed,2025-07-05 03:11:26
A0005350,T00024139,new_device,88.11,escalated,2025-11-16 04:43:32
A0005351,T00006272,new_device,23.97,closed,2025-07-11 08:17:53
A0005352,T00020758,velocity,54.58,review,2025-06-23 06:10:09
A0005353,T00004820,velocity,75.71,escalated,2025-11-16 11:44:22
A0005354,T00011464,risky_category,66.83,review,2025-09-29 10:23:42
A0005355,T00010454,high_amount,39.47,closed,2025-06-16 04:06:02
A0005356,T00020710,blacklist_match,60.73,review,2025-08-06 11:44:22
A0005357,T00023723,cross_border,69.67,review,2025-12-20 16:54:16
A0005358,T00005261,high_amount,32.84,closed,2025-01-31 18:57:54
A0005359,T00020278,new_device,55.16,review,2025-10-27 04:05:58
A0005360,T00017975,cross_border,76.84,escalated,2025-04-12 20:29:50
A0005361,T00005108,risky_category,45.35,closed,2025-12-14 15:30:44
A0005362,T00014638,risky_category,9.74,closed,2025-06-12 02:10:53
A0005363,T00019478,velocity,14.62,closed,2025-03-04 22:54:41
A0005364,T00023734,new_device,65.9,review,2025-05-30 07:40:47
A0005365,T00013259,risky_category,38.73,closed,2025-05-16 21:16:11
A0005366,T00014398,high_amount,33.94,closed,2025-12-12 12:06:34
A0005367,T00018142,velocity,24.2,closed,2025-10-09 18:29:33
A0005368,T00013054,high_amount,61.73,review,2025-10-05 20:08:19
A0005369,T00024564,high_amount,22.43,closed,2025-02-08 16:40:32
A0005370,T00014155,blacklist_match,47.98,closed,2025-02-15 17:22:48
A0005371,T00000361,risky_category,12.91,closed,2025-09-17 09:16:30
A0005372,T00013258,blacklist_match,59.37,review,2025-03-28 22:40:25
A0005373,T00016464,velocity,45.64,closed,2025-01-29 12:15:30
A0005374,T00012295,velocity,34.68,closed,2025-08-30 02:28:50
A0005375,T00009560,risky_category,60.97,review,2025-04-26 19:26:20
A0005376,T00012388,cross_border,80.11,escalated,2025-06-15 09:36:31
A0005377,T00015703,cross_border,75.76,escalated,2025-02-07 08:37:07
A0005378,T00007034,blacklist_match,27.79,closed,2025-01-01 14:40:20
A0005379,T00019126,velocity,40.43,closed,2025-10-14 17:50:13
A0005380,T00008471,cross_border,62.0,review,2025-01-03 11:39:03
A0005381,T00024003,new_device,52.43,review,2025-12-11 16:08:19
A0005382,T00004334,risky_category,11.07,closed,2025-09-15 19:06:40
A0005383,T00004807,cross_border,87.38,escalated,2025-02-18 07:52:37
A0005384,T00020219,velocity,47.11,closed,2025-06-24 13:00:22
A0005385,T00002403,cross_border,9.76,closed,2025-07-02 06:09:12
A0005386,T00009239,new_device,96.77,escalated,2025-07-20 02:45:04
A0005387,T00018402,velocity,70.92,review,2025-01-11 11:41:19
A0005388,T00014331,velocity,77.06,escalated,2025-02-25 11:44:02
A0005389,T00011894,blacklist_match,64.21,review,2025-11-16 10:50:15
A0005390,T00015337,high_amount,49.19,closed,2025-12-21 10:38:18
A0005391,T00003404,high_amount,83.29,escalated,2025-06-13 04:56:01
A0005392,T00016059,cross_border,73.61,review,2025-12-29 09:52:42
A0005393,T00006568,high_amount,55.46,review,2025-10-31 18:25:39
A0005394,T00023290,high_amount,6.11,closed,2025-12-24 03:24:16
A0005395,T00024051,risky_category,46.1,closed,2025-10-08 04:13:53
A0005396,T00022897,new_device,78.68,escalated,2025-12-01 02:15:46
A0005397,T00010218,velocity,83.45,escalated,2025-04-14 06:48:56
A0005398,T00022653,cross_border,51.44,review,2025-03-20 00:06:25
A0005399,T00006477,velocity,25.85,closed,2025-12-08 02:16:13
A0005400,T00020376,risky_category,34.36,closed,2025-01-18 00:09:21
A0005401,T00021754,cross_border,51.55,review,2025-09-21 04:11:42
A0005402,T00014417,risky_category,66.46,review,2025-01-30 22:47:09
A0005403,T00000986,high_amount,31.92,closed,2025-01-10 02:28:47
A0005404,T00005353,new_device,64.87,review,2025-02-21 13:49:44
A0005405,T00014699,high_amount,47.49,closed,2025-08-31 16:38:16
A0005406,T00009720,risky_category,78.19,escalated,2025-02-28 08:34:03
A0005407,T00000912,new_device,77.09,escalated,2025-02-13 20:30:09
A0005408,T00024763,velocity,48.14,closed,2025-11-22 22:36:16
A0005409,T00002404,blacklist_match,64.54,review,2025-01-22 19:59:13
A0005410,T00001022,cross_border,46.79,closed,2025-02-23 07:41:58
A0005411,T00008348,cross_border,67.73,review,2025-09-07 06:30:23
A0005412,T00013767,risky_category,61.64,review,2025-03-28 15:49:35
A0005413,T00007788,risky_category,62.62,review,2025-06-20 04:49:11
A0005414,T00020228,high_amount,89.5,escalated,2025-05-13 07:35:03
A0005415,T00021654,blacklist_match,36.8,closed,2025-08-01 20:12:24
A0005416,T00012815,blacklist_match,48.02,closed,2025-02-12 23:12:47
A0005417,T00012275,cross_border,43.31,closed,2025-06-25 04:57:23
A0005418,T00005328,blacklist_match,48.47,closed,2025-04-20 22:09:04
A0005419,T00005784,velocity,32.24,closed,2025-04-11 05:35:13
A0005420,T00010003,cross_border,38.89,closed,2025-05-27 07:00:16
A0005421,T00006389,high_amount,81.36,escalated,2025-02-24 18:51:00
A0005422,T00012645,cross_border,47.47,closed,2025-01-10 07:04:22
A0005423,T00004351,velocity,48.22,closed,2025-09-06 22:23:00
A0005424,T00019379,risky_category,95.55,escalated,2025-03-18 07:40:57
A0005425,T00023849,risky_category,78.1,escalated,2025-03-16 13:41:12
A0005426,T00012545,high_amount,83.03,escalated,2025-06-03 06:21:16
A0005427,T00002077,velocity,48.4,closed,2025-08-31 18:24:22
A0005428,T00002974,velocity,70.85,review,2025-04-18 01:38:22
A0005429,T00018087,risky_category,69.98,review,2025-11-17 12:40:03
A0005430,T00005812,blacklist_match,65.61,review,2025-08-10 01:44:05
A0005431,T00005401,risky_category,47.85,closed,2025-02-07 06:02:48
A0005432,T00000175,velocity,66.26,review,2025-05-23 23:03:15
A0005433,T00010394,high_amount,38.84,closed,2025-05-31 09:05:46
A0005434,T00002145,velocity,61.93,review,2025-05-21 12:30:00
A0005435,T00015743,velocity,52.83,review,2025-11-07 16:41:36
A0005436,T00022340,new_device,33.12,closed,2025-05-01 15:48:13
A0005437,T00011368,risky_category,16.19,closed,2025-06-12 12:54:14
A0005438,T00001882,new_device,48.13,closed,2025-05-06 01:36:44
A0005439,T00014994,velocity,46.16,closed,2025-10-24 18:25:02
A0005440,T00007017,cross_border,88.01,escalated,2025-07-07 05:52:42
A0005441,T00022620,risky_category,51.75,review,2025-10-06 18:42:15
A0005442,T00011991,new_device,75.22,escalated,2025-04-01 22:10:43
A0005443,T00024119,cross_border,73.38,review,2025-04-27 18:00:00
A0005444,T00012102,new_device,46.27,closed,2025-07-19 09:25:08
A0005445,T00008325,new_device,67.84,review,2025-07-07 11:54:35
A0005446,T00019440,blacklist_match,62.22,review,2025-01-03 03:17:11
A0005447,T00010734,velocity,85.4,escalated,2025-10-09 04:48:35
A0005448,T00024144,velocity,70.74,review,2025-05-13 10:27:15
A0005449,T00009353,high_amount,52.0,review,2025-03-11 15:18:45
A0005450,T00002172,risky_category,40.6,closed,2025-10-06 11:53:01
A0005451,T00004606,high_amount,65.3,review,2025-11-27 23:33:50
A0005452,T00006309,blacklist_match,51.44,review,2025-12-27 00:35:26
A0005453,T00004624,risky_category,44.27,closed,2025-10-12 09:45:11
A0005454,T00018514,velocity,32.86,closed,2025-11-01 09:06:20
A0005455,T00010849,velocity,77.55,escalated,2025-02-26 16:10:15
A0005456,T00013390,risky_category,63.4,review,2025-10-19 19:55:23
A0005457,T00001672,blacklist_match,53.95,review,2025-01-26 21:15:35
A0005458,T00017953,velocity,3.69,closed,2025-05-28 21:25:30
A0005459,T00007664,new_device,53.66,review,2025-01-23 15:13:26
A0005460,T00007962,high_amount,55.87,review,2025-04-02 06:26:19
A0005461,T00005809,new_device,74.42,review,2025-02-07 16:07:22
A0005462,T00011417,high_amount,79.13,escalated,2025-02-21 11:07:46
A0005463,T00015406,new_device,74.73,review,2025-12-09 14:45:22
A0005464,T00024019,cross_border,26.99,closed,2025-05-19 20:49:29
A0005465,T00001675,cross_border,21.59,closed,2025-11-07 22:42:26
A0005466,T00008448,risky_category,51.79,review,2025-07-27 08:05:20
A0005467,T00022478,cross_border,42.45,closed,2025-05-06 02:05:31
A0005468,T00023918,cross_border,45.51,closed,2025-06-18 04:23:01
A0005469,T00022360,risky_category,67.46,review,2025-07-07 06:20:33
A0005470,T00003485,risky_category,34.76,closed,2025-03-18 10:45:48
A0005471,T00014121,velocity,30.21,closed,2025-08-18 08:54:22
A0005472,T00004654,new_device,70.27,review,2025-07-24 08:49:41
A0005473,T00016010,new_device,42.66,closed,2025-02-26 14:16:10
A0005474,T00000875,risky_category,74.89,review,2025-12-01 12:41:42
A0005475,T00001783,new_device,66.23,review,2025-10-14 18:17:50
A0005476,T00006105,velocity,83.32,escalated,2025-10-13 07:33:21
A0005477,T00022775,new_device,28.65,closed,2025-04-22 07:00:03
A0005478,T00012469,velocity,74.53,review,2025-07-15 21:49:57
A0005479,T00021248,blacklist_match,76.47,escalated,2025-08-29 22:04:27
A0005480,T00006938,blacklist_match,45.67,closed,2025-07-28 06:57:22
A0005481,T00023491,blacklist_match,17.4,closed,2025-04-19 10:05:57
A0005482,T00018896,new_device,46.07,closed,2025-09-14 03:55:49
A0005483,T00012996,new_device,74.2,review,2025-12-31 19:16:21
A0005484,T00002329,velocity,29.57,closed,2025-10-26 23:33:09
A0005485,T00002469,velocity,22.44,closed,2025-06-23 16:42:38
A0005486,T00022423,risky_category,20.7,closed,2025-10-07 06:31:38
A0005487,T00012730,cross_border,31.72,closed,2025-03-08 18:52:12
A0005488,T00005616,risky_category,58.86,review,2025-05-03 14:06:02
A0005489,T00003752,risky_category,7.84,closed,2025-01-17 22:03:15
A0005490,T00008244,high_amount,62.98,review,2025-08-15 05:14:06
A0005491,T00009004,cross_border,39.3,closed,2025-10-06 15:22:51
A0005492,T00023397,blacklist_match,29.92,closed,2025-10-16 18:39:18
A0005493,T00023903,risky_category,9.77,closed,2025-08-10 04:35:41
A0005494,T00022909,cross_border,37.35,closed,2025-09-24 09:14:56
A0005495,T00013183,high_amount,17.26,closed,2025-02-17 05:05:31
A0005496,T00005765,cross_border,11.9,closed,2025-01-10 22:33:18
A0005497,T00009723,risky_category,88.55,escalated,2025-06-02 23:48:39
A0005498,T00007944,velocity,22.56,closed,2025-07-03 00:58:14
A0005499,T00015039,risky_category,50.01,review,2025-05-13 13:12:56
A0005500,T00008270,high_amount,18.06,closed,2025-01-16 16:52:39
A0005501,T00018525,high_amount,52.45,review,2025-10-07 14:35:28
A0005502,T00002719,velocity,83.5,escalated,2025-02-25 06:51:29
A0005503,T00007344,new_device,47.88,closed,2025-08-16 02:46:21
A0005504,T00001916,velocity,72.94,review,2025-09-18 18:10:47
A0005505,T00001573,cross_border,96.34,escalated,2025-12-08 06:52:52
A0005506,T00004300,high_amount,15.72,closed,2025-10-12 17:28:34
A0005507,T00009610,risky_category,87.1,escalated,2025-03-01 10:56:15
A0005508,T00009583,velocity,39.01,closed,2025-07-31 21:13:23
A0005509,T00001095,cross_border,70.36,review,2025-02-26 17:43:05
A0005510,T00002507,velocity,30.7,closed,2025-02-01 19:24:59
A0005511,T00009409,cross_border,27.38,closed,2025-10-29 09:16:12
A0005512,T00017831,velocity,3.08,closed,2025-07-01 21:43:43
A0005513,T00018999,velocity,56.81,review,2025-08-16 18:30:10
A0005514,T00004069,high_amount,93.38,escalated,2025-04-03 21:12:28
A0005515,T00001762,high_amount,56.34,review,2025-06-26 13:39:09
A0005516,T00011270,cross_border,11.31,closed,2025-04-16 20:27:37
A0005517,T00021198,cross_border,93.45,escalated,2025-01-12 09:48:19
A0005518,T00008850,high_amount,20.54,closed,2025-09-26 21:39:46
A0005519,T00024486,high_amount,65.14,review,2025-05-01 15:44:29
A0005520,T00001732,risky_category,45.42,closed,2025-10-05 07:29:29
A0005521,T00008009,high_amount,57.86,review,2025-03-29 23:00:24
A0005522,T00010339,velocity,22.01,closed,2025-10-07 21:27:50
A0005523,T00006998,high_amount,61.01,review,2025-08-29 00:17:02
A0005524,T00006501,new_device,57.91,review,2025-08-11 22:01:34
A0005525,T00013165,high_amount,74.72,review,2025-03-11 04:08:11
A0005526,T00005940,risky_category,61.16,review,2025-07-10 12:49:30
A0005527,T00013025,velocity,83.53,escalated,2025-12-03 01:09:37
A0005528,T00018974,risky_category,74.4,review,2025-06-14 07:24:49
A0005529,T00003492,velocity,49.26,closed,2025-07-14 03:32:21
A0005530,T00008489,high_amount,26.35,closed,2025-08-09 21:09:11
A0005531,T00014184,cross_border,13.91,closed,2025-03-15 18:00:46
A0005532,T00015853,velocity,48.41,closed,2025-05-04 23:16:05
A0005533,T00021235,high_amount,33.88,closed,2025-12-06 23:30:07
A0005534,T00016520,new_device,100.0,escalated,2025-01-26 21:56:31
A0005535,T00021748,cross_border,24.31,closed,2025-10-11 02:13:13
A0005536,T00003821,new_device,76.17,escalated,2025-07-27 00:57:14
A0005537,T00016962,high_amount,17.4,closed,2025-11-25 14:14:58
A0005538,T00014369,new_device,74.21,review,2025-01-19 03:11:02
A0005539,T00014763,velocity,31.89,closed,2025-10-11 19:10:22
A0005540,T00013082,high_amount,69.53,review,2025-06-22 01:44:12
A0005541,T00001394,velocity,82.92,escalated,2025-11-20 17:23:47
A0005542,T00006877,blacklist_match,26.07,closed,2025-07-06 01:35:17
A0005543,T00016929,high_amount,88.33,escalated,2025-08-07 01:20:02
A0005544,T00015323,cross_border,52.12,review,2025-02-24 15:34:22
A0005545,T00016609,risky_category,32.28,closed,2025-01-17 20:42:26
A0005546,T00002699,new_device,41.92,closed,2025-08-10 07:39:40
A0005547,T00015937,velocity,63.03,review,2025-02-23 06:39:29
A0005548,T00001107,cross_border,92.11,escalated,2025-10-03 00:48:46
A0005549,T00000475,blacklist_match,34.68,closed,2025-02-18 00:32:11
A0005550,T00014864,risky_category,28.71,closed,2025-05-24 16:51:32
A0005551,T00000551,velocity,17.3,closed,2025-11-15 00:13:28
A0005552,T00000407,risky_category,15.87,closed,2025-08-06 12:40:46
A0005553,T00008820,cross_border,63.72,review,2025-11-29 15:29:48
A0005554,T00011967,risky_category,51.2,review,2025-04-18 21:15:12
A0005555,T00002120,high_amount,55.94,review,2025-06-05 03:13:01
A0005556,T00009827,velocity,57.43,review,2025-02-04 17:07:36
A0005557,T00011038,high_amount,54.68,review,2025-09-22 18:56:02
A0005558,T00002254,cross_border,32.22,closed,2025-10-03 17:44:13
A0005559,T00015527,velocity,59.68,review,2025-10-14 20:07:21
A0005560,T00003830,velocity,91.23,escalated,2025-09-26 18:36:08
A0005561,T00024089,cross_border,85.54,escalated,2025-08-19 08:49:35
A0005562,T00016899,blacklist_match,85.82,escalated,2025-01-14 10:59:27
A0005563,T00017684,risky_category,57.94,review,2025-04-02 02:06:41
A0005564,T00011730,velocity,30.9,closed,2025-09-12 01:51:54
A0005565,T00015013,velocity,15.51,closed,2025-01-10 18:07:18
A0005566,T00000590,cross_border,66.36,review,2025-06-21 05:08:43
A0005567,T00013969,risky_category,14.54,closed,2025-08-02 23:23:19
A0005568,T00000743,velocity,45.16,closed,2025-02-06 08:01:57
A0005569,T00002675,blacklist_match,95.87,escalated,2025-10-22 02:03:17
A0005570,T00006732,new_device,65.0,review,2025-01-06 18:16:49
A0005571,T00010078,high_amount,39.62,closed,2025-05-25 05:24:22
A0005572,T00008340,velocity,57.19,review,2025-11-16 17:48:17
A0005573,T00017416,high_amount,42.56,closed,2025-03-05 09:31:51
A0005574,T00015245,risky_category,71.22,review,2025-12-02 15:01:05
A0005575,T00017515,risky_category,73.45,review,2025-08-01 09:23:10
A0005576,T00012267,new_device,53.42,review,2025-05-05 08:49:50
A0005577,T00005479,velocity,20.98,closed,2025-03-24 16:53:11
A0005578,T00013888,blacklist_match,85.07,escalated,2025-03-03 11:21:43
A0005579,T00017390,velocity,17.52,closed,2025-10-16 03:00:22
A0005580,T00023444,risky_category,38.96,closed,2025-03-25 08:41:31
A0005581,T00011110,cross_border,47.54,closed,2025-03-14 20:09:46
A0005582,T00013718,velocity,58.81,review,2025-11-06 03:34:53
A0005583,T00010854,blacklist_match,49.81,closed,2025-06-02 16:34:12
A0005584,T00024481,risky_category,36.85,closed,2025-06-01 13:29:20
A0005585,T00022754,new_device,14.3,closed,2025-01-16 12:01:17
A0005586,T00001184,risky_category,40.58,closed,2025-05-27 17:09:34
A0005587,T00023603,risky_category,79.99,escalated,2025-06-20 10:48:24
A0005588,T00003226,blacklist_match,50.41,review,2025-11-04 08:31:00
A0005589,T00014287,risky_category,90.11,escalated,2025-08-10 12:59:03
A0005590,T00005523,risky_category,86.92,escalated,2025-05-11 22:34:17
A0005591,T00024717,velocity,92.03,escalated,2025-10-27 12:07:44
A0005592,T00020111,velocity,45.37,closed,2025-03-25 11:38:25
A0005593,T00006396,risky_category,33.37,closed,2025-07-13 17:41:02
A0005594,T00009955,cross_border,63.94,review,2025-08-28 20:23:46
A0005595,T00001611,velocity,33.95,closed,2025-12-20 13:47:59
A0005596,T00006803,velocity,12.46,closed,2025-07-04 04:46:12
A0005597,T00006138,blacklist_match,26.59,closed,2025-03-14 14:42:12
A0005598,T00019804,high_amount,81.3,escalated,2025-03-08 05:13:23
A0005599,T00004850,velocity,35.63,closed,2025-06-17 14:00:40
A0005600,T00018802,cross_border,67.45,review,2025-09-27 18:49:05
A0005601,T00024265,high_amount,69.66,review,2025-07-07 07:14:26
A0005602,T00022525,high_amount,93.27,escalated,2025-05-07 06:47:29
A0005603,T00004942,new_device,58.75,review,2025-06-26 08:36:27
A0005604,T00015783,blacklist_match,40.57,closed,2025-06-19 04:09:48
A0005605,T00022193,new_device,83.66,escalated,2025-03-30 08:41:56
A0005606,T00017629,high_amount,92.13,escalated,2025-02-17 03:24:43
A0005607,T00012464,new_device,53.04,review,2025-11-04 05:02:26
A0005608,T00015030,velocity,58.97,review,2025-12-17 18:41:36
A0005609,T00022781,risky_category,82.13,escalated,2025-05-06 00:17:54
A0005610,T00014146,high_amount,53.76,review,2025-12-08 19:45:51
A0005611,T00002432,velocity,5.08,closed,2025-05-31 15:16:29
A0005612,T00005820,blacklist_match,39.41,closed,2025-07-16 00:04:47
A0005613,T00001943,high_amount,96.01,escalated,2025-02-01 20:25:45
A0005614,T00007019,risky_category,57.21,review,2025-07-21 01:26:00
A0005615,T00023787,new_device,96.25,escalated,2025-07-18 15:50:29
A0005616,T00000768,velocity,43.99,closed,2025-07-11 21:08:17
A0005617,T00000827,risky_category,70.69,review,2025-07-20 12:28:41
A0005618,T00006864,new_device,50.47,review,2025-07-15 23:59:12
A0005619,T00013799,velocity,49.14,closed,2025-08-21 10:30:08
A0005620,T00013184,risky_category,35.62,closed,2025-12-09 09:02:53
A0005621,T00004095,cross_border,52.33,review,2025-06-02 22:28:53
A0005622,T00002924,blacklist_match,53.61,review,2025-12-29 04:20:01
A0005623,T00015881,risky_category,66.23,review,2025-08-24 14:46:40
A0005624,T00007467,new_device,7.89,closed,2025-04-07 13:43:04
A0005625,T00020137,risky_category,21.88,closed,2025-04-18 08:32:06
A0005626,T00019358,cross_border,24.69,closed,2025-07-24 04:15:12
A0005627,T00022719,risky_category,44.89,closed,2025-01-28 04:13:49
A0005628,T00001962,high_amount,38.09,closed,2025-12-17 06:07:49
A0005629,T00003307,velocity,40.29,closed,2025-05-04 11:59:59
A0005630,T00019539,velocity,4.09,closed,2025-09-27 13:49:19
A0005631,T00023530,high_amount,36.32,closed,2025-04-17 14:40:01
A0005632,T00007144,velocity,54.71,review,2025-02-07 00:21:20
A0005633,T00012270,cross_border,66.96,review,2025-10-17 17:54:55
A0005634,T00020521,cross_border,72.26,review,2025-08-29 05:28:01
A0005635,T00001881,velocity,30.8,closed,2025-05-12 03:25:11
A0005636,T00004393,velocity,59.25,review,2025-02-27 01:14:21
A0005637,T00013777,new_device,35.81,closed,2025-08-23 22:49:21
A0005638,T00011539,high_amount,65.62,review,2025-03-03 02:39:42
A0005639,T00008189,risky_category,47.64,closed,2025-12-23 00:17:37
A0005640,T00017976,new_device,51.94,review,2025-07-06 05:55:32
A0005641,T00009281,cross_border,65.36,review,2025-06-19 10:37:25
A0005642,T00016703,new_device,44.6,closed,2025-06-26 00:54:46
A0005643,T00010130,new_device,25.83,closed,2025-07-09 16:03:28
A0005644,T00011898,new_device,56.33,review,2025-04-28 19:21:14
A0005645,T00012205,new_device,49.68,closed,2025-08-24 11:57:07
A0005646,T00004938,cross_border,44.13,closed,2025-07-07 08:35:30
A0005647,T00011152,blacklist_match,51.88,review,2025-07-24 11:18:08
A0005648,T00008132,blacklist_match,79.4,escalated,2025-04-14 12:54:05
A0005649,T00004289,high_amount,65.22,review,2025-05-02 02:15:35
A0005650,T00004114,cross_border,35.84,closed,2025-11-02 05:15:17
A0005651,T00023330,blacklist_match,71.5,review,2025-12-11 10:12:57
A0005652,T00016266,new_device,70.52,review,2025-11-28 19:35:25
A0005653,T00011280,cross_border,50.77,review,2025-09-19 04:44:54
A0005654,T00023872,velocity,27.71,closed,2025-02-13 08:07:28
A0005655,T00018419,high_amount,83.54,escalated,2025-11-16 17:54:26
A0005656,T00013661,velocity,35.77,closed,2025-09-04 16:36:35
A0005657,T00013663,high_amount,26.12,closed,2025-06-25 20:28:35
A0005658,T00017795,high_amount,20.95,closed,2025-06-10 16:51:54
A0005659,T00005543,high_amount,47.01,closed,2025-06-12 13:12:30
A0005660,T00022776,high_amount,56.33,review,2025-03-02 01:53:32
A0005661,T00002979,risky_category,45.57,closed,2025-10-16 03:06:01
A0005662,T00024457,velocity,74.22,review,2025-02-07 20:04:56
A0005663,T00001894,risky_category,85.19,escalated,2025-05-14 14:33:27
A0005664,T00009102,new_device,59.17,review,2025-01-13 09:21:05
A0005665,T00012253,new_device,43.04,closed,2025-07-04 17:30:22
A0005666,T00019733,velocity,30.91,closed,2025-07-26 02:39:11
A0005667,T00011080,risky_category,66.17,review,2025-05-29 18:39:06
A0005668,T00014410,risky_category,27.91,closed,2025-08-19 16:41:10
A0005669,T00000629,new_device,66.63,review,2025-09-22 15:49:38
A0005670,T00013683,high_amount,68.63,review,2025-12-25 18:49:20
A0005671,T00024890,risky_category,34.92,closed,2025-02-20 17:27:23
A0005672,T00020555,risky_category,33.36,closed,2025-03-07 08:17:24
A0005673,T00022302,velocity,35.77,closed,2025-07-09 10:04:39
A0005674,T00022155,velocity,77.55,escalated,2025-03-01 12:04:19
A0005675,T00015310,new_device,52.73,review,2025-01-15 07:01:40
A0005676,T00000213,risky_category,66.3,review,2025-02-06 19:12:26
A0005677,T00005381,blacklist_match,73.95,review,2025-07-23 18:28:49
A0005678,T00005230,new_device,16.17,closed,2025-10-25 04:07:25
A0005679,T00005078,high_amount,67.32,review,2025-06-11 11:45:48
A0005680,T00011517,high_amount,62.68,review,2025-03-05 14:23:51
A0005681,T00016485,cross_border,50.15,review,2025-02-07 00:29:27
A0005682,T00024317,high_amount,4.54,closed,2025-08-15 07:34:24
A0005683,T00020384,risky_category,86.51,escalated,2025-08-09 22:55:06
A0005684,T00013237,velocity,42.95,closed,2025-06-19 12:51:58
A0005685,T00004679,risky_category,7.6,closed,2025-04-24 14:06:19
A0005686,T00009168,new_device,35.11,closed,2025-02-09 04:03:55
A0005687,T00020107,velocity,43.64,closed,2025-07-19 01:21:12
A0005688,T00007980,velocity,85.79,escalated,2025-11-18 23:46:44
A0005689,T00019870,new_device,47.72,closed,2025-07-15 09:55:02
A0005690,T00012384,cross_border,25.64,closed,2025-03-09 02:21:45
A0005691,T00008196,high_amount,69.77,review,2025-04-25 18:26:46
A0005692,T00006896,new_device,47.03,closed,2025-06-02 22:54:51
A0005693,T00005335,cross_border,54.37,review,2025-01-23 02:34:50
A0005694,T00000638,risky_category,4.82,closed,2025-02-25 16:57:36
A0005695,T00003152,velocity,72.93,review,2025-04-22 19:56:57
A0005696,T00021041,high_amount,47.04,closed,2025-02-03 15:06:36
A0005697,T00012294,high_amount,87.42,escalated,2025-09-05 03:12:03
A0005698,T00017353,velocity,77.07,escalated,2025-12-22 05:21:34
A0005699,T00020575,cross_border,43.06,closed,2025-05-31 07:42:59
A0005700,T00022211,risky_category,64.02,review,2025-11-20 18:24:44
A0005701,T00000057,new_device,60.36,review,2025-11-14 04:49:05
A0005702,T00020823,velocity,37.89,closed,2025-08-29 07:57:05
A0005703,T00001451,velocity,77.06,escalated,2025-05-14 19:04:05
A0005704,T00002377,high_amount,52.9,review,2025-12-20 14:53:10
A0005705,T00012866,velocity,85.26,escalated,2025-08-06 20:09:48
A0005706,T00006583,cross_border,61.46,review,2025-08-30 20:54:35
A0005707,T00022639,high_amount,66.74,review,2025-07-29 10:00:02
A0005708,T00009681,blacklist_match,57.2,review,2025-08-10 01:30:00
A0005709,T00007413,high_amount,51.51,review,2025-12-11 22:57:12
A0005710,T00022045,blacklist_match,8.81,closed,2025-04-19 00:20:44
A0005711,T00008483,velocity,20.23,closed,2025-02-12 07:33:58
A0005712,T00019932,high_amount,41.46,closed,2025-12-17 19:52:01
A0005713,T00011345,risky_category,48.77,closed,2025-03-19 12:36:43
A0005714,T00014054,new_device,30.93,closed,2025-03-09 08:03:09
A0005715,T00008517,cross_border,51.69,review,2025-06-02 14:07:30
A0005716,T00023358,risky_category,46.69,closed,2025-03-21 03:09:32
A0005717,T00011420,risky_category,33.11,closed,2025-11-29 20:11:39
A0005718,T00024976,risky_category,34.57,closed,2025-10-27 21:32:59
A0005719,T00008236,high_amount,22.19,closed,2025-04-25 18:31:58
A0005720,T00007036,risky_category,51.33,review,2025-12-05 14:31:25
A0005721,T00012361,risky_category,25.72,closed,2025-08-14 12:02:14
A0005722,T00021761,new_device,74.64,review,2025-11-29 13:20:06
A0005723,T00005887,cross_border,21.13,closed,2025-03-19 04:15:06
A0005724,T00021633,risky_category,54.33,review,2025-08-19 00:51:26
A0005725,T00023664,new_device,77.19,escalated,2025-09-23 21:09:02
A0005726,T00008843,blacklist_match,46.38,closed,2025-08-22 07:10:17
A0005727,T00022919,velocity,61.41,review,2025-07-27 03:18:30
A0005728,T00023422,high_amount,83.72,escalated,2025-01-26 10:16:02
A0005729,T00015446,velocity,77.55,escalated,2025-09-02 18:21:24
A0005730,T00011735,velocity,39.58,closed,2025-02-13 04:55:05
A0005731,T00022896,risky_category,60.87,review,2025-04-24 16:03:49
A0005732,T00019926,cross_border,64.24,review,2025-06-21 23:08:09
A0005733,T00021333,risky_category,66.55,review,2025-10-08 06:20:09
A0005734,T00022202,velocity,59.49,review,2025-01-25 13:23:31
A0005735,T00021512,high_amount,75.08,escalated,2025-07-04 14:39:06
A0005736,T00012961,velocity,33.15,closed,2025-03-05 18:03:41
A0005737,T00022098,cross_border,80.09,escalated,2025-03-15 09:04:17
A0005738,T00002566,risky_category,62.39,review,2025-12-02 13:55:35
A0005739,T00015354,new_device,91.39,escalated,2025-06-18 00:21:43
A0005740,T00022022,velocity,35.62,closed,2025-11-28 11:09:58
A0005741,T00023891,cross_border,11.05,closed,2025-06-01 04:42:54
A0005742,T00008581,high_amount,82.13,escalated,2025-02-03 05:51:37
A0005743,T00017513,velocity,43.3,closed,2025-09-04 15:47:07
A0005744,T00004768,velocity,82.41,escalated,2025-09-20 14:07:01
A0005745,T00001462,cross_border,64.42,review,2025-08-07 10:10:40
A0005746,T00018156,cross_border,59.3,review,2025-04-09 00:59:27
A0005747,T00019470,cross_border,42.33,closed,2025-05-09 08:03:48
A0005748,T00001073,risky_category,23.6,closed,2025-04-21 06:12:31
A0005749,T00006749,cross_border,21.8,closed,2025-02-08 04:17:39
A0005750,T00003329,new_device,58.35,review,2025-12-07 01:20:03
A0005751,T00024052,new_device,44.94,closed,2025-10-22 22:42:44
A0005752,T00024693,new_device,48.25,closed,2025-05-27 07:31:20
A0005753,T00018582,new_device,83.75,escalated,2025-06-11 16:47:16
A0005754,T00019383,new_device,62.85,review,2025-11-09 07:50:33
A0005755,T00007175,risky_category,90.91,escalated,2025-09-01 03:58:44
A0005756,T00024822,new_device,25.11,closed,2025-02-08 10:56:02
A0005757,T00000308,high_amount,65.59,review,2025-03-20 20:45:01
A0005758,T00012407,velocity,69.77,review,2025-01-21 02:14:50
A0005759,T00006645,new_device,61.42,review,2025-12-16 07:09:22
A0005760,T00007280,velocity,38.27,closed,2025-07-01 12:17:58
A0005761,T00024198,new_device,66.33,review,2025-12-12 04:55:40
A0005762,T00022082,velocity,48.39,closed,2025-03-26 13:41:26
A0005763,T00015048,velocity,90.92,escalated,2025-09-14 07:59:21
A0005764,T00006874,new_device,71.51,review,2025-04-07 00:19:17
A0005765,T00002932,high_amount,59.87,review,2025-04-23 05:41:09
A0005766,T00015387,velocity,65.23,review,2025-05-21 23:15:49
A0005767,T00007348,velocity,92.29,escalated,2025-05-14 01:35:58
A0005768,T00017047,new_device,19.07,closed,2025-05-16 10:25:51
A0005769,T00012437,high_amount,91.47,escalated,2025-02-26 08:51:55
A0005770,T00018579,risky_category,42.02,closed,2025-06-17 16:41:49
A0005771,T00001885,velocity,71.29,review,2025-05-26 07:33:45
A0005772,T00018562,risky_category,62.76,review,2025-03-19 07:55:53
A0005773,T00014519,high_amount,40.63,closed,2025-12-30 20:04:40
A0005774,T00005729,new_device,63.07,review,2025-03-01 05:03:42
A0005775,T00018875,velocity,51.45,review,2025-11-28 18:18:55
A0005776,T00004330,velocity,7.24,closed,2025-10-03 06:15:26
A0005777,T00004118,velocity,63.57,review,2025-02-20 12:42:08
A0005778,T00011297,cross_border,74.65,review,2025-07-31 09:47:36
A0005779,T00008283,cross_border,58.97,review,2025-06-21 01:58:36
A0005780,T00007551,cross_border,36.55,closed,2025-03-08 12:52:16
A0005781,T00020494,high_amount,14.38,closed,2025-10-03 22:06:42
A0005782,T00012168,blacklist_match,15.39,closed,2025-08-21 05:28:52
A0005783,T00003162,velocity,63.13,review,2025-03-05 00:08:51
A0005784,T00016677,risky_category,11.32,closed,2025-07-31 22:11:09
A0005785,T00008412,high_amount,42.17,closed,2025-11-30 04:15:17
A0005786,T00020569,high_amount,20.14,closed,2025-10-29 09:39:36
A0005787,T00002908,new_device,42.46,closed,2025-12-16 00:48:41
A0005788,T00017916,blacklist_match,38.73,closed,2025-12-20 01:38:08
A0005789,T00020316,new_device,84.81,escalated,2025-08-09 08:59:29
A0005790,T00016231,new_device,90.7,escalated,2025-10-02 04:43:55
A0005791,T00020808,new_device,34.7,closed,2025-06-24 15:10:32
A0005792,T00022051,cross_border,41.55,closed,2025-06-18 10:43:42
A0005793,T00001690,new_device,77.95,escalated,2025-03-30 20:41:55
A0005794,T00012260,blacklist_match,41.16,closed,2025-09-01 18:42:29
A0005795,T00013133,velocity,29.01,closed,2025-08-11 17:33:41
A0005796,T00003775,velocity,47.53,closed,2025-12-12 02:39:20
A0005797,T00016978,velocity,56.41,review,2025-09-16 05:20:30
A0005798,T00012149,risky_category,64.24,review,2025-10-19 04:27:25
A0005799,T00016204,velocity,80.15,escalated,2025-03-30 21:25:32
A0005800,T00009645,velocity,88.9,escalated,2025-07-06 15:42:40
A0005801,T00007618,risky_category,81.14,escalated,2025-05-26 19:39:44
A0005802,T00010990,high_amount,36.66,closed,2025-05-16 17:02:26
A0005803,T00020795,velocity,62.38,review,2025-04-22 16:46:34
A0005804,T00013403,risky_category,38.42,closed,2025-06-14 06:06:19
A0005805,T00012873,new_device,60.14,review,2025-06-25 22:25:07
A0005806,T00023497,new_device,21.45,closed,2025-02-17 03:04:00
A0005807,T00017461,velocity,36.17,closed,2025-09-17 18:13:21
A0005808,T00011243,risky_category,73.86,review,2025-07-22 08:18:00
A0005809,T00020785,cross_border,80.78,escalated,2025-03-14 02:41:51
A0005810,T00018547,high_amount,18.13,closed,2025-03-13 09:46:01
A0005811,T00022554,high_amount,13.91,closed,2025-12-15 22:09:28
A0005812,T00003439,new_device,35.33,closed,2025-03-26 23:59:21
A0005813,T00010188,risky_category,13.75,closed,2025-07-12 04:11:21
A0005814,T00007593,new_device,14.5,closed,2025-05-23 17:37:25
A0005815,T00020541,velocity,29.42,closed,2025-09-02 14:35:06
A0005816,T00006062,risky_category,59.54,review,2025-12-19 00:40:02
A0005817,T00002850,velocity,93.44,escalated,2025-08-18 21:41:26
A0005818,T00003288,high_amount,47.88,closed,2025-06-05 09:52:55
A0005819,T00007700,velocity,6.96,closed,2025-07-30 06:43:56
A0005820,T00009301,cross_border,79.98,escalated,2025-02-18 22:47:13
A0005821,T00020427,cross_border,66.53,review,2025-10-25 14:53:51
A0005822,T00007394,cross_border,56.8,review,2025-06-19 09:28:41
A0005823,T00019720,cross_border,54.85,review,2025-09-02 17:28:43
A0005824,T00007714,new_device,59.26,review,2025-12-19 16:54:29
A0005825,T00005013,high_amount,68.42,review,2025-11-08 12:45:05
A0005826,T00015822,velocity,39.93,closed,2025-06-22 17:04:03
A0005827,T00002348,high_amount,28.24,closed,2025-05-23 19:29:28
A0005828,T00008097,risky_category,57.13,review,2025-01-11 10:42:00
A0005829,T00004398,new_device,21.25,closed,2025-09-17 17:02:07
A0005830,T00015901,new_device,64.65,review,2025-05-06 07:23:44
A0005831,T00024253,high_amount,47.68,closed,2025-03-08 21:09:45
A0005832,T00005129,risky_category,70.85,review,2025-04-13 22:06:19
A0005833,T00001752,cross_border,26.08,closed,2025-09-02 03:28:56
A0005834,T00017474,high_amount,75.14,escalated,2025-09-10 10:21:17
A0005835,T00018593,cross_border,59.3,review,2025-12-11 05:16:11
A0005836,T00005658,blacklist_match,26.24,closed,2025-02-05 22:47:55
A0005837,T00000096,new_device,71.18,review,2025-03-14 17:08:05
A0005838,T00014368,velocity,59.9,review,2025-10-06 04:49:13
A0005839,T00002467,blacklist_match,34.98,closed,2025-11-24 05:57:10
A0005840,T00011836,velocity,74.62,review,2025-10-17 00:16:25
A0005841,T00006924,new_device,75.88,escalated,2025-10-20 12:33:26
A0005842,T00020279,risky_category,18.86,closed,2025-09-17 23:04:51
A0005843,T00009058,new_device,25.2,closed,2025-08-16 10:59:21
A0005844,T00000140,cross_border,87.71,escalated,2025-07-30 20:58:10
A0005845,T00010168,risky_category,28.03,closed,2025-09-29 13:11:44
A0005846,T00003962,cross_border,42.62,closed,2025-11-15 15:49:20
A0005847,T00002370,risky_category,81.36,escalated,2025-02-27 16:05:26
A0005848,T00004889,high_amount,27.33,closed,2025-10-18 19:26:49
A0005849,T00013217,cross_border,46.6,closed,2025-01-12 23:12:32
A0005850,T00017399,risky_category,53.64,review,2025-10-14 02:32:23
A0005851,T00018187,new_device,33.54,closed,2025-12-28 18:09:11
A0005852,T00011402,velocity,78.28,escalated,2025-12-03 22:09:43
A0005853,T00006259,risky_category,71.81,review,2025-11-18 06:15:32
A0005854,T00011578,velocity,42.31,closed,2025-09-08 18:38:18
A0005855,T00017549,high_amount,5.83,closed,2025-04-12 06:14:27
A0005856,T00004993,cross_border,60.64,review,2025-08-20 07:08:00
A0005857,T00013171,risky_category,85.59,escalated,2025-09-18 12:13:00
A0005858,T00012481,velocity,92.57,escalated,2025-02-03 08:12:32
A0005859,T00020978,risky_category,43.18,closed,2025-07-25 22:37:50
A0005860,T00010574,velocity,27.0,closed,2025-08-10 11:09:03
A0005861,T00012818,new_device,46.09,closed,2025-08-17 18:35:49
A0005862,T00008672,blacklist_match,41.86,closed,2025-08-29 02:57:23
A0005863,T00023257,cross_border,71.15,review,2025-11-24 03:26:34
A0005864,T00007399,high_amount,34.04,closed,2025-11-26 10:46:11
A0005865,T00005516,risky_category,79.48,escalated,2025-12-27 14:07:16
A0005866,T00015546,high_amount,43.59,closed,2025-07-14 23:55:42
A0005867,T00000657,velocity,33.98,closed,2025-06-05 13:38:26
A0005868,T00022310,risky_category,72.06,review,2025-05-07 17:45:28
A0005869,T00004503,risky_category,15.53,closed,2025-04-25 06:43:51
A0005870,T00002818,high_amount,30.34,closed,2025-03-18 06:22:28
A0005871,T00022490,risky_category,81.43,escalated,2025-08-23 23:57:29
A0005872,T00021122,velocity,45.63,closed,2025-08-13 11:49:09
A0005873,T00019605,new_device,41.11,closed,2025-05-13 04:25:03
A0005874,T00006114,risky_category,38.12,closed,2025-12-01 21:12:01
A0005875,T00007841,cross_border,32.18,closed,2025-01-18 07:11:16
A0005876,T00019024,cross_border,65.11,review,2025-05-12 04:24:32
A0005877,T00000829,new_device,28.12,closed,2025-11-06 06:42:54
A0005878,T00013832,risky_category,26.14,closed,2025-07-05 22:51:22
A0005879,T00002421,high_amount,84.37,escalated,2025-06-11 07:03:57
A0005880,T00012566,risky_category,22.39,closed,2025-03-07 04:04:14
A0005881,T00020794,blacklist_match,88.05,escalated,2025-05-13 00:44:11
A0005882,T00013578,velocity,50.87,review,2025-09-14 19:10:19
A0005883,T00000314,risky_category,76.03,escalated,2025-12-21 14:44:31
A0005884,T00023045,cross_border,92.28,escalated,2025-12-07 23:32:37
A0005885,T00001345,risky_category,78.88,escalated,2025-04-28 01:35:19
A0005886,T00024431,new_device,72.13,review,2025-01-17 04:52:13
A0005887,T00011266,high_amount,82.42,escalated,2025-01-09 09:18:50
A0005888,T00020193,cross_border,71.18,review,2025-04-10 09:55:04
A0005889,T00002623,new_device,28.03,closed,2025-06-21 12:42:57
A0005890,T00002435,velocity,88.47,escalated,2025-10-11 08:56:17
A0005891,T00018938,risky_category,47.53,closed,2025-08-26 17:04:54
A0005892,T00018440,velocity,49.75,closed,2025-06-01 16:06:20
A0005893,T00019444,new_device,63.55,review,2025-06-13 01:56:23
A0005894,T00006310,cross_border,29.45,closed,2025-01-01 05:53:43
A0005895,T00019218,risky_category,76.45,escalated,2025-04-07 06:41:28
A0005896,T00007032,velocity,79.72,escalated,2025-11-02 19:58:55
A0005897,T00020170,high_amount,55.84,review,2025-12-30 16:58:30
A0005898,T00024215,new_device,88.15,escalated,2025-09-03 17:34:46
A0005899,T00004038,velocity,32.61,closed,2025-01-06 23:30:55
A0005900,T00019716,risky_category,35.0,closed,2025-04-16 18:26:06
A0005901,T00001543,new_device,16.28,closed,2025-07-15 12:44:26
A0005902,T00011008,cross_border,58.93,review,2025-06-21 16:54:21
A0005903,T00001132,risky_category,47.81,closed,2025-08-21 06:04:31
A0005904,T00003473,high_amount,64.76,review,2025-07-23 14:05:35
A0005905,T00000026,blacklist_match,34.32,closed,2025-11-06 19:24:21
A0005906,T00009189,risky_category,19.24,closed,2025-07-12 01:20:18
A0005907,T00019097,high_amount,20.35,closed,2025-04-18 10:56:49
A0005908,T00003738,cross_border,49.09,closed,2025-04-30 21:54:33
A0005909,T00002761,blacklist_match,52.13,review,2025-05-23 02:09:07
A0005910,T00023860,velocity,10.17,closed,2025-10-30 11:48:54
A0005911,T00005042,high_amount,23.01,closed,2025-02-05 17:41:45
A0005912,T00011839,new_device,28.2,closed,2025-09-14 12:01:15
A0005913,T00020065,velocity,84.41,escalated,2025-07-05 09:32:03
A0005914,T00023855,high_amount,28.48,closed,2025-06-26 06:17:46
A0005915,T00022048,new_device,27.42,closed,2025-01-31 21:41:34
A0005916,T00019784,velocity,86.93,escalated,2025-04-14 23:58:10
A0005917,T00008076,cross_border,38.28,closed,2025-08-12 22:56:43
A0005918,T00015184,velocity,56.47,review,2025-03-20 21:58:58
A0005919,T00003740,velocity,85.79,escalated,2025-09-03 20:05:59
A0005920,T00017450,new_device,75.63,escalated,2025-06-29 01:30:55
A0005921,T00019770,new_device,44.89,closed,2025-04-29 17:11:35
A0005922,T00002522,risky_category,29.32,closed,2025-08-22 03:16:08
A0005923,T00002619,new_device,49.63,closed,2025-09-11 05:19:18
A0005924,T00012307,velocity,41.36,closed,2025-05-02 04:56:11
A0005925,T00003239,cross_border,16.6,closed,2025-08-24 13:41:26
A0005926,T00016551,new_device,21.76,closed,2025-09-02 14:33:18
A0005927,T00005161,velocity,61.07,review,2025-06-20 00:57:36
A0005928,T00020208,velocity,13.76,closed,2025-07-26 19:15:46
A0005929,T00022210,high_amount,68.59,review,2025-02-16 02:19:02
A0005930,T00008769,cross_border,66.92,review,2025-07-18 04:17:54
A0005931,T00018558,new_device,31.99,closed,2025-07-19 06:49:52
A0005932,T00019768,high_amount,53.98,review,2025-12-18 11:56:08
A0005933,T00023473,velocity,79.0,escalated,2025-12-05 19:22:27
A0005934,T00020572,new_device,39.67,closed,2025-03-14 08:42:19
A0005935,T00020474,cross_border,49.07,closed,2025-08-07 09:18:58
A0005936,T00022635,cross_border,38.54,closed,2025-12-22 12:37:40
A0005937,T00010695,risky_category,72.16,review,2025-09-27 19:03:46
A0005938,T00020955,new_device,34.29,closed,2025-04-27 09:49:52
A0005939,T00011394,blacklist_match,44.26,closed,2025-10-23 10:55:51
A0005940,T00009575,velocity,64.63,review,2025-05-04 01:54:03
A0005941,T00007319,high_amount,14.79,closed,2025-09-07 21:12:49
A0005942,T00023748,high_amount,95.98,escalated,2025-04-17 01:19:06
A0005943,T00014796,new_device,42.61,closed,2025-05-28 23:03:00
A0005944,T00004971,high_amount,33.0,closed,2025-03-27 13:05:37
A0005945,T00006341,velocity,57.61,review,2025-10-07 15:50:58
A0005946,T00012028,risky_category,47.75,closed,2025-03-18 05:37:26
A0005947,T00010619,velocity,68.04,review,2025-11-29 09:28:32
A0005948,T00002771,risky_category,40.34,closed,2025-12-21 01:17:18
A0005949,T00000456,cross_border,87.98,escalated,2025-10-03 20:42:59
A0005950,T00006180,velocity,27.24,closed,2025-02-13 13:56:25
A0005951,T00008714,blacklist_match,51.96,review,2025-12-17 18:50:40
A0005952,T00015389,velocity,36.88,closed,2025-03-20 04:01:08
A0005953,T00001814,cross_border,47.54,closed,2025-08-12 00:17:38
A0005954,T00016998,blacklist_match,64.23,review,2025-05-27 09:02:03
A0005955,T00007420,risky_category,53.47,review,2025-12-19 05:59:11
A0005956,T00022560,cross_border,69.22,review,2025-02-11 03:09:48
A0005957,T00002266,velocity,35.54,closed,2025-07-07 19:32:10
A0005958,T00009972,new_device,50.6,review,2025-12-27 15:43:25
A0005959,T00002481,high_amount,66.4,review,2025-09-22 04:28:31
A0005960,T00001876,velocity,25.28,closed,2025-09-11 03:32:49
A0005961,T00024377,cross_border,54.25,review,2025-05-31 11:24:08
A0005962,T00012224,high_amount,23.44,closed,2025-03-09 18:08:28
A0005963,T00006339,risky_category,57.04,review,2025-09-14 05:19:42
A0005964,T00006283,cross_border,42.99,closed,2025-01-15 21:31:46
A0005965,T00003312,cross_border,74.18,review,2025-02-03 09:46:02
A0005966,T00019168,velocity,59.56,review,2025-11-28 07:12:18
A0005967,T00012084,high_amount,17.37,closed,2025-03-26 01:14:34
A0005968,T00020413,risky_category,40.79,closed,2025-11-28 20:01:48
A0005969,T00020769,new_device,67.1,review,2025-05-13 16:45:27
A0005970,T00023573,new_device,13.64,closed,2025-10-10 21:54:23
A0005971,T00002854,high_amount,38.75,closed,2025-06-09 07:44:19
A0005972,T00009243,new_device,58.18,review,2025-07-23 02:42:15
A0005973,T00017265,new_device,21.72,closed,2025-07-23 06:29:00
A0005974,T00009833,cross_border,11.46,closed,2025-02-23 09:14:31
A0005975,T00004459,velocity,87.54,escalated,2025-01-21 09:18:46
A0005976,T00013412,risky_category,74.78,review,2025-06-09 01:42:31
A0005977,T00022079,blacklist_match,71.6,review,2025-03-08 17:25:10
A0005978,T00023615,new_device,91.11,escalated,2025-08-17 06:19:43
A0005979,T00011491,new_device,80.44,escalated,2025-07-19 18:18:39
A0005980,T00005079,high_amount,30.65,closed,2025-04-29 08:43:40
A0005981,T00024364,velocity,14.0,closed,2025-09-24 00:43:32
A0005982,T00021297,velocity,27.09,closed,2025-02-18 04:54:52
A0005983,T00005449,high_amount,87.17,escalated,2025-02-28 17:44:17
A0005984,T00023323,high_amount,82.84,escalated,2025-01-22 17:12:20
A0005985,T00012786,high_amount,53.2,review,2025-08-06 00:47:54
A0005986,T00015934,velocity,46.11,closed,2025-05-29 06:59:49
A0005987,T00017812,velocity,12.96,closed,2025-12-12 06:26:20
A0005988,T00010457,cross_border,54.41,review,2025-05-18 11:16:02
A0005989,T00023546,high_amount,87.42,escalated,2025-06-19 03:44:41
A0005990,T00014755,new_device,83.2,escalated,2025-04-18 09:28:34
A0005991,T00022301,velocity,51.68,review,2025-04-04 21:12:54
A0005992,T00008049,risky_category,33.41,closed,2025-07-21 05:52:46
A0005993,T00008421,new_device,75.91,escalated,2025-06-28 06:20:15
A0005994,T00002415,high_amount,49.84,closed,2025-08-01 22:14:39
A0005995,T00002245,risky_category,69.6,review,2025-08-09 17:49:05
A0005996,T00010471,high_amount,69.64,review,2025-05-17 16:57:48
A0005997,T00018022,blacklist_match,39.27,closed,2025-05-02 11:32:04
A0005998,T00024480,high_amount,43.14,closed,2025-01-30 03:33:02
A0005999,T00001999,risky_category,16.78,closed,2025-05-25 22:03:41
A0006000,T00005428,cross_border,70.79,review,2025-05-13 11:09:14
A0006001,T00018765,cross_border,13.54,closed,2025-01-20 22:06:39
A0006002,T00020559,new_device,66.94,review,2025-06-18 16:10:27
A0006003,T00007566,velocity,58.49,review,2025-05-25 18:28:23
A0006004,T00019157,cross_border,29.63,closed,2025-06-16 17:02:47
A0006005,T00010657,high_amount,44.81,closed,2025-03-04 21:20:13
A0006006,T00001231,cross_border,96.13,escalated,2025-07-11 06:56:27
A0006007,T00024329,velocity,63.41,review,2025-08-27 03:19:31
A0006008,T00009759,high_amount,38.1,closed,2025-03-14 01:25:14
A0006009,T00023141,new_device,67.92,review,2025-04-18 18:00:55
A0006010,T00013445,high_amount,46.74,closed,2025-01-03 23:29:39
A0006011,T00022242,new_device,22.78,closed,2025-01-09 23:40:00
A0006012,T00012164,cross_border,31.79,closed,2025-07-28 18:02:57
A0006013,T00024705,cross_border,80.73,escalated,2025-10-13 13:54:35
A0006014,T00015541,new_device,36.2,closed,2025-12-22 10:49:45
A0006015,T00013057,risky_category,45.01,closed,2025-11-21 06:33:18
A0006016,T00001229,velocity,46.0,closed,2025-03-16 05:39:17
A0006017,T00004861,velocity,87.22,escalated,2025-12-12 17:07:40
A0006018,T00017564,blacklist_match,47.07,closed,2025-07-19 15:09:46
A0006019,T00000790,blacklist_match,26.59,closed,2025-12-12 10:47:08
A0006020,T00002812,risky_category,24.5,closed,2025-02-15 13:12:13
A0006021,T00001392,cross_border,71.22,review,2025-07-30 08:17:32
A0006022,T00010981,velocity,37.74,closed,2025-06-29 13:02:37
A0006023,T00022342,high_amount,69.91,review,2025-09-21 09:53:05
A0006024,T00003105,high_amount,59.83,review,2025-12-05 07:21:00
A0006025,T00019711,new_device,13.76,closed,2025-03-15 14:42:22
A0006026,T00007016,cross_border,70.74,review,2025-01-15 02:14:14
A0006027,T00001234,blacklist_match,34.45,closed,2025-12-20 21:51:53
A0006028,T00004041,risky_category,18.47,closed,2025-08-23 05:17:43
A0006029,T00012850,new_device,39.73,closed,2025-06-07 01:06:37
A0006030,T00023239,high_amount,46.91,closed,2025-08-22 21:27:49
A0006031,T00004117,new_device,29.74,closed,2025-07-28 01:14:56
A0006032,T00012911,risky_category,77.84,escalated,2025-09-04 15:44:42
A0006033,T00003332,new_device,33.89,closed,2025-11-18 21:26:03
A0006034,T00011143,cross_border,73.37,review,2025-03-03 04:55:27
A0006035,T00000054,velocity,41.82,closed,2025-04-23 05:19:07
A0006036,T00001792,cross_border,69.86,review,2025-08-12 19:26:01
A0006037,T00009140,new_device,70.62,review,2025-05-12 02:08:52
A0006038,T00005746,new_device,73.84,review,2025-10-13 00:14:38
A0006039,T00000561,new_device,43.89,closed,2025-05-12 21:52:02
A0006040,T00006365,velocity,78.05,escalated,2025-05-07 15:11:46
A0006041,T00003960,high_amount,93.05,escalated,2025-07-25 22:18:58
A0006042,T00016370,velocity,57.48,review,2025-06-16 05:11:52
A0006043,T00000798,high_amount,77.33,escalated,2025-12-12 03:24:09
A0006044,T00016316,cross_border,64.47,review,2025-06-06 07:37:03
A0006045,T00018925,blacklist_match,60.32,review,2025-12-15 06:53:36
A0006046,T00000191,new_device,14.21,closed,2025-02-12 05:42:57
A0006047,T00007354,high_amount,91.14,escalated,2025-10-03 07:52:07
A0006048,T00017426,high_amount,85.47,escalated,2025-08-22 01:17:34
A0006049,T00008210,new_device,63.29,review,2025-07-10 23:26:17
A0006050,T00001152,cross_border,57.56,review,2025-09-01 22:08:50
A0006051,T00023637,new_device,73.99,review,2025-09-26 23:52:24
A0006052,T00009924,risky_category,86.65,escalated,2025-03-07 16:49:49
A0006053,T00019104,velocity,58.79,review,2025-02-10 19:34:16
A0006054,T00020827,velocity,24.4,closed,2025-10-09 01:54:57
A0006055,T00006328,blacklist_match,30.29,closed,2025-07-01 04:18:33
A0006056,T00014332,velocity,58.29,review,2025-10-04 15:00:32
A0006057,T00004652,cross_border,40.21,closed,2025-11-23 01:10:07
A0006058,T00001820,velocity,45.44,closed,2025-07-05 00:13:11
A0006059,T00012740,cross_border,56.03,review,2025-01-25 09:34:45
A0006060,T00014937,risky_category,67.29,review,2025-02-21 00:42:27
A0006061,T00001382,high_amount,14.76,closed,2025-03-12 13:22:50
A0006062,T00023363,new_device,79.47,escalated,2025-03-13 19:59:50
A0006063,T00012412,new_device,24.32,closed,2025-03-29 06:48:24
A0006064,T00001042,cross_border,82.09,escalated,2025-11-01 07:28:41
A0006065,T00020998,risky_category,37.09,closed,2025-08-23 12:16:56
A0006066,T00016871,new_device,51.48,review,2025-02-20 12:55:28
A0006067,T00000126,risky_category,22.31,closed,2025-08-04 08:12:51
A0006068,T00005107,risky_category,46.52,closed,2025-11-14 10:52:46
A0006069,T00023676,new_device,32.43,closed,2025-01-07 15:20:17
A0006070,T00020319,new_device,62.1,review,2025-08-19 09:54:27
A0006071,T00014185,velocity,58.31,review,2025-12-31 03:28:41
A0006072,T00016843,cross_border,30.66,closed,2025-01-30 13:20:24
A0006073,T00007649,risky_category,53.6,review,2025-09-13 03:15:12
A0006074,T00001826,risky_category,17.42,closed,2025-02-06 23:40:17
A0006075,T00000760,risky_category,37.17,closed,2025-07-08 22:25:24
A0006076,T00020142,high_amount,65.2,review,2025-11-05 07:05:18
A0006077,T00017320,velocity,26.89,closed,2025-03-01 03:48:49
A0006078,T00015400,risky_category,38.91,closed,2025-04-01 14:25:43
A0006079,T00006544,blacklist_match,23.51,closed,2025-12-15 07:01:01
A0006080,T00002792,high_amount,75.34,escalated,2025-05-23 15:04:29
A0006081,T00010547,velocity,78.99,escalated,2025-03-09 14:21:41
A0006082,T00007101,risky_category,68.04,review,2025-08-16 10:28:54
A0006083,T00024997,risky_category,35.23,closed,2025-12-03 12:44:14
A0006084,T00006459,velocity,25.66,closed,2025-08-27 19:52:15
A0006085,T00011536,cross_border,58.38,review,2025-03-06 00:44:08
A0006086,T00023721,new_device,45.43,closed,2025-03-24 22:00:31
A0006087,T00008501,new_device,22.38,closed,2025-10-22 02:41:37
A0006088,T00003949,new_device,29.04,closed,2025-03-14 15:03:12
A0006089,T00021341,risky_category,66.17,review,2025-01-06 04:30:07
A0006090,T00001605,risky_category,56.05,review,2025-05-30 11:52:33
A0006091,T00011788,risky_category,57.57,review,2025-04-14 22:39:26
A0006092,T00024450,velocity,16.45,closed,2025-12-06 21:47:55
A0006093,T00016235,new_device,73.55,review,2025-07-08 09:26:58
A0006094,T00013619,new_device,69.3,review,2025-10-15 00:05:34
A0006095,T00007740,velocity,62.93,review,2025-06-04 20:45:24
A0006096,T00020315,cross_border,21.68,closed,2025-12-21 11:33:39
A0006097,T00018998,velocity,65.92,review,2025-08-16 09:52:10
A0006098,T00004629,velocity,41.1,closed,2025-02-17 16:55:00
A0006099,T00018611,high_amount,79.11,escalated,2025-08-14 02:52:09
A0006100,T00014004,high_amount,42.26,closed,2025-01-03 00:04:17
A0006101,T00017912,blacklist_match,82.56,escalated,2025-07-05 07:52:45
A0006102,T00015317,cross_border,81.36,escalated,2025-03-05 20:08:55
A0006103,T00005410,velocity,94.75,escalated,2025-08-09 04:52:48
A0006104,T00004756,velocity,64.75,review,2025-11-05 05:53:47
A0006105,T00010907,cross_border,48.69,closed,2025-07-31 18:07:21
A0006106,T00019423,new_device,16.82,closed,2025-11-03 04:22:41
A0006107,T00022462,cross_border,42.42,closed,2025-06-13 11:52:39
A0006108,T00021023,high_amount,51.96,review,2025-02-06 11:00:22
A0006109,T00014240,cross_border,50.01,review,2025-03-25 20:37:41
A0006110,T00013131,high_amount,45.01,closed,2025-08-13 18:17:22
A0006111,T00001428,risky_category,75.72,escalated,2025-05-11 02:24:57
A0006112,T00005805,risky_category,51.06,review,2025-06-12 21:42:10
A0006113,T00013195,cross_border,14.36,closed,2025-05-26 22:48:59
A0006114,T00008816,risky_category,64.14,review,2025-01-06 23:00:37
A0006115,T00023739,risky_category,61.34,review,2025-09-06 17:26:41
A0006116,T00014765,high_amount,9.1,closed,2025-07-11 13:07:10
A0006117,T00004269,new_device,62.13,review,2025-03-26 13:33:15
A0006118,T00013216,new_device,49.86,closed,2025-01-06 07:46:12
A0006119,T00020583,new_device,73.7,review,2025-04-15 22:56:47
A0006120,T00024644,cross_border,16.01,closed,2025-01-15 15:28:27
A0006121,T00004819,cross_border,58.67,review,2025-05-09 05:56:21
A0006122,T00023675,high_amount,21.5,closed,2025-10-16 09:22:12
A0006123,T00015693,blacklist_match,47.88,closed,2025-08-20 22:17:45
A0006124,T00010057,risky_category,55.21,review,2025-04-21 23:52:17
A0006125,T00002362,risky_category,70.57,review,2025-05-26 05:46:23
A0006126,T00021236,blacklist_match,40.83,closed,2025-11-09 05:38:03
A0006127,T00013246,blacklist_match,26.99,closed,2025-02-09 14:49:07
A0006128,T00023797,risky_category,70.0,review,2025-01-22 19:15:45
A0006129,T00024365,velocity,54.83,review,2025-02-26 19:00:00
A0006130,T00016191,blacklist_match,82.1,escalated,2025-09-06 16:37:22
A0006131,T00012037,high_amount,36.47,closed,2025-02-02 21:40:26
A0006132,T00010770,cross_border,29.02,closed,2025-07-13 05:16:52
A0006133,T00006611,high_amount,63.0,review,2025-05-08 21:58:34
A0006134,T00002511,velocity,57.12,review,2025-02-15 08:19:28
A0006135,T00007152,velocity,16.3,closed,2025-09-11 01:39:11
A0006136,T00023371,velocity,69.31,review,2025-10-07 22:34:39
A0006137,T00003070,cross_border,53.27,review,2025-05-04 01:37:13
A0006138,T00024720,high_amount,39.7,closed,2025-12-24 18:40:48
A0006139,T00000268,risky_category,39.27,closed,2025-12-07 01:55:31
A0006140,T00014846,cross_border,69.65,review,2025-11-03 21:11:07
A0006141,T00003393,velocity,47.91,closed,2025-08-11 17:19:05
A0006142,T00003264,velocity,71.8,review,2025-04-01 20:52:15
A0006143,T00021521,high_amount,65.45,review,2025-07-23 10:09:44
A0006144,T00002188,new_device,46.77,closed,2025-09-16 03:39:21
A0006145,T00021141,new_device,82.69,escalated,2025-07-06 03:07:56
A0006146,T00022837,high_amount,81.6,escalated,2025-02-17 22:07:01
A0006147,T00017366,risky_category,49.85,closed,2025-10-28 05:59:35
A0006148,T00011040,new_device,100.0,escalated,2025-08-21 09:50:58
A0006149,T00002542,cross_border,20.41,closed,2025-09-13 15:57:56
A0006150,T00022632,new_device,78.84,escalated,2025-02-10 16:51:38
A0006151,T00018576,high_amount,44.81,closed,2025-04-09 14:40:28
A0006152,T00003874,blacklist_match,84.05,escalated,2025-11-24 11:49:20
A0006153,T00009466,blacklist_match,36.87,closed,2025-11-23 08:14:44
A0006154,T00006046,blacklist_match,60.35,review,2025-07-18 23:00:21
A0006155,T00018077,high_amount,48.36,closed,2025-03-10 12:20:26
A0006156,T00004619,high_amount,79.36,escalated,2025-07-27 15:54:06
A0006157,T00019243,velocity,23.39,closed,2025-03-18 15:53:59
A0006158,T00020647,velocity,66.6,review,2025-11-20 06:16:28
A0006159,T00017211,risky_category,45.07,closed,2025-09-21 07:19:01
A0006160,T00015861,new_device,78.27,escalated,2025-12-29 03:09:10
A0006161,T00001616,high_amount,77.39,escalated,2025-09-09 13:05:55
A0006162,T00017012,high_amount,68.24,review,2025-03-30 12:17:53
A0006163,T00022543,blacklist_match,63.33,review,2025-09-19 12:45:47
A0006164,T00015273,risky_category,39.19,closed,2025-12-08 21:40:43
A0006165,T00017262,cross_border,84.7,escalated,2025-07-08 11:17:51
A0006166,T00013757,cross_border,30.38,closed,2025-01-23 07:39:42
A0006167,T00004628,high_amount,60.45,review,2025-01-08 08:26:56
A0006168,T00019385,risky_category,80.77,escalated,2025-09-09 06:25:22
A0006169,T00005044,cross_border,72.46,review,2025-10-03 13:08:23
A0006170,T00021429,risky_category,3.66,closed,2025-09-29 10:25:12
A0006171,T00013200,cross_border,37.98,closed,2025-03-14 16:25:42
A0006172,T00005634,cross_border,32.85,closed,2025-12-25 05:41:43
A0006173,T00006556,new_device,30.52,closed,2025-07-24 16:50:16
A0006174,T00008199,cross_border,73.7,review,2025-06-01 23:58:31
A0006175,T00022745,risky_category,79.07,escalated,2025-03-22 16:25:17
A0006176,T00024630,high_amount,30.52,closed,2025-05-23 01:32:21
A0006177,T00017204,cross_border,90.58,escalated,2025-01-26 07:33:19
A0006178,T00001343,new_device,93.3,escalated,2025-01-04 07:40:39
A0006179,T00012574,risky_category,37.65,closed,2025-07-13 08:38:37
A0006180,T00002291,high_amount,16.1,closed,2025-02-16 07:35:41
A0006181,T00023482,risky_category,47.08,closed,2025-12-21 07:21:35
A0006182,T00015020,velocity,56.67,review,2025-05-24 06:41:34
A0006183,T00000951,risky_category,6.21,closed,2025-03-11 14:37:44
A0006184,T00005421,high_amount,39.98,closed,2025-12-26 08:53:58
A0006185,T00018387,cross_border,76.83,escalated,2025-05-28 07:04:19
A0006186,T00000839,high_amount,74.84,review,2025-10-20 10:18:35
A0006187,T00004328,new_device,65.96,review,2025-06-18 11:35:17
A0006188,T00021137,cross_border,34.1,closed,2025-07-01 21:42:05
A0006189,T00013318,new_device,35.84,closed,2025-12-02 01:13:28
A0006190,T00016106,high_amount,90.56,escalated,2025-03-24 03:39:33
A0006191,T00017545,blacklist_match,35.69,closed,2025-11-17 05:24:53
A0006192,T00016317,cross_border,73.02,review,2025-01-24 01:46:57
A0006193,T00021991,new_device,56.14,review,2025-07-01 19:37:09
A0006194,T00021546,velocity,45.28,closed,2025-05-05 10:06:27
A0006195,T00007547,cross_border,37.75,closed,2025-06-15 17:27:14
A0006196,T00013677,high_amount,64.05,review,2025-12-18 16:20:09
A0006197,T00013005,velocity,90.83,escalated,2025-09-30 09:25:24
A0006198,T00018675,cross_border,46.91,closed,2025-06-17 17:37:30
A0006199,T00008389,cross_border,26.36,closed,2025-01-30 02:03:10
A0006200,T00015154,risky_category,81.74,escalated,2025-05-26 08:47:28
A0006201,T00021972,high_amount,53.15,review,2025-11-19 20:51:37
A0006202,T00006454,cross_border,32.87,closed,2025-05-03 01:52:38
A0006203,T00013253,risky_category,48.14,closed,2025-02-18 12:17:29
A0006204,T00000853,blacklist_match,73.74,review,2025-09-02 01:32:02
A0006205,T00023563,velocity,48.05,closed,2025-02-21 15:14:01
A0006206,T00013982,risky_category,38.11,closed,2025-02-11 00:10:20
A0006207,T00010257,new_device,91.82,escalated,2025-04-16 17:47:25
A0006208,T00006599,new_device,70.27,review,2025-05-27 17:43:08
A0006209,T00018723,velocity,70.73,review,2025-11-06 01:33:33
A0006210,T00018180,risky_category,42.3,closed,2025-07-01 06:25:07
A0006211,T00012355,high_amount,58.57,review,2025-05-22 00:45:55
A0006212,T00011948,new_device,73.83,review,2025-06-11 23:20:43
A0006213,T00010194,risky_category,63.09,review,2025-12-10 12:32:21
A0006214,T00000476,new_device,35.08,closed,2025-04-24 01:13:05
A0006215,T00013772,new_device,7.35,closed,2025-08-14 17:33:22
A0006216,T00023590,new_device,47.34,closed,2025-10-13 09:49:16
A0006217,T00009119,new_device,67.21,review,2025-07-19 21:28:31
A0006218,T00015257,risky_category,43.03,closed,2025-12-21 02:16:10
A0006219,T00014607,cross_border,61.65,review,2025-05-18 01:25:54
A0006220,T00014685,cross_border,49.94,closed,2025-12-18 23:56:25
A0006221,T00022963,cross_border,11.92,closed,2025-04-09 18:05:35
A0006222,T00015302,velocity,71.56,review,2025-09-09 20:07:21
A0006223,T00012720,velocity,55.79,review,2025-04-08 00:11:53
A0006224,T00007872,new_device,42.34,closed,2025-07-02 00:40:26
A0006225,T00006235,new_device,34.6,closed,2025-03-19 11:13:58
A0006226,T00019816,risky_category,47.65,closed,2025-04-04 12:22:12
A0006227,T00020935,new_device,82.71,escalated,2025-02-11 04:07:06
A0006228,T00017392,high_amount,81.06,escalated,2025-12-17 17:40:27
A0006229,T00013098,velocity,45.0,closed,2025-09-28 22:39:23
A0006230,T00011203,cross_border,79.34,escalated,2025-09-10 03:36:32
A0006231,T00010451,velocity,29.64,closed,2025-05-26 03:51:08
A0006232,T00022839,high_amount,88.83,escalated,2025-04-11 23:23:45
A0006233,T00012984,velocity,86.38,escalated,2025-12-24 12:26:50
A0006234,T00013784,velocity,61.45,review,2025-04-14 08:10:27
A0006235,T00003788,high_amount,83.93,escalated,2025-07-20 08:18:08
A0006236,T00022902,cross_border,72.02,review,2025-02-09 02:52:32
A0006237,T00016545,cross_border,47.6,closed,2025-08-22 07:07:53
A0006238,T00021456,new_device,88.87,escalated,2025-02-26 01:31:53
A0006239,T00013576,velocity,66.96,review,2025-02-03 00:17:10
A0006240,T00003350,velocity,21.89,closed,2025-10-17 17:14:25
A0006241,T00003397,risky_category,48.35,closed,2025-03-15 02:33:34
A0006242,T00002903,high_amount,25.47,closed,2025-04-10 14:23:45
A0006243,T00023832,high_amount,49.28,closed,2025-08-02 00:42:11
A0006244,T00007325,cross_border,40.13,closed,2025-01-01 23:14:34
A0006245,T00019872,cross_border,41.77,closed,2025-10-26 00:48:53
A0006246,T00005179,blacklist_match,56.69,review,2025-08-03 03:34:50
A0006247,T00013207,new_device,69.87,review,2025-04-24 14:05:45
A0006248,T00023458,velocity,56.57,review,2025-11-12 20:23:19
A0006249,T00018294,velocity,84.97,escalated,2025-09-20 22:55:34
A0006250,T00020514,cross_border,27.45,closed,2025-06-10 07:07:31
A0006251,T00012087,velocity,29.68,closed,2025-09-22 18:06:17
A0006252,T00015450,risky_category,67.43,review,2025-08-17 12:48:24
A0006253,T00016262,cross_border,20.7,closed,2025-05-30 01:28:06
A0006254,T00017743,risky_category,78.3,escalated,2025-08-10 20:08:10
A0006255,T00022592,velocity,66.25,review,2025-04-18 18:01:11
A0006256,T00011106,blacklist_match,27.28,closed,2025-06-07 09:01:40
A0006257,T00002135,cross_border,58.16,review,2025-05-07 14:24:33
A0006258,T00020754,high_amount,46.67,closed,2025-01-10 06:13:03
A0006259,T00013015,high_amount,45.17,closed,2025-02-06 07:00:31
A0006260,T00023591,cross_border,22.73,closed,2025-05-24 02:17:29
A0006261,T00000553,cross_border,37.94,closed,2025-07-17 06:29:05
A0006262,T00004764,high_amount,16.69,closed,2025-07-14 07:16:03
A0006263,T00016167,risky_category,73.64,review,2025-08-27 17:07:25
A0006264,T00018408,cross_border,61.37,review,2025-11-18 15:08:12
A0006265,T00007206,high_amount,83.49,escalated,2025-10-20 07:16:54
A0006266,T00023355,risky_category,68.25,review,2025-11-27 23:08:01
A0006267,T00006097,velocity,14.65,closed,2025-09-28 23:55:34
A0006268,T00017140,new_device,48.06,closed,2025-08-04 12:19:58
A0006269,T00022245,high_amount,62.13,review,2025-01-26 20:21:02
A0006270,T00012187,velocity,100.0,escalated,2025-03-30 20:35:03
A0006271,T00015091,velocity,64.22,review,2025-04-10 13:59:27
A0006272,T00010504,risky_category,90.43,escalated,2025-07-06 03:58:25
A0006273,T00001290,velocity,56.35,review,2025-08-01 12:51:43
A0006274,T00005128,cross_border,28.58,closed,2025-12-05 13:04:38
A0006275,T00022891,risky_category,81.24,escalated,2025-09-24 21:07:23
A0006276,T00010468,velocity,46.65,closed,2025-01-07 10:14:54
A0006277,T00021541,cross_border,66.77,review,2025-11-03 13:04:25
A0006278,T00012136,cross_border,75.88,escalated,2025-07-31 04:59:47
A0006279,T00010117,velocity,5.99,closed,2025-06-23 12:44:14
A0006280,T00011168,cross_border,100.0,escalated,2025-04-15 01:39:36
A0006281,T00005337,high_amount,77.24,escalated,2025-05-30 01:47:28
A0006282,T00011212,blacklist_match,47.68,closed,2025-05-06 23:20:41
A0006283,T00019728,risky_category,88.41,escalated,2025-11-21 01:42:46
A0006284,T00019070,risky_category,52.17,review,2025-07-11 22:18:38
A0006285,T00004129,new_device,77.82,escalated,2025-09-27 18:44:31
A0006286,T00017792,velocity,46.91,closed,2025-08-27 16:47:39
A0006287,T00008003,risky_category,37.88,closed,2025-06-12 03:20:58
A0006288,T00002137,velocity,48.14,closed,2025-10-09 12:59:46
A0006289,T00000791,new_device,49.57,closed,2025-04-02 19:31:18
A0006290,T00008582,risky_category,65.61,review,2025-11-19 00:11:56
A0006291,T00024464,cross_border,36.74,closed,2025-08-17 16:20:30
A0006292,T00017583,risky_category,68.52,review,2025-09-27 06:30:36
A0006293,T00022069,high_amount,86.21,escalated,2025-11-10 08:25:08
A0006294,T00008996,new_device,67.6,review,2025-10-21 02:38:12
A0006295,T00020320,high_amount,65.35,review,2025-11-05 20:27:05
A0006296,T00017435,blacklist_match,79.41,escalated,2025-07-10 09:45:30
A0006297,T00017534,cross_border,6.38,closed,2025-09-29 22:07:41
A0006298,T00015697,high_amount,20.34,closed,2025-08-09 09:09:24
A0006299,T00002519,blacklist_match,65.63,review,2025-09-15 07:28:18
A0006300,T00013940,cross_border,68.62,review,2025-04-25 01:38:58
A0006301,T00016387,risky_category,37.28,closed,2025-10-22 08:59:35
A0006302,T00020988,risky_category,69.27,review,2025-12-03 00:49:20
A0006303,T00002488,risky_category,70.25,review,2025-07-21 23:42:19
A0006304,T00015800,high_amount,52.03,review,2025-08-15 19:47:06
A0006305,T00015683,velocity,27.73,closed,2025-10-06 17:44:19
A0006306,T00019090,cross_border,59.34,review,2025-07-15 07:23:53
A0006307,T00007865,high_amount,42.23,closed,2025-04-11 01:11:52
A0006308,T00005598,high_amount,14.99,closed,2025-03-17 13:27:55
A0006309,T00006432,new_device,49.7,closed,2025-05-27 17:43:06
A0006310,T00009656,cross_border,54.29,review,2025-04-26 23:34:13
A0006311,T00007241,velocity,33.75,closed,2025-11-16 14:45:01
A0006312,T00023897,cross_border,74.4,review,2025-08-27 06:42:04
A0006313,T00014861,high_amount,71.95,review,2025-02-11 01:05:53
A0006314,T00021728,blacklist_match,16.51,closed,2025-11-14 05:49:43
A0006315,T00007207,blacklist_match,78.46,escalated,2025-11-25 14:58:20
A0006316,T00019915,high_amount,55.79,review,2025-11-14 20:25:04
A0006317,T00015713,high_amount,68.51,review,2025-07-26 06:26:26
A0006318,T00010872,new_device,27.38,closed,2025-05-04 01:10:17
A0006319,T00001782,velocity,88.29,escalated,2025-03-13 19:05:17
A0006320,T00024936,cross_border,51.95,review,2025-03-28 00:39:38
A0006321,T00007188,high_amount,87.52,escalated,2025-06-11 17:59:12
A0006322,T00018619,cross_border,16.44,closed,2025-10-15 17:43:39
A0006323,T00006228,velocity,51.23,review,2025-01-22 11:07:08
A0006324,T00015555,blacklist_match,68.65,review,2025-05-14 23:05:30
A0006325,T00009963,high_amount,37.25,closed,2025-07-10 10:59:59
A0006326,T00022135,risky_category,44.36,closed,2025-06-10 19:37:00
A0006327,T00007109,high_amount,54.11,review,2025-11-18 03:17:33
A0006328,T00011982,velocity,74.08,review,2025-11-04 13:50:19
A0006329,T00023692,new_device,74.56,review,2025-06-01 19:46:39
A0006330,T00000775,cross_border,84.85,escalated,2025-08-04 17:55:39
A0006331,T00020621,new_device,23.68,closed,2025-06-17 22:22:29
A0006332,T00000278,cross_border,79.71,escalated,2025-07-05 16:55:33
A0006333,T00003119,velocity,92.48,escalated,2025-12-24 06:35:15
A0006334,T00009092,high_amount,48.34,closed,2025-10-20 03:21:14
A0006335,T00009419,risky_category,90.92,escalated,2025-06-09 16:09:53
A0006336,T00019603,risky_category,84.78,escalated,2025-08-27 05:52:21
A0006337,T00014340,velocity,46.08,closed,2025-06-21 00:49:24
A0006338,T00021494,new_device,75.85,escalated,2025-06-12 10:06:27
A0006339,T00017013,new_device,46.29,closed,2025-04-14 16:08:34
A0006340,T00004959,new_device,36.62,closed,2025-05-16 18:48:59
A0006341,T00002540,risky_category,65.44,review,2025-01-25 22:20:16
A0006342,T00005782,new_device,31.63,closed,2025-06-20 16:57:33
A0006343,T00013389,new_device,65.86,review,2025-03-05 14:19:07
A0006344,T00017223,risky_category,26.91,closed,2025-07-29 07:46:10
A0006345,T00005099,risky_category,12.02,closed,2025-04-12 21:45:56
A0006346,T00006299,blacklist_match,67.53,review,2025-12-28 08:42:30
A0006347,T00001304,high_amount,40.02,closed,2025-05-08 19:52:06
A0006348,T00017647,new_device,39.45,closed,2025-05-16 15:27:15
A0006349,T00008469,velocity,53.29,review,2025-02-16 14:58:30
A0006350,T00023531,velocity,52.35,review,2025-07-01 11:11:00
A0006351,T00015899,high_amount,43.31,closed,2025-01-15 12:58:47
A0006352,T00002684,velocity,55.53,review,2025-06-14 21:03:21
A0006353,T00000678,risky_category,75.1,escalated,2025-11-18 14:16:05
A0006354,T00004585,risky_category,45.8,closed,2025-05-05 11:48:57
A0006355,T00017240,new_device,34.56,closed,2025-09-01 13:48:56
A0006356,T00002299,new_device,14.62,closed,2025-07-21 10:46:02
A0006357,T00009724,velocity,71.13,review,2025-02-08 21:03:52
A0006358,T00006220,cross_border,38.4,closed,2025-01-13 06:12:50
A0006359,T00014477,high_amount,49.56,closed,2025-09-04 15:29:26
A0006360,T00019677,cross_border,30.72,closed,2025-08-12 11:17:20
A0006361,T00000925,new_device,11.54,closed,2025-11-16 17:18:24
A0006362,T00024133,high_amount,57.88,review,2025-05-12 11:44:21
A0006363,T00021170,new_device,73.07,review,2025-09-25 03:43:52
A0006364,T00016687,cross_border,30.15,closed,2025-10-22 19:06:00
A0006365,T00006021,risky_category,17.22,closed,2025-02-03 06:05:12
A0006366,T00012477,risky_category,64.41,review,2025-01-26 11:48:55
A0006367,T00004595,velocity,49.54,closed,2025-05-25 06:14:07
A0006368,T00010261,cross_border,64.06,review,2025-03-08 19:43:54
A0006369,T00017336,cross_border,53.85,review,2025-11-05 07:22:44
A0006370,T00022402,risky_category,38.91,closed,2025-01-08 16:18:51
A0006371,T00021851,high_amount,76.45,escalated,2025-06-05 15:09:34
A0006372,T00014748,cross_border,39.88,closed,2025-03-08 09:44:56
A0006373,T00011819,high_amount,30.16,closed,2025-02-27 19:24:30
A0006374,T00007261,cross_border,63.52,review,2025-07-09 13:42:25
A0006375,T00023961,new_device,59.14,review,2025-02-07 15:03:05
A0006376,T00010105,risky_category,75.8,escalated,2025-10-15 17:32:26
A0006377,T00006195,new_device,26.27,closed,2025-11-08 22:23:22
A0006378,T00016166,risky_category,98.91,escalated,2025-06-15 01:12:57
A0006379,T00015687,cross_border,73.76,review,2025-09-08 03:31:52
A0006380,T00013720,new_device,89.65,escalated,2025-08-24 22:24:17
A0006381,T00005659,new_device,39.15,closed,2025-09-18 05:49:28
A0006382,T00004445,cross_border,39.46,closed,2025-04-23 12:01:16
A0006383,T00003259,velocity,58.16,review,2025-05-29 01:10:55
A0006384,T00000320,high_amount,53.14,review,2025-02-10 22:49:25
A0006385,T00017898,risky_category,35.61,closed,2025-02-19 13:13:18
A0006386,T00022967,cross_border,59.76,review,2025-11-23 21:48:24
A0006387,T00015719,risky_category,28.19,closed,2025-11-13 12:27:36
A0006388,T00005116,high_amount,47.01,closed,2025-02-22 14:29:43
A0006389,T00022233,velocity,33.91,closed,2025-12-24 22:28:22
A0006390,T00001725,high_amount,13.39,closed,2025-09-18 02:00:29
A0006391,T00011731,new_device,54.19,review,2025-09-23 22:08:06
A0006392,T00024569,blacklist_match,35.82,closed,2025-06-12 16:57:21
A0006393,T00002611,new_device,41.46,closed,2025-09-13 18:09:36
A0006394,T00024517,high_amount,48.98,closed,2025-10-17 18:34:10
A0006395,T00008458,new_device,37.99,closed,2025-07-02 01:06:25
A0006396,T00002359,risky_category,49.67,closed,2025-08-17 21:27:15
A0006397,T00014481,cross_border,38.42,closed,2025-07-03 09:11:14
A0006398,T00007275,velocity,38.9,closed,2025-04-21 11:34:04
A0006399,T00012805,high_amount,56.32,review,2025-07-04 15:24:46
A0006400,T00008191,high_amount,20.77,closed,2025-01-11 15:28:08
A0006401,T00003035,new_device,46.09,closed,2025-11-09 20:08:36
A0006402,T00000754,high_amount,64.72,review,2025-04-22 22:24:33
A0006403,T00020694,cross_border,68.03,review,2025-07-18 23:17:28
A0006404,T00014181,risky_category,75.18,escalated,2025-12-28 22:34:30
A0006405,T00015819,cross_border,59.11,review,2025-12-12 06:59:49
A0006406,T00002501,cross_border,41.53,closed,2025-06-15 13:10:44
A0006407,T00004923,velocity,76.82,escalated,2025-01-11 12:45:12
A0006408,T00000202,velocity,42.79,closed,2025-09-14 02:40:19
A0006409,T00016549,cross_border,26.79,closed,2025-09-27 19:47:29
A0006410,T00012679,velocity,54.04,review,2025-01-31 21:39:58
A0006411,T00015705,blacklist_match,27.27,closed,2025-06-10 00:53:59
A0006412,T00013705,cross_border,75.48,escalated,2025-04-30 02:12:43
A0006413,T00015879,cross_border,46.12,closed,2025-07-10 08:51:53
A0006414,T00019833,risky_category,62.57,review,2025-06-29 03:17:19
A0006415,T00005343,blacklist_match,47.39,closed,2025-12-25 17:10:16
A0006416,T00011786,risky_category,49.56,closed,2025-08-01 12:45:55
A0006417,T00012140,new_device,48.86,closed,2025-06-07 12:48:22
A0006418,T00018189,new_device,61.62,review,2025-01-16 19:26:57
A0006419,T00002599,cross_border,32.93,closed,2025-03-11 08:47:08
A0006420,T00002058,velocity,94.03,escalated,2025-11-06 12:20:35
A0006421,T00013515,risky_category,26.73,closed,2025-04-05 19:20:44
A0006422,T00023075,blacklist_match,78.53,escalated,2025-08-23 05:48:25
A0006423,T00023898,new_device,18.72,closed,2025-11-15 07:17:20
A0006424,T00003244,velocity,79.74,escalated,2025-09-22 05:04:37
A0006425,T00000342,high_amount,52.15,review,2025-01-09 11:45:58
A0006426,T00023076,risky_category,71.65,review,2025-05-12 06:32:52
A0006427,T00008610,velocity,58.23,review,2025-07-05 10:06:16
A0006428,T00017704,velocity,30.7,closed,2025-02-05 00:40:36
A0006429,T00022664,new_device,69.95,review,2025-03-22 16:31:16
A0006430,T00019981,velocity,19.13,closed,2025-12-25 04:20:05
A0006431,T00020855,new_device,37.6,closed,2025-02-05 11:24:31
A0006432,T00013870,risky_category,51.51,review,2025-03-06 04:52:34
A0006433,T00003673,new_device,41.29,closed,2025-03-24 04:12:32
A0006434,T00008690,new_device,53.3,review,2025-08-31 00:34:06
A0006435,T00024586,cross_border,17.89,closed,2025-12-01 00:15:10
A0006436,T00000236,blacklist_match,16.72,closed,2025-01-24 09:53:15
A0006437,T00020594,risky_category,74.97,review,2025-03-10 14:27:26
A0006438,T00001186,blacklist_match,67.91,review,2025-02-19 09:20:22
A0006439,T00021326,high_amount,77.68,escalated,2025-01-19 15:25:22
A0006440,T00003802,velocity,39.04,closed,2025-12-24 21:08:34
A0006441,T00022054,risky_category,55.05,review,2025-01-25 21:03:57
A0006442,T00012723,cross_border,81.38,escalated,2025-04-21 05:20:57
A0006443,T00008931,risky_category,44.38,closed,2025-08-21 15:05:41
A0006444,T00013282,new_device,34.15,closed,2025-02-01 02:56:39
A0006445,T00003875,high_amount,34.31,closed,2025-01-01 12:45:06
A0006446,T00009416,risky_category,73.33,review,2025-01-31 04:17:52
A0006447,T00023850,risky_category,45.6,closed,2025-09-25 18:16:40
A0006448,T00020171,blacklist_match,64.27,review,2025-06-08 23:03:52
A0006449,T00009688,risky_category,70.83,review,2025-03-08 03:28:46
A0006450,T00008276,risky_category,77.74,escalated,2025-10-06 09:42:26
A0006451,T00010251,blacklist_match,31.13,closed,2025-02-19 07:18:39
A0006452,T00013976,high_amount,63.73,review,2025-10-26 10:26:26
A0006453,T00005400,velocity,40.15,closed,2025-06-06 16:51:05
A0006454,T00020104,high_amount,68.43,review,2025-10-20 20:44:21
A0006455,T00011657,velocity,33.59,closed,2025-03-18 13:56:04
A0006456,T00010753,risky_category,17.13,closed,2025-03-26 12:49:57
A0006457,T00003204,new_device,53.61,review,2025-03-24 20:09:31
A0006458,T00021406,blacklist_match,35.15,closed,2025-01-01 21:29:09
A0006459,T00002834,high_amount,52.31,review,2025-03-03 12:55:39
A0006460,T00006359,high_amount,78.95,escalated,2025-04-08 02:40:26
A0006461,T00010402,high_amount,62.03,review,2025-07-18 22:00:34
A0006462,T00014222,cross_border,81.49,escalated,2025-04-21 19:18:59
A0006463,T00014482,risky_category,59.81,review,2025-04-20 12:10:43
A0006464,T00015343,velocity,42.39,closed,2025-12-04 05:30:27
A0006465,T00010667,new_device,63.73,review,2025-11-03 16:11:51
A0006466,T00014438,velocity,19.95,closed,2025-11-17 10:18:46
A0006467,T00020234,risky_category,21.26,closed,2025-06-08 13:57:58
A0006468,T00015910,risky_category,75.15,escalated,2025-09-21 09:46:02
A0006469,T00010019,velocity,15.61,closed,2025-03-29 17:58:39
A0006470,T00000012,new_device,34.08,closed,2025-04-17 23:18:13
A0006471,T00021720,new_device,31.7,closed,2025-09-23 01:20:49
A0006472,T00004067,high_amount,51.51,review,2025-04-04 18:41:41
A0006473,T00021585,risky_category,78.74,escalated,2025-02-01 16:34:07
A0006474,T00000980,new_device,82.69,escalated,2025-03-19 02:41:34
A0006475,T00014191,cross_border,59.18,review,2025-04-18 16:52:41
A0006476,T00008819,high_amount,97.7,escalated,2025-09-30 22:19:05
A0006477,T00019054,cross_border,49.92,closed,2025-11-24 02:33:32
A0006478,T00009854,blacklist_match,61.76,review,2025-06-18 15:33:48
A0006479,T00003701,cross_border,21.82,closed,2025-07-20 16:58:44
A0006480,T00015160,risky_category,38.52,closed,2025-03-07 13:41:22
A0006481,T00020537,new_device,49.87,closed,2025-08-06 05:46:54
A0006482,T00001836,high_amount,90.12,escalated,2025-09-17 01:56:56
A0006483,T00009926,high_amount,51.67,review,2025-02-21 00:29:08
A0006484,T00018063,high_amount,56.58,review,2025-03-06 04:54:10
A0006485,T00002398,velocity,67.58,review,2025-04-07 20:35:28
A0006486,T00013454,velocity,11.2,closed,2025-01-07 12:44:57
A0006487,T00015955,velocity,24.62,closed,2025-01-19 23:40:43
A0006488,T00009482,velocity,44.0,closed,2025-05-14 02:18:38
A0006489,T00010618,high_amount,7.69,closed,2025-09-29 07:43:26
A0006490,T00002937,risky_category,65.36,review,2025-07-13 19:55:02
A0006491,T00014924,new_device,34.84,closed,2025-10-06 11:03:59
A0006492,T00016577,cross_border,22.31,closed,2025-01-12 13:02:06
A0006493,T00003083,new_device,64.07,review,2025-08-17 09:43:13
A0006494,T00011220,risky_category,76.68,escalated,2025-02-19 14:56:49
A0006495,T00002918,velocity,47.81,closed,2025-08-02 11:28:56
A0006496,T00021310,velocity,36.96,closed,2025-09-07 17:10:42
A0006497,T00004066,new_device,57.9,review,2025-07-27 13:31:15
A0006498,T00009112,velocity,31.71,closed,2025-12-26 08:21:47
A0006499,T00014767,blacklist_match,17.19,closed,2025-08-22 22:48:14
A0006500,T00007811,high_amount,86.47,escalated,2025-08-22 06:45:02
A0006501,T00002476,high_amount,36.49,closed,2025-04-24 01:22:40
A0006502,T00011676,blacklist_match,37.43,closed,2025-12-23 12:30:28
A0006503,T00002523,high_amount,17.44,closed,2025-09-07 05:33:38
A0006504,T00017312,cross_border,96.89,escalated,2025-09-05 09:48:46
A0006505,T00001417,high_amount,16.11,closed,2025-03-10 06:13:56
A0006506,T00011841,velocity,45.56,closed,2025-04-25 07:10:59
A0006507,T00013419,velocity,57.93,review,2025-03-21 03:51:57
A0006508,T00020606,risky_category,71.66,review,2025-12-08 15:04:15
A0006509,T00006817,risky_category,36.71,closed,2025-11-28 14:43:34
A0006510,T00022225,risky_category,29.07,closed,2025-01-26 22:53:50
A0006511,T00012071,blacklist_match,22.08,closed,2025-10-26 12:40:13
A0006512,T00023061,risky_category,36.17,closed,2025-05-09 01:08:14
A0006513,T00011997,risky_category,86.34,escalated,2025-07-29 10:45:02
A0006514,T00007477,risky_category,51.75,review,2025-11-18 03:20:23
A0006515,T00023921,risky_category,23.42,closed,2025-01-23 07:48:05
A0006516,T00001074,high_amount,42.33,closed,2025-08-11 00:55:06
A0006517,T00020251,risky_category,26.25,closed,2025-08-07 00:46:21
A0006518,T00007906,velocity,55.78,review,2025-10-07 11:30:07
A0006519,T00009569,blacklist_match,16.08,closed,2025-01-14 22:22:48
A0006520,T00015620,new_device,53.3,review,2025-01-19 17:45:21
A0006521,T00018222,velocity,13.56,closed,2025-12-04 00:26:05
A0006522,T00018164,cross_border,81.45,escalated,2025-04-28 07:28:18
A0006523,T00006795,velocity,49.25,closed,2025-10-18 06:37:10
A0006524,T00013898,high_amount,58.76,review,2025-04-18 06:49:06
A0006525,T00000521,risky_category,33.43,closed,2025-09-22 16:58:53
A0006526,T00024243,risky_category,68.17,review,2025-07-10 03:47:55
A0006527,T00004682,risky_category,20.89,closed,2025-01-14 03:14:39
A0006528,T00013762,high_amount,32.4,closed,2025-07-31 14:42:20
A0006529,T00022309,velocity,25.43,closed,2025-05-06 16:07:50
A0006530,T00019069,high_amount,78.85,escalated,2025-01-10 17:20:02
A0006531,T00018069,cross_border,90.31,escalated,2025-07-10 05:54:53
A0006532,T00003266,velocity,70.37,review,2025-06-20 23:03:38
A0006533,T00012562,risky_category,52.11,review,2025-06-07 00:08:42
A0006534,T00012099,blacklist_match,38.81,closed,2025-04-18 22:33:34
A0006535,T00015113,velocity,29.2,closed,2025-09-11 09:45:00
A0006536,T00020593,velocity,90.44,escalated,2025-01-01 11:15:08
A0006537,T00010142,velocity,44.91,closed,2025-08-15 14:36:37
A0006538,T00002702,risky_category,53.29,review,2025-10-28 11:10:14
A0006539,T00020783,velocity,94.41,escalated,2025-09-21 16:55:28
A0006540,T00000471,blacklist_match,45.47,closed,2025-10-13 16:24:23
A0006541,T00007173,risky_category,26.68,closed,2025-04-21 19:10:05
A0006542,T00009230,velocity,29.93,closed,2025-03-10 11:15:03
A0006543,T00006351,cross_border,16.29,closed,2025-02-18 19:16:26
A0006544,T00022161,velocity,46.36,closed,2025-12-18 18:45:54
A0006545,T00005855,velocity,51.37,review,2025-08-25 21:18:08
A0006546,T00014770,cross_border,83.83,escalated,2025-11-13 20:36:22
A0006547,T00004529,risky_category,60.86,review,2025-06-02 18:15:16
A0006548,T00003363,risky_category,45.03,closed,2025-08-06 12:24:04
A0006549,T00023714,high_amount,80.14,escalated,2025-09-02 00:03:37
A0006550,T00014294,risky_category,72.35,review,2025-01-12 01:00:14
A0006551,T00004508,risky_category,61.46,review,2025-03-15 14:15:30
A0006552,T00002652,new_device,20.48,closed,2025-11-17 23:10:16
A0006553,T00007254,high_amount,55.65,review,2025-10-25 22:40:37
A0006554,T00020763,risky_category,50.34,review,2025-06-06 08:51:24
A0006555,T00002610,velocity,64.62,review,2025-11-14 05:12:08
A0006556,T00004261,high_amount,32.04,closed,2025-09-03 06:11:56
A0006557,T00001918,high_amount,60.5,review,2025-11-09 15:59:09
A0006558,T00021856,new_device,46.2,closed,2025-08-05 02:54:45
A0006559,T00010688,cross_border,44.06,closed,2025-12-08 22:01:06
A0006560,T00004080,new_device,56.44,review,2025-02-15 01:46:03
A0006561,T00003574,high_amount,23.46,closed,2025-05-30 19:03:02
A0006562,T00021183,high_amount,25.86,closed,2025-06-30 20:21:19
A0006563,T00015254,velocity,59.09,review,2025-10-16 17:12:22
A0006564,T00013422,cross_border,93.02,escalated,2025-04-10 17:12:32
A0006565,T00007389,high_amount,57.2,review,2025-08-04 09:00:45
A0006566,T00008691,high_amount,89.0,escalated,2025-07-13 09:51:15
A0006567,T00016584,cross_border,100.0,escalated,2025-07-12 16:07:58
A0006568,T00020902,cross_border,49.57,closed,2025-01-23 05:07:29
A0006569,T00000467,new_device,62.58,review,2025-01-03 20:16:08
A0006570,T00024205,cross_border,48.82,closed,2025-01-16 08:17:41
A0006571,T00014580,velocity,34.32,closed,2025-07-14 19:27:50
A0006572,T00004948,velocity,15.54,closed,2025-10-29 19:18:51
A0006573,T00017954,new_device,71.83,review,2025-11-25 04:13:13
A0006574,T00012956,new_device,34.37,closed,2025-09-29 17:40:22
A0006575,T00019125,velocity,72.54,review,2025-03-25 08:14:17
A0006576,T00001934,new_device,23.26,closed,2025-08-27 11:20:04
A0006577,T00006968,risky_category,50.98,review,2025-05-31 23:59:01
A0006578,T00012617,velocity,52.89,review,2025-08-06 20:49:14
A0006579,T00007350,risky_category,42.54,closed,2025-01-23 18:45:47
A0006580,T00014463,high_amount,68.4,review,2025-04-07 11:30:55
A0006581,T00023956,high_amount,19.55,closed,2025-05-22 19:17:14
A0006582,T00024147,cross_border,52.79,review,2025-03-14 20:14:34
A0006583,T00000737,cross_border,87.88,escalated,2025-12-30 13:19:25
A0006584,T00018276,new_device,29.4,closed,2025-03-15 04:11:20
A0006585,T00001331,blacklist_match,28.67,closed,2025-08-23 16:51:56
A0006586,T00018940,blacklist_match,14.91,closed,2025-11-08 16:57:17
A0006587,T00021878,risky_category,70.56,review,2025-12-13 17:30:38
A0006588,T00015671,high_amount,33.46,closed,2025-05-16 10:33:19
A0006589,T00018904,velocity,67.18,review,2025-05-05 15:03:21
A0006590,T00023255,cross_border,48.26,closed,2025-11-23 01:56:49
A0006591,T00021459,velocity,32.68,closed,2025-06-11 15:13:12
A0006592,T00021296,high_amount,35.09,closed,2025-03-18 12:34:55
A0006593,T00015025,new_device,80.74,escalated,2025-08-25 05:55:50
A0006594,T00010627,new_device,65.67,review,2025-04-25 01:44:43
A0006595,T00000301,high_amount,20.81,closed,2025-10-24 06:04:35
A0006596,T00018732,new_device,53.74,review,2025-10-26 15:58:01
A0006597,T00011816,risky_category,76.89,escalated,2025-10-19 10:55:44
A0006598,T00020605,risky_category,56.19,review,2025-06-12 14:16:10
A0006599,T00019387,velocity,33.68,closed,2025-03-05 12:34:00
A0006600,T00004659,new_device,43.79,closed,2025-11-02 12:22:26
A0006601,T00010405,risky_category,58.13,review,2025-11-11 02:00:55
A0006602,T00008241,velocity,21.67,closed,2025-09-27 19:30:42
A0006603,T00006802,velocity,90.75,escalated,2025-08-14 08:27:14
A0006604,T00020378,cross_border,15.61,closed,2025-05-04 07:17:22
A0006605,T00000437,high_amount,48.33,closed,2025-11-29 17:54:57
A0006606,T00008503,high_amount,77.82,escalated,2025-04-23 08:04:43
A0006607,T00018330,risky_category,85.24,escalated,2025-05-28 09:40:09
A0006608,T00010064,risky_category,73.76,review,2025-01-26 06:15:26
A0006609,T00023947,risky_category,84.25,escalated,2025-12-06 09:41:39
A0006610,T00000297,risky_category,48.46,closed,2025-03-11 20:14:15
A0006611,T00012958,new_device,34.47,closed,2025-02-26 00:16:48
A0006612,T00013518,high_amount,40.17,closed,2025-09-01 23:36:04
A0006613,T00008986,velocity,38.78,closed,2025-09-03 00:28:35
A0006614,T00016014,blacklist_match,43.67,closed,2025-02-26 05:34:44
A0006615,T00018096,high_amount,38.99,closed,2025-06-06 22:57:33
A0006616,T00016072,cross_border,48.18,closed,2025-01-24 22:26:35
A0006617,T00013329,velocity,28.43,closed,2025-04-30 16:21:55
A0006618,T00016052,blacklist_match,11.02,closed,2025-07-18 04:12:15
A0006619,T00004778,new_device,93.65,escalated,2025-12-16 05:04:05
A0006620,T00014683,high_amount,38.59,closed,2025-02-10 02:06:11
A0006621,T00017591,new_device,40.86,closed,2025-09-18 15:46:37
A0006622,T00002617,velocity,80.28,escalated,2025-11-20 11:00:55
A0006623,T00004697,high_amount,30.09,closed,2025-10-29 22:16:15
A0006624,T00013805,new_device,50.36,review,2025-08-04 01:52:17
A0006625,T00013689,velocity,34.91,closed,2025-02-07 18:50:42
A0006626,T00000228,blacklist_match,81.79,escalated,2025-07-06 09:22:15
A0006627,T00008368,velocity,25.46,closed,2025-03-08 03:28:26
A0006628,T00002826,new_device,41.08,closed,2025-08-17 07:00:44
A0006629,T00002249,velocity,39.91,closed,2025-04-03 00:41:55
A0006630,T00023086,velocity,84.34,escalated,2025-12-08 06:43:11
A0006631,T00008341,new_device,51.6,review,2025-02-07 04:51:49
A0006632,T00004637,risky_category,38.15,closed,2025-11-25 12:39:09
A0006633,T00020531,blacklist_match,67.61,review,2025-03-24 20:27:57
A0006634,T00013036,high_amount,82.4,escalated,2025-09-22 16:28:20
A0006635,T00024686,velocity,81.66,escalated,2025-09-12 11:00:09
A0006636,T00005362,velocity,5.9,closed,2025-10-16 18:05:23
A0006637,T00001276,blacklist_match,50.29,review,2025-03-05 18:07:53
A0006638,T00006340,cross_border,29.74,closed,2025-08-21 21:39:40
A0006639,T00002227,new_device,27.07,closed,2025-04-02 23:43:48
A0006640,T00000938,risky_category,69.81,review,2025-12-15 06:19:43
A0006641,T00020983,cross_border,66.06,review,2025-12-04 22:34:55
A0006642,T00008782,velocity,71.15,review,2025-08-07 23:18:18
A0006643,T00003171,velocity,61.88,review,2025-04-21 06:19:25
A0006644,T00018953,blacklist_match,58.39,review,2025-08-23 16:47:34
A0006645,T00016074,velocity,38.63,closed,2025-08-23 05:58:52
A0006646,T00010298,risky_category,43.08,closed,2025-11-22 15:31:34
A0006647,T00005743,risky_category,80.29,escalated,2025-04-11 18:13:25
A0006648,T00004774,blacklist_match,82.25,escalated,2025-01-22 01:27:23
A0006649,T00023744,velocity,69.77,review,2025-05-10 13:47:27
A0006650,T00012745,new_device,55.63,review,2025-06-11 03:10:43
A0006651,T00009699,cross_border,20.25,closed,2025-08-16 17:19:56
A0006652,T00014337,high_amount,48.55,closed,2025-08-21 23:16:17
A0006653,T00013442,risky_category,87.09,escalated,2025-12-30 12:01:03
A0006654,T00009914,velocity,33.56,closed,2025-09-16 16:03:10
A0006655,T00024650,high_amount,24.4,closed,2025-01-24 04:36:00
A0006656,T00024505,cross_border,64.97,review,2025-09-02 01:52:59
A0006657,T00017501,risky_category,100.0,escalated,2025-05-05 15:56:31
A0006658,T00013247,velocity,68.54,review,2025-07-31 13:35:33
A0006659,T00001689,new_device,30.57,closed,2025-01-10 05:13:49
A0006660,T00004701,velocity,42.0,closed,2025-01-28 13:57:46
A0006661,T00006980,high_amount,79.31,escalated,2025-05-28 21:01:02
A0006662,T00005467,blacklist_match,20.9,closed,2025-09-21 20:59:06
A0006663,T00003541,new_device,21.65,closed,2025-04-20 04:59:14
A0006664,T00023627,cross_border,90.84,escalated,2025-05-15 04:28:04
A0006665,T00004094,cross_border,18.2,closed,2025-04-09 13:18:04
A0006666,T00000607,risky_category,64.1,review,2025-09-07 03:48:01
A0006667,T00004597,velocity,23.84,closed,2025-02-18 06:53:30
A0006668,T00002963,high_amount,72.21,review,2025-08-24 10:08:38
A0006669,T00005589,high_amount,31.91,closed,2025-06-16 08:01:40
A0006670,T00009738,high_amount,67.16,review,2025-06-17 12:33:59
A0006671,T00008817,new_device,70.29,review,2025-01-27 08:04:18
A0006672,T00008354,new_device,47.96,closed,2025-07-17 08:38:27
A0006673,T00006821,blacklist_match,30.52,closed,2025-05-31 01:04:18
A0006674,T00014697,velocity,26.18,closed,2025-02-13 14:28:25
A0006675,T00013691,velocity,36.25,closed,2025-02-22 04:03:24
A0006676,T00006984,velocity,15.29,closed,2025-12-30 09:57:36
A0006677,T00019431,cross_border,46.3,closed,2025-07-04 17:01:51
A0006678,T00000821,risky_category,3.07,closed,2025-09-22 02:05:17
A0006679,T00004723,blacklist_match,36.46,closed,2025-03-25 08:55:42
A0006680,T00003979,high_amount,45.61,closed,2025-04-11 04:34:47
A0006681,T00011164,high_amount,57.98,review,2025-12-04 12:49:16
A0006682,T00016971,new_device,49.36,closed,2025-01-24 14:27:30
A0006683,T00003456,velocity,87.9,escalated,2025-07-09 02:50:41
A0006684,T00008397,risky_category,78.75,escalated,2025-11-12 06:48:25
A0006685,T00002304,risky_category,63.75,review,2025-05-13 02:35:41
A0006686,T00010267,velocity,29.37,closed,2025-07-07 07:05:01
A0006687,T00007247,cross_border,84.64,escalated,2025-02-11 16:59:19
A0006688,T00020574,high_amount,35.76,closed,2025-08-11 02:32:37
A0006689,T00003888,cross_border,23.2,closed,2025-10-01 05:42:27
A0006690,T00007166,new_device,86.17,escalated,2025-08-29 12:31:25
A0006691,T00018747,high_amount,36.33,closed,2025-12-08 03:55:17
A0006692,T00000065,new_device,28.93,closed,2025-04-08 00:06:15
A0006693,T00009002,blacklist_match,60.48,review,2025-01-06 03:14:00
A0006694,T00006726,risky_category,34.59,closed,2025-08-16 05:20:45
A0006695,T00017226,cross_border,72.63,review,2025-06-15 23:37:02
A0006696,T00009484,new_device,80.41,escalated,2025-06-11 20:00:48
A0006697,T00002223,risky_category,23.5,closed,2025-12-23 03:01:32
A0006698,T00009653,new_device,44.41,closed,2025-05-15 11:33:34
A0006699,T00023908,cross_border,90.29,escalated,2025-05-08 01:15:40
A0006700,T00017018,cross_border,45.24,closed,2025-02-14 09:58:35
A0006701,T00003354,velocity,9.51,closed,2025-01-09 07:16:23
A0006702,T00004709,new_device,57.11,review,2025-11-03 20:23:05
A0006703,T00017138,velocity,64.96,review,2025-04-14 22:57:28
A0006704,T00001156,risky_category,82.15,escalated,2025-10-26 21:13:32
A0006705,T00021484,cross_border,75.66,escalated,2025-09-06 19:17:27
A0006706,T00002640,cross_border,43.16,closed,2025-09-14 22:45:44
A0006707,T00014610,cross_border,66.6,review,2025-03-28 18:18:49
A0006708,T00008264,blacklist_match,95.36,escalated,2025-12-22 00:05:45
A0006709,T00006639,velocity,68.37,review,2025-08-19 16:52:55
A0006710,T00013275,high_amount,75.82,escalated,2025-11-08 20:21:22
A0006711,T00012729,blacklist_match,39.26,closed,2025-12-08 19:13:44
A0006712,T00019717,velocity,50.19,review,2025-11-14 11:50:57
A0006713,T00013387,velocity,27.84,closed,2025-06-11 23:58:26
A0006714,T00023080,risky_category,37.45,closed,2025-06-16 09:46:59
A0006715,T00020363,risky_category,69.77,review,2025-09-16 03:01:54
A0006716,T00019665,new_device,61.2,review,2025-12-28 21:23:35
A0006717,T00012453,new_device,69.73,review,2025-12-29 18:36:35
A0006718,T00021912,velocity,63.53,review,2025-05-28 09:57:32
A0006719,T00017079,high_amount,74.8,review,2025-06-03 14:30:51
A0006720,T00006638,velocity,50.32,review,2025-05-26 05:41:59
A0006721,T00009118,new_device,17.59,closed,2025-01-25 07:06:41
A0006722,T00002152,velocity,43.96,closed,2025-09-18 16:01:26
A0006723,T00012614,new_device,50.38,review,2025-07-10 02:41:41
A0006724,T00001205,velocity,52.41,review,2025-12-29 20:49:14
A0006725,T00018019,high_amount,75.71,escalated,2025-10-29 02:46:32
A0006726,T00013946,blacklist_match,66.32,review,2025-12-13 06:56:08
A0006727,T00001961,high_amount,84.55,escalated,2025-11-11 23:58:59
A0006728,T00024996,new_device,45.84,closed,2025-02-25 02:26:09
A0006729,T00005586,risky_category,19.26,closed,2025-08-30 16:40:29
A0006730,T00019395,new_device,22.67,closed,2025-06-04 06:41:51
A0006731,T00006053,new_device,100.0,escalated,2025-01-29 10:54:46
A0006732,T00024213,cross_border,45.54,closed,2025-08-10 10:12:32
A0006733,T00018708,high_amount,49.67,closed,2025-01-20 08:37:20
A0006734,T00018292,risky_category,14.32,closed,2025-11-28 19:59:08
A0006735,T00009327,velocity,23.21,closed,2025-10-13 01:58:46
A0006736,T00004947,cross_border,73.45,review,2025-06-24 04:32:49
A0006737,T00001884,blacklist_match,66.63,review,2025-08-14 02:05:17
A0006738,T00021284,high_amount,49.28,closed,2025-03-20 09:36:15
A0006739,T00022519,new_device,41.37,closed,2025-12-21 17:21:51
A0006740,T00011233,cross_border,42.35,closed,2025-10-14 20:34:25
A0006741,T00023838,high_amount,17.99,closed,2025-07-07 20:39:50
A0006742,T00009382,risky_category,87.44,escalated,2025-05-03 21:40:12
A0006743,T00017521,high_amount,70.66,review,2025-03-02 09:45:09
A0006744,T00024088,high_amount,41.85,closed,2025-09-14 20:08:19
A0006745,T00009834,high_amount,63.08,review,2025-05-15 23:51:35
A0006746,T00022277,risky_category,54.97,review,2025-07-09 16:02:11
A0006747,T00003798,new_device,29.52,closed,2025-01-26 02:27:54
A0006748,T00024331,blacklist_match,62.96,review,2025-08-10 13:57:12
A0006749,T00012613,velocity,62.48,review,2025-06-21 15:18:13
A0006750,T00006387,risky_category,48.94,closed,2025-10-09 05:57:26
A0006751,T00019810,cross_border,24.53,closed,2025-02-14 09:00:21
A0006752,T00004696,new_device,92.73,escalated,2025-08-28 17:31:04
A0006753,T00020188,new_device,53.36,review,2025-08-25 02:38:24
A0006754,T00001108,new_device,19.1,closed,2025-08-09 08:08:48
A0006755,T00008589,new_device,49.75,closed,2025-03-21 14:41:44
A0006756,T00013385,new_device,41.6,closed,2025-07-18 23:20:04
A0006757,T00006621,risky_category,62.78,review,2025-01-28 15:57:16
A0006758,T00012862,high_amount,49.57,closed,2025-08-06 10:52:04
A0006759,T00014859,new_device,81.23,escalated,2025-08-06 18:10:28
A0006760,T00004553,blacklist_match,35.36,closed,2025-07-03 07:05:26
A0006761,T00007118,new_device,68.37,review,2025-02-09 01:01:17
A0006762,T00018753,cross_border,64.41,review,2025-06-16 04:19:36
A0006763,T00021114,high_amount,46.9,closed,2025-03-09 03:51:52
A0006764,T00022226,new_device,58.24,review,2025-10-20 20:37:44
A0006765,T00024495,velocity,56.5,review,2025-05-25 23:17:28
A0006766,T00004219,new_device,39.29,closed,2025-04-09 10:48:43
A0006767,T00018818,velocity,54.24,review,2025-09-07 15:58:59
A0006768,T00006301,high_amount,17.88,closed,2025-08-22 15:36:29
A0006769,T00006585,new_device,19.65,closed,2025-07-07 02:02:21
A0006770,T00010746,risky_category,60.64,review,2025-12-04 04:25:40
A0006771,T00000454,cross_border,8.4,closed,2025-03-31 12:34:47
A0006772,T00009021,high_amount,69.22,review,2025-04-23 23:57:45
A0006773,T00009003,risky_category,18.17,closed,2025-12-09 15:06:53
A0006774,T00021760,velocity,72.78,review,2025-01-11 10:55:00
A0006775,T00014826,risky_category,52.92,review,2025-05-04 08:35:58
A0006776,T00015268,high_amount,19.78,closed,2025-11-06 19:34:19
A0006777,T00008425,high_amount,69.42,review,2025-02-06 16:51:47
A0006778,T00016381,risky_category,66.27,review,2025-10-14 03:19:20
A0006779,T00002762,new_device,82.44,escalated,2025-11-10 08:58:54
A0006780,T00007492,cross_border,34.15,closed,2025-11-07 16:20:30
A0006781,T00016224,high_amount,33.97,closed,2025-06-05 15:23:04
A0006782,T00014064,cross_border,53.99,review,2025-06-23 11:13:41
A0006783,T00003917,high_amount,46.56,closed,2025-08-21 13:47:49
A0006784,T00016109,new_device,64.47,review,2025-01-06 12:57:07
A0006785,T00022236,blacklist_match,90.0,escalated,2025-03-27 09:30:14
A0006786,T00007030,high_amount,36.95,closed,2025-12-08 15:02:53
A0006787,T00013595,new_device,50.24,review,2025-09-30 19:04:32
A0006788,T00022294,high_amount,88.42,escalated,2025-11-18 07:25:41
A0006789,T00008195,cross_border,71.29,review,2025-01-19 01:10:14
A0006790,T00002019,new_device,46.99,closed,2025-10-19 21:54:06
A0006791,T00018409,velocity,19.77,closed,2025-09-02 12:22:23
A0006792,T00007290,velocity,28.86,closed,2025-12-28 17:09:44
A0006793,T00008844,high_amount,53.41,review,2025-07-30 17:44:47
A0006794,T00023439,velocity,34.64,closed,2025-10-09 11:18:03
A0006795,T00007715,cross_border,75.42,escalated,2025-03-22 07:09:34
A0006796,T00006168,high_amount,56.26,review,2025-10-19 22:51:55
A0006797,T00001777,velocity,15.33,closed,2025-02-10 18:25:24
A0006798,T00006282,risky_category,30.04,closed,2025-08-04 16:45:50
A0006799,T00005924,high_amount,71.31,review,2025-02-10 22:50:54
A0006800,T00021358,cross_border,48.19,closed,2025-03-13 00:33:00
A0006801,T00023820,risky_category,27.55,closed,2025-12-26 02:04:11
A0006802,T00021136,high_amount,79.52,escalated,2025-09-28 14:20:58
A0006803,T00021061,high_amount,61.8,review,2025-09-24 14:49:04
A0006804,T00003504,risky_category,59.63,review,2025-10-17 20:33:41
A0006805,T00000514,risky_category,74.61,review,2025-06-19 14:47:59
A0006806,T00008661,velocity,34.94,closed,2025-08-03 05:46:21
A0006807,T00004417,velocity,68.02,review,2025-03-07 20:58:58
A0006808,T00004534,blacklist_match,71.25,review,2025-07-22 22:31:50
A0006809,T00003500,cross_border,70.68,review,2025-09-19 18:19:14
A0006810,T00011438,risky_category,15.89,closed,2025-08-15 06:26:16
A0006811,T00000784,high_amount,77.49,escalated,2025-08-14 03:15:33
A0006812,T00003928,new_device,30.16,closed,2025-12-05 08:56:02
A0006813,T00000834,new_device,37.95,closed,2025-11-09 21:13:04
A0006814,T00004729,risky_category,72.46,review,2025-04-25 03:40:37
A0006815,T00009473,velocity,22.13,closed,2025-05-11 16:36:24
A0006816,T00023452,velocity,22.35,closed,2025-07-10 16:01:22
A0006817,T00006626,high_amount,18.21,closed,2025-10-29 10:26:13
A0006818,T00012137,cross_border,23.17,closed,2025-11-16 10:40:50
A0006819,T00011372,high_amount,6.98,closed,2025-08-10 21:32:43
A0006820,T00016066,velocity,51.42,review,2025-11-07 22:29:39
A0006821,T00019591,new_device,76.07,escalated,2025-07-26 05:35:10
A0006822,T00016844,velocity,14.3,closed,2025-11-27 17:33:55
A0006823,T00001472,risky_category,67.05,review,2025-12-12 06:15:55
A0006824,T00001103,cross_border,77.43,escalated,2025-04-07 11:55:31
A0006825,T00002471,velocity,87.76,escalated,2025-03-16 02:26:25
A0006826,T00022628,high_amount,87.26,escalated,2025-07-01 11:40:24
A0006827,T00012070,new_device,31.64,closed,2025-08-12 19:51:14
A0006828,T00004331,velocity,72.32,review,2025-11-20 20:28:09
A0006829,T00005620,risky_category,74.33,review,2025-04-25 13:21:27
A0006830,T00016796,cross_border,54.25,review,2025-08-19 10:04:26
A0006831,T00006829,new_device,66.15,review,2025-06-13 09:19:07
A0006832,T00024358,cross_border,42.45,closed,2025-10-02 07:50:58
A0006833,T00024426,new_device,54.81,review,2025-07-14 21:40:33
A0006834,T00007685,risky_category,75.45,escalated,2025-01-26 03:46:29
A0006835,T00013157,high_amount,19.69,closed,2025-11-28 09:12:11
A0006836,T00018504,velocity,79.27,escalated,2025-02-06 06:58:26
A0006837,T00001674,high_amount,58.52,review,2025-09-22 03:32:36
A0006838,T00005701,new_device,66.79,review,2025-07-22 18:28:25
A0006839,T00022096,cross_border,22.94,closed,2025-07-06 12:30:48
A0006840,T00010656,risky_category,68.52,review,2025-12-23 10:33:43
A0006841,T00021068,high_amount,76.24,escalated,2025-06-27 03:07:43
A0006842,T00005867,cross_border,15.78,closed,2025-02-05 11:51:48
A0006843,T00018482,cross_border,70.61,review,2025-10-08 16:24:52
A0006844,T00001091,high_amount,41.32,closed,2025-07-10 05:17:27
A0006845,T00014555,risky_category,63.68,review,2025-08-23 05:07:37
A0006846,T00004592,new_device,40.94,closed,2025-05-03 08:51:50
A0006847,T00015376,velocity,42.13,closed,2025-10-29 13:52:06
A0006848,T00008809,high_amount,34.55,closed,2025-12-30 04:08:09
A0006849,T00018148,cross_border,68.49,review,2025-10-24 07:26:01
A0006850,T00011703,high_amount,28.44,closed,2025-04-05 06:40:45
A0006851,T00015992,cross_border,66.83,review,2025-09-15 16:55:36
A0006852,T00000634,new_device,87.25,escalated,2025-06-26 00:53:09
A0006853,T00018090,high_amount,31.49,closed,2025-08-07 10:27:52
A0006854,T00022627,risky_category,71.02,review,2025-12-18 15:03:20
A0006855,T00003587,blacklist_match,18.81,closed,2025-07-08 15:15:11
A0006856,T00001807,blacklist_match,60.02,review,2025-02-03 19:21:42
A0006857,T00017693,risky_category,48.64,closed,2025-04-06 10:49:30
A0006858,T00010553,high_amount,30.17,closed,2025-10-06 17:34:47
A0006859,T00005858,cross_border,50.3,review,2025-02-26 03:19:12
A0006860,T00024991,new_device,36.74,closed,2025-03-09 08:48:33
A0006861,T00013105,blacklist_match,82.49,escalated,2025-11-17 15:13:10
A0006862,T00023206,new_device,49.86,closed,2025-06-16 20:22:46
A0006863,T00012284,velocity,60.0,review,2025-03-12 05:37:05
A0006864,T00016895,velocity,71.53,review,2025-07-30 09:32:08
A0006865,T00014643,risky_category,23.03,closed,2025-07-02 23:36:30
A0006866,T00016122,new_device,50.32,review,2025-03-14 19:35:48
A0006867,T00000860,high_amount,85.6,escalated,2025-07-18 20:56:59
A0006868,T00024162,new_device,33.76,closed,2025-08-14 13:31:42
A0006869,T00016499,risky_category,61.54,review,2025-10-27 00:41:30
A0006870,T00005043,velocity,49.92,closed,2025-05-02 15:28:39
A0006871,T00022132,high_amount,68.38,review,2025-07-28 11:26:23
A0006872,T00016160,risky_category,57.77,review,2025-11-21 14:21:20
A0006873,T00014919,risky_category,72.94,review,2025-07-25 15:00:09
A0006874,T00001700,risky_category,35.33,closed,2025-12-31 03:49:29
A0006875,T00009191,blacklist_match,88.83,escalated,2025-10-09 16:12:25
A0006876,T00013509,risky_category,31.46,closed,2025-02-09 07:45:29
A0006877,T00021537,high_amount,24.91,closed,2025-11-19 11:11:44
A0006878,T00010307,risky_category,68.82,review,2025-07-13 15:18:41
A0006879,T00015189,risky_category,51.08,review,2025-03-08 01:12:38
A0006880,T00006722,risky_category,52.7,review,2025-10-23 15:24:14
A0006881,T00019638,blacklist_match,32.09,closed,2025-07-04 08:26:36
A0006882,T00015689,new_device,45.68,closed,2025-01-03 05:31:36
A0006883,T00002735,cross_border,48.07,closed,2025-10-10 14:50:17
A0006884,T00015788,velocity,75.86,escalated,2025-11-01 23:17:32
A0006885,T00004557,new_device,67.53,review,2025-09-18 09:47:27
A0006886,T00011674,velocity,54.52,review,2025-11-23 03:04:22
A0006887,T00015447,new_device,59.9,review,2025-03-11 11:16:51
A0006888,T00024509,new_device,53.8,review,2025-10-22 00:51:52
A0006889,T00004278,risky_category,82.82,escalated,2025-05-19 08:14:31
A0006890,T00024796,velocity,55.67,review,2025-04-02 08:34:02
A0006891,T00014141,velocity,31.95,closed,2025-03-16 09:26:40
A0006892,T00007913,velocity,28.64,closed,2025-07-29 17:54:35
A0006893,T00020881,cross_border,88.01,escalated,2025-08-16 00:42:25
A0006894,T00002802,velocity,22.65,closed,2025-04-16 14:32:04
A0006895,T00022324,high_amount,64.19,review,2025-01-08 00:51:47
A0006896,T00012737,high_amount,100.0,escalated,2025-02-02 01:45:19
A0006897,T00008648,velocity,29.29,closed,2025-07-25 14:12:15
A0006898,T00016380,velocity,80.8,escalated,2025-03-05 23:09:45
A0006899,T00006421,blacklist_match,28.05,closed,2025-12-19 17:09:57
A0006900,T00011812,velocity,86.95,escalated,2025-06-07 11:59:19
A0006901,T00002615,high_amount,28.63,closed,2025-03-06 20:59:59
A0006902,T00004369,new_device,23.42,closed,2025-01-30 10:35:50
A0006903,T00015152,velocity,8.93,closed,2025-01-16 17:53:50
A0006904,T00022266,new_device,33.71,closed,2025-01-30 18:50:55
A0006905,T00008041,blacklist_match,41.12,closed,2025-05-25 08:37:29
A0006906,T00017384,new_device,34.64,closed,2025-06-07 05:36:08
A0006907,T00006080,risky_category,70.82,review,2025-07-01 11:13:58
A0006908,T00017736,cross_border,65.61,review,2025-09-16 03:59:52
A0006909,T00018658,velocity,1.74,closed,2025-07-14 08:50:26
A0006910,T00023359,blacklist_match,74.36,review,2025-09-16 12:12:16
A0006911,T00018628,high_amount,52.44,review,2025-10-07 11:19:45
A0006912,T00021785,risky_category,52.71,review,2025-01-14 09:24:20
A0006913,T00020628,blacklist_match,82.64,escalated,2025-04-04 22:59:15
A0006914,T00019370,cross_border,82.56,escalated,2025-01-20 07:05:30
A0006915,T00021700,risky_category,39.17,closed,2025-02-28 09:35:33
A0006916,T00022198,velocity,47.15,closed,2025-03-23 14:40:44
A0006917,T00014443,cross_border,29.1,closed,2025-11-07 02:41:15
A0006918,T00016180,velocity,35.41,closed,2025-02-22 02:15:00
A0006919,T00005297,high_amount,47.9,closed,2025-03-11 16:30:13
A0006920,T00020684,cross_border,18.42,closed,2025-02-05 10:51:09
A0006921,T00017162,risky_category,66.62,review,2025-12-10 01:23:13
A0006922,T00002828,velocity,33.23,closed,2025-11-15 05:07:00
A0006923,T00001837,cross_border,26.05,closed,2025-01-30 18:58:44
A0006924,T00000840,new_device,15.29,closed,2025-10-30 09:27:42
A0006925,T00008952,cross_border,27.43,closed,2025-11-07 11:31:23
A0006926,T00009337,new_device,28.83,closed,2025-01-07 20:11:56
A0006927,T00024943,cross_border,62.89,review,2025-03-21 23:48:31
A0006928,T00002552,risky_category,38.27,closed,2025-02-11 15:55:41
A0006929,T00023342,risky_category,57.88,review,2025-10-09 08:28:58
A0006930,T00013918,risky_category,45.56,closed,2025-08-07 20:06:35
A0006931,T00007072,cross_border,80.29,escalated,2025-07-22 04:20:06
A0006932,T00009806,new_device,69.37,review,2025-10-12 16:29:44
A0006933,T00007889,risky_category,80.46,escalated,2025-02-23 08:40:37
A0006934,T00003169,velocity,14.46,closed,2025-04-09 21:08:48
A0006935,T00018191,blacklist_match,59.78,review,2025-01-29 14:29:22
A0006936,T00015959,risky_category,71.29,review,2025-06-05 12:17:58
A0006937,T00016513,new_device,64.42,review,2025-04-01 08:24:19
A0006938,T00000124,new_device,54.26,review,2025-07-04 13:36:23
A0006939,T00001005,velocity,50.42,review,2025-10-16 07:50:24
A0006940,T00005593,risky_category,35.68,closed,2025-10-21 12:30:48
A0006941,T00012067,high_amount,19.74,closed,2025-07-13 16:58:00
A0006942,T00019554,blacklist_match,59.47,review,2025-12-05 22:56:24
A0006943,T00011882,velocity,64.12,review,2025-05-02 06:33:47
A0006944,T00008272,risky_category,76.52,escalated,2025-11-03 17:57:14
A0006945,T00002081,velocity,64.5,review,2025-01-12 01:13:57
A0006946,T00015211,high_amount,21.93,closed,2025-05-07 08:17:30
A0006947,T00010580,high_amount,68.49,review,2025-12-18 21:26:01
A0006948,T00008632,high_amount,39.34,closed,2025-01-28 13:59:28
A0006949,T00007367,high_amount,73.43,review,2025-04-02 12:13:49
A0006950,T00005734,cross_border,61.05,review,2025-05-13 11:45:50
A0006951,T00011201,high_amount,86.93,escalated,2025-05-04 03:49:44
A0006952,T00010198,velocity,55.21,review,2025-01-11 18:38:11
A0006953,T00015982,new_device,12.21,closed,2025-12-13 22:12:37
A0006954,T00017580,new_device,63.33,review,2025-08-04 02:59:55
A0006955,T00005960,risky_category,97.68,escalated,2025-12-10 06:53:15
A0006956,T00008768,high_amount,27.46,closed,2025-03-17 20:47:15
A0006957,T00016733,velocity,69.56,review,2025-12-29 17:13:54
A0006958,T00016675,new_device,34.6,closed,2025-09-18 23:46:10
A0006959,T00002054,new_device,56.66,review,2025-07-15 23:42:49
A0006960,T00006822,velocity,47.36,closed,2025-12-10 17:48:53
A0006961,T00021981,velocity,51.8,review,2025-10-02 12:46:17
A0006962,T00003797,blacklist_match,94.35,escalated,2025-04-06 12:42:15
A0006963,T00000823,high_amount,33.11,closed,2025-05-29 16:40:27
A0006964,T00003459,risky_category,10.82,closed,2025-07-18 21:49:17
A0006965,T00019530,risky_category,55.89,review,2025-08-28 01:55:40
A0006966,T00022986,new_device,74.37,review,2025-05-07 17:30:03
A0006967,T00019056,velocity,49.74,closed,2025-08-05 03:38:01
A0006968,T00020186,high_amount,59.43,review,2025-04-17 06:33:04
A0006969,T00015994,new_device,11.05,closed,2025-10-08 15:01:06
A0006970,T00021176,risky_category,69.04,review,2025-10-29 14:20:08
A0006971,T00017987,velocity,59.87,review,2025-10-06 07:50:46
A0006972,T00021379,blacklist_match,50.77,review,2025-01-28 11:05:15
A0006973,T00016824,risky_category,45.32,closed,2025-01-30 11:37:39
A0006974,T00023517,velocity,83.32,escalated,2025-06-16 00:51:40
A0006975,T00024869,risky_category,31.39,closed,2025-06-17 08:15:35
A0006976,T00006490,high_amount,71.56,review,2025-02-19 14:44:01
A0006977,T00007074,cross_border,45.61,closed,2025-12-27 00:38:14
A0006978,T00024502,new_device,37.95,closed,2025-06-07 22:28:17
A0006979,T00012573,velocity,73.44,review,2025-04-03 19:35:18
A0006980,T00020471,high_amount,45.29,closed,2025-03-21 02:49:39
A0006981,T00001562,risky_category,63.68,review,2025-06-24 04:52:12
A0006982,T00018485,cross_border,56.66,review,2025-05-21 14:52:01
A0006983,T00005244,risky_category,68.46,review,2025-09-30 23:37:41
A0006984,T00000288,risky_category,68.78,review,2025-05-07 13:14:03
A0006985,T00024701,velocity,67.48,review,2025-03-21 04:12:53
A0006986,T00006881,new_device,87.83,escalated,2025-03-19 11:03:17
A0006987,T00007743,new_device,8.64,closed,2025-04-28 03:06:25
A0006988,T00000858,high_amount,37.54,closed,2025-06-05 15:10:55
A0006989,T00000831,risky_category,41.89,closed,2025-05-02 12:25:47
A0006990,T00001630,cross_border,72.23,review,2025-04-16 00:49:30
A0006991,T00018198,velocity,31.92,closed,2025-10-30 20:12:57
A0006992,T00020231,new_device,69.68,review,2025-07-22 06:29:45
A0006993,T00017294,blacklist_match,59.48,review,2025-03-04 12:13:53
A0006994,T00018422,blacklist_match,55.95,review,2025-06-02 21:06:00
A0006995,T00005507,new_device,35.84,closed,2025-01-11 23:54:24
A0006996,T00007498,risky_category,76.34,escalated,2025-08-20 17:28:03
A0006997,T00018009,velocity,76.35,escalated,2025-09-20 14:37:58
A0006998,T00005414,risky_category,75.19,escalated,2025-07-18 03:24:00
A0006999,T00010387,new_device,58.27,review,2025-04-09 20:08:22
A0007000,T00001094,new_device,72.08,review,2025-10-18 15:18:43
